id,source_id,source_name,title,url,author,published_at,first_seen_at,last_checked_at,language,excerpt,word_count,geography,parties,persons,topics,relevance,stances,event_id,stance_analyzed_at
e365fa0720835129,agadirinfo,أكادير أنفو,انتخابات 2026 .. “الداخلية” تعلن رسميا فوز الأصالة والمعاصرة بالمرتبة الأولى - أكادير انفو - Agadir info,https://agadirinfo.ma/134726.html,اكادير انفو,2026-09-24,2026-09-24T04:57:13.447142+00:00,2026-09-24T04:57:13.447142+00:00,ar,البولتيك بالمغربانتخابات 2026 .. “الداخلية” تعلن رسميا فوز الأصالة والمعاصرة بالمرتبة الأولى تصدر حزب الأصالة والمعاصرة نتائج الانتخابات التشريعية التي جرت أمس الأربعاء 23 شتنبر,266,"{""region"": ""سوس ماسة"", ""primary_provinces"": [""أكادير إداوتنان""], ""primary_places"": [""أكادير""], ""secondary_provinces"": [], ""secondary_places"": []}","{""primary"": [{""id"": ""PAM"", ""name"": ""حزب الأصالة والمعاصرة""}, {""id"": ""RNI"", ""name"": ""التجمع الوطني للأحرار""}, {""id"": ""PI"", ""name"": ""حزب الاستقلال""}, {""id"": ""PJD"", ""name"": ""حزب العدالة والتنمية""}, {""id"": ""USFP"", ""name"": ""الاتحاد الاشتراكي للقوات الشعبية""}, {""id"": ""MP"", ""name"": ""الحركة الشعبية""}, {""id"": ""PPS"", ""name"": ""حزب التقدم والاشتراكية""}, {""id"": ""PND"", ""name"": ""حزب الديمقراطيين الجدد""}], ""secondary"": [{""id"": ""UC"", ""name"": ""الاتحاد الدستوري""}, {""id"": ""MDS"", ""name"": ""الحركة الديمقراطية الاجتماعية""}, {""id"": ""FFD"", ""name"": ""جبهة القوى الديمقراطية""}]}","{""primary"": [{""id"": ""person_027"", ""name"": ""عبد الوافي لفتيت"", ""tier"": ""priority""}], ""secondary"": []}","{""primary"": [{""id"": ""elections"", ""name"": ""الانتخابات والاقتراع"", ""hits"": [""انتخابات"", ""التصويت"", ""الاستحقاقات""]}, {""id"": ""results_polls"", ""name"": ""النتائج والاستطلاعات الانتخابية"", ""hits"": [""نتائج الانتخابات"", ""نسبة المشاركة"", ""المقاعد""]}], ""secondary"": [{""id"": ""alliances_conflicts"", ""name"": ""التحالفات والخلافات السياسية"", ""hits"": [""تحالف""]}]}","{""level"": ""strong"", ""geographic_score"": 4, ""political_score"": 7, ""decision_reason"": ""صلة جغرافية وسياسية قوية"", ""geographic_reasons"": [""إقليم رئيسي داخل سوس ماسة"", ""مدينة أو مكان رئيسي داخل سوس ماسة""], ""political_reasons"": [""أحزاب رئيسية: حزب الأصالة والمعاصرة, التجمع الوطني للأحرار, حزب الاستقلال, حزب العدالة والتنمية"", ""شخصيات رئيسية: عبد الوافي لفتيت"", ""مواضيع سياسية: الانتخابات والاقتراع, النتائج والاستطلاعات الانتخابية""], ""accepted"": true}","[{""target_id"": ""PAM"", ""target_type"": ""party"", ""target_name"": ""حزب الأصالة والمعاصرة"", ""label"": ""neutral"", ""label_ar"": ""محايد أو إخباري"", ""confidence"": ""medium"", ""positive_score"": 0, ""negative_score"": 0, ""mention_count"": 3, ""editorial_segment_count"": 2, ""reported_segment_count"": 1, ""evidence"": []}, {""target_id"": ""RNI"", ""target_type"": ""party"", ""target_name"": ""التجمع الوطني للأحرار"", ""label"": ""neutral"", ""label_ar"": ""محايد أو إخباري"", ""confidence"": ""medium"", ""positive_score"": 0, ""negative_score"": 0, ""mention_count"": 2, ""editorial_segment_count"": 1, ""reported_segment_count"": 1, ""evidence"": []}, {""target_id"": ""PI"", ""target_type"": ""party"", ""target_name"": ""حزب الاستقلال"", ""label"": ""neutral"", ""label_ar"": ""محايد أو إخباري"", ""confidence"": ""medium"", ""positive_score"": 0, ""negative_score"": 0, ""mention_count"": 2, ""editorial_segment_count"": 1, ""reported_segment_count"": 1, ""evidence"": []}, {""target_id"": ""PJD"", ""target_type"": ""party"", ""target_name"": ""حزب العدالة والتنمية"", ""label"": ""neutral"", ""label_ar"": ""محايد أو إخباري"", ""confidence"": ""medium"", ""positive_score"": 0, ""negative_score"": 0, ""mention_count"": 2, ""editorial_segment_count"": 1, ""reported_segment_count"": 1, ""evidence"": []}, {""target_id"": ""USFP"", ""target_type"": ""party"", ""target_name"": ""الاتحاد الاشتراكي للقوات الشعبية"", ""label"": ""neutral"", ""label_ar"": ""محايد أو إخباري"", ""confidence"": ""medium"", ""positive_score"": 0, ""negative_score"": 0, ""mention_count"": 2, ""editorial_segment_count"": 2, ""reported_segment_count"": 0, ""evidence"": []}, {""target_id"": ""MP"", ""target_type"": ""party"", ""target_name"": ""الحركة الشعبية"", ""label"": ""neutral"", ""label_ar"": ""محايد أو إخباري"", ""confidence"": ""medium"", ""positive_score"": 0, ""negative_score"": 0, ""mention_count"": 2, ""editorial_segment_count"": 2, ""reported_segment_count"": 0, ""evidence"": []}, {""target_id"": ""PPS"", ""target_type"": ""party"", ""target_name"": ""حزب التقدم والاشتراكية"", ""label"": ""neutral"", ""label_ar"": ""محايد أو إخباري"", ""confidence"": ""medium"", ""positive_score"": 0, ""negative_score"": 0, ""mention_count"": 2, ""editorial_segment_count"": 2, ""reported_segment_count"": 0, ""evidence"": []}, {""target_id"": ""PND"", ""target_type"": ""party"", ""target_name"": ""حزب الديمقراطيين الجدد"", ""label"": ""neutral"", ""label_ar"": ""محايد أو إخباري"", ""confidence"": ""low"", ""positive_score"": 0, ""negative_score"": 0, ""mention_count"": 1, ""editorial_segment_count"": 1, ""reported_segment_count"": 0, ""evidence"": []}, {""target_id"": ""UC"", ""target_type"": ""party"", ""target_name"": ""الاتحاد الدستوري"", ""label"": ""neutral"", ""label_ar"": ""محايد أو إخباري"", ""confidence"": ""medium"", ""positive_score"": 0, ""negative_score"": 0, ""mention_count"": 2, ""editorial_segment_count"": 2, ""reported_segment_count"": 0, ""evidence"": []}, {""target_id"": ""MDS"", ""target_type"": ""party"", ""target_name"": ""الحركة الديمقراطية الاجتماعية"", ""label"": ""neutral"", ""label_ar"": ""محايد أو إخباري"", ""confidence"": ""low"", ""positive_score"": 0, ""negative_score"": 0, ""mention_count"": 1, ""editorial_segment_count"": 1, ""reported_segment_count"": 0, ""evidence"": []}, {""target_id"": ""FFD"", ""target_type"": ""party"", ""target_name"": ""جبهة القوى الديمقراطية"", ""label"": ""neutral"", ""label_ar"": ""محايد أو إخباري"", ""confidence"": ""low"", ""positive_score"": 0, ""negative_score"": 0, ""mention_count"": 1, ""editorial_segment_count"": 1, ""reported_segment_count"": 0, ""evidence"": []}, {""target_id"": ""person_027"", ""target_type"": ""person"", ""target_name"": ""عبد الوافي لفتيت"", ""label"": ""neutral"", ""label_ar"": ""محايد أو إخباري"", ""confidence"": ""low"", ""positive_score"": 0, ""negative_score"": 0, ""mention_count"": 1, ""editorial_segment_count"": 0, ""reported_segment_count"": 1, ""evidence"": []}]",evt_e365fa072083,2026-09-24T04:57:13.447142+00:00
ef180b1902d8fc45,agadirinfo,أكادير أنفو,تشريعيات أكادير إداوتنان: نتائج مؤقتة وغير رسمية تضع “المصباح” في الصدارة - أكادير انفو - Agadir info,https://agadirinfo.ma/134724.html,اكادير انفو,2026-09-24,2026-09-24T04:57:13.447142+00:00,2026-09-24T04:57:13.447142+00:00,ar,أكادير والجهةتشريعيات أكادير إداوتنان: نتائج مؤقتة وغير رسمية تضع “المصباح” في الصدارة أظهرت معطيات مؤقتة وغير رسمية يتم تداولها بخصوص نتائج الانتخابات التشريعية بدائرة أكادير,124,"{""region"": ""سوس ماسة"", ""primary_provinces"": [""أكادير إداوتنان""], ""primary_places"": [""أكادير""], ""secondary_provinces"": [], ""secondary_places"": []}","{""primary"": [{""id"": ""PJD"", ""name"": ""حزب العدالة والتنمية""}, {""id"": ""USFP"", ""name"": ""الاتحاد الاشتراكي للقوات الشعبية""}, {""id"": ""RNI"", ""name"": ""التجمع الوطني للأحرار""}, {""id"": ""PAM"", ""name"": ""حزب الأصالة والمعاصرة""}, {""id"": ""PI"", ""name"": ""حزب الاستقلال""}], ""secondary"": []}","{""primary"": [], ""secondary"": []}","{""primary"": [{""id"": ""elections"", ""name"": ""الانتخابات والاقتراع"", ""hits"": [""تشريعيات""]}], ""secondary"": [{""id"": ""results_polls"", ""name"": ""النتائج والاستطلاعات الانتخابية"", ""hits"": [""نتائج الانتخابات""]}]}","{""level"": ""strong"", ""geographic_score"": 4, ""political_score"": 5, ""decision_reason"": ""صلة جغرافية وسياسية قوية"", ""geographic_reasons"": [""إقليم رئيسي داخل سوس ماسة"", ""مدينة أو مكان رئيسي داخل سوس ماسة""], ""political_reasons"": [""أحزاب رئيسية: حزب العدالة والتنمية, الاتحاد الاشتراكي للقوات الشعبية, التجمع الوطني للأحرار, حزب الأصالة والمعاصرة"", ""مواضيع سياسية: الانتخابات والاقتراع""], ""accepted"": true}","[{""target_id"": ""PJD"", ""target_type"": ""party"", ""target_name"": ""حزب العدالة والتنمية"", ""label"": ""neutral"", ""label_ar"": ""محايد أو إخباري"", ""confidence"": ""low"", ""positive_score"": 0, ""negative_score"": 0, ""mention_count"": 1, ""editorial_segment_count"": 0, ""reported_segment_count"": 1, ""evidence"": []}, {""target_id"": ""USFP"", ""target_type"": ""party"", ""target_name"": ""الاتحاد الاشتراكي للقوات الشعبية"", ""label"": ""neutral"", ""label_ar"": ""محايد أو إخباري"", ""confidence"": ""low"", ""positive_score"": 0, ""negative_score"": 0, ""mention_count"": 1, ""editorial_segment_count"": 1, ""reported_segment_count"": 0, ""evidence"": []}, {""target_id"": ""RNI"", ""target_type"": ""party"", ""target_name"": ""التجمع الوطني للأحرار"", ""label"": ""neutral"", ""label_ar"": ""محايد أو إخباري"", ""confidence"": ""low"", ""positive_score"": 0, ""negative_score"": 0, ""mention_count"": 1, ""editorial_segment_count"": 1, ""reported_segment_count"": 0, ""evidence"": []}, {""target_id"": ""PAM"", ""target_type"": ""party"", ""target_name"": ""حزب الأصالة والمعاصرة"", ""label"": ""neutral"", ""label_ar"": ""محايد أو إخباري"", ""confidence"": ""low"", ""positive_score"": 0, ""negative_score"": 0, ""mention_count"": 1, ""editorial_segment_count"": 1, ""reported_segment_count"": 0, ""evidence"": []}, {""target_id"": ""PI"", ""target_type"": ""party"", ""target_name"": ""حزب الاستقلال"", ""label"": ""neutral"", ""label_ar"": ""محايد أو إخباري"", ""confidence"": ""low"", ""positive_score"": 0, ""negative_score"": 0, ""mention_count"": 1, ""editorial_segment_count"": 1, ""reported_segment_count"": 0, ""evidence"": []}]",evt_ef180b1902d8,2026-09-24T04:57:13.447142+00:00
1a5fbf087066e2ca,agadir24,أكادير24,بالأرقام.. الوالي أمزازي يكشف عن نتائج الانتخابات البرلمانية بدائرة أكادير إداوتنان وحصيلة المقاعد الأربعة | agadir24.info,https://agadir24.info/%D8%A8%D8%A7%D9%84%D8%A3%D8%B1%D9%82%D8%A7%D9%85-%D8%A7%D9%84%D9%88%D8%A7%D9%84%D9%8A-%D8%A3%D9%85%D8%B2%D8%A7%D8%B2%D9%8A-%D9%8A%D9%83%D8%B4%D9%81-%D8%B9%D9%86-%D9%86%D8%AA%D8%A7%D8%A6%D8%AC-%D8%A7.html,أكادير,2026-09-24,2026-09-24T11:51:55.150309+00:00,2026-09-24T11:51:55.150309+00:00,ar,كشف والي جهة سوس ماسة، سعيد أمزازي، عن النتائج النهائية والكاملة للاقتراع البرلماني على مستوى الدائرة الانتخابية “أكادير – إداوتنان”، وذلك عقب انتهاء عمليات الفرز,250,"{""region"": ""سوس ماسة"", ""primary_provinces"": [""أكادير إداوتنان""], ""primary_places"": [""أكادير""], ""secondary_provinces"": [""اشتوكة أيت باها""], ""secondary_places"": [""ماسة""]}","{""primary"": [{""id"": ""USFP"", ""name"": ""الاتحاد الاشتراكي للقوات الشعبية""}, {""id"": ""RNI"", ""name"": ""التجمع الوطني للأحرار""}, {""id"": ""PAM"", ""name"": ""حزب الأصالة والمعاصرة""}, {""id"": ""PPS"", ""name"": ""حزب التقدم والاشتراكية""}, {""id"": ""PJD"", ""name"": ""حزب العدالة والتنمية""}, {""id"": ""MDS"", ""name"": ""الحركة الديمقراطية الاجتماعية""}, {""id"": ""MP"", ""name"": ""الحركة الشعبية""}, {""id"": ""PI"", ""name"": ""حزب الاستقلال""}], ""secondary"": []}","{""primary"": [{""id"": ""person_017"", ""name"": ""سعيد أمزازي"", ""tier"": ""priority""}], ""secondary"": []}","{""primary"": [{""id"": ""results_polls"", ""name"": ""النتائج والاستطلاعات الانتخابية"", ""hits"": [""نتائج الانتخابات"", ""المقاعد"", ""عدد الأصوات"", ""نسبة المشاركة""]}, {""id"": ""elections"", ""name"": ""الانتخابات والاقتراع"", ""hits"": [""اقتراع"", ""التصويت"", ""اللوائح الانتخابية"", ""انتخابية""]}], ""secondary"": [{""id"": ""candidacy_nomination"", ""name"": ""الترشح والتزكية"", ""hits"": [""الترشح"", ""مرشحا""]}, {""id"": ""alliances_conflicts"", ""name"": ""التحالفات والخلافات السياسية"", ""hits"": [""تحالف""]}]}","{""level"": ""strong"", ""geographic_score"": 4, ""political_score"": 7, ""decision_reason"": ""صلة جغرافية وسياسية قوية"", ""geographic_reasons"": [""إقليم رئيسي داخل سوس ماسة"", ""مدينة أو مكان رئيسي داخل سوس ماسة""], ""political_reasons"": [""أحزاب رئيسية: الاتحاد الاشتراكي للقوات الشعبية, التجمع الوطني للأحرار, حزب الأصالة والمعاصرة, حزب التقدم والاشتراكية"", ""شخصيات رئيسية: سعيد أمزازي"", ""مواضيع سياسية: النتائج والاستطلاعات الانتخابية, الانتخابات والاقتراع""], ""accepted"": true}","[{""target_id"": ""USFP"", ""target_type"": ""party"", ""target_name"": ""الاتحاد الاشتراكي للقوات الشعبية"", ""label"": ""neutral"", ""label_ar"": ""محايد أو إخباري"", ""confidence"": ""low"", ""positive_score"": 0, ""negative_score"": 0, ""mention_count"": 1, ""editorial_segment_count"": 1, ""reported_segment_count"": 0, ""evidence"": []}, {""target_id"": ""RNI"", ""target_type"": ""party"", ""target_name"": ""التجمع الوطني للأحرار"", ""label"": ""neutral"", ""label_ar"": ""محايد أو إخباري"", ""confidence"": ""low"", ""positive_score"": 0, ""negative_score"": 0, ""mention_count"": 1, ""editorial_segment_count"": 1, ""reported_segment_count"": 0, ""evidence"": []}, {""target_id"": ""PAM"", ""target_type"": ""party"", ""target_name"": ""حزب الأصالة والمعاصرة"", ""label"": ""neutral"", ""label_ar"": ""محايد أو إخباري"", ""confidence"": ""low"", ""positive_score"": 0, ""negative_score"": 0, ""mention_count"": 1, ""editorial_segment_count"": 1, ""reported_segment_count"": 0, ""evidence"": []}, {""target_id"": ""PPS"", ""target_type"": ""party"", ""target_name"": ""حزب التقدم والاشتراكية"", ""label"": ""neutral"", ""label_ar"": ""محايد أو إخباري"", ""confidence"": ""low"", ""positive_score"": 0, ""negative_score"": 0, ""mention_count"": 1, ""editorial_segment_count"": 1, ""reported_segment_count"": 0, ""evidence"": []}, {""target_id"": ""PJD"", ""target_type"": ""party"", ""target_name"": ""حزب العدالة والتنمية"", ""label"": ""neutral"", ""label_ar"": ""محايد أو إخباري"", ""confidence"": ""medium"", ""positive_score"": 0, ""negative_score"": 0, ""mention_count"": 2, ""editorial_segment_count"": 2, ""reported_segment_count"": 0, ""evidence"": []}, {""target_id"": ""MDS"", ""target_type"": ""party"", ""target_name"": ""الحركة الديمقراطية الاجتماعية"", ""label"": ""neutral"", ""label_ar"": ""محايد أو إخباري"", ""confidence"": ""low"", ""positive_score"": 0, ""negative_score"": 0, ""mention_count"": 1, ""editorial_segment_count"": 1, ""reported_segment_count"": 0, ""evidence"": []}, {""target_id"": ""MP"", ""target_type"": ""party"", ""target_name"": ""الحركة الشعبية"", ""label"": ""neutral"", ""label_ar"": ""محايد أو إخباري"", ""confidence"": ""low"", ""positive_score"": 0, ""negative_score"": 0, ""mention_count"": 1, ""editorial_segment_count"": 1, ""reported_segment_count"": 0, ""evidence"": []}, {""target_id"": ""PI"", ""target_type"": ""party"", ""target_name"": ""حزب الاستقلال"", ""label"": ""neutral"", ""label_ar"": ""محايد أو إخباري"", ""confidence"": ""low"", ""positive_score"": 0, ""negative_score"": 0, ""mention_count"": 1, ""editorial_segment_count"": 1, ""reported_segment_count"": 0, ""evidence"": []}, {""target_id"": ""person_017"", ""target_type"": ""person"", ""target_name"": ""سعيد أمزازي"", ""label"": ""neutral"", ""label_ar"": ""محايد أو إخباري"", ""confidence"": ""medium"", ""positive_score"": 0, ""negative_score"": 0, ""mention_count"": 2, ""editorial_segment_count"": 1, ""reported_segment_count"": 1, ""evidence"": []}]",evt_1a5fbf087066,2026-09-24T11:51:55.150309+00:00
1f333501b63ab51d,chtoukapress,اشتوكة بريس,تشريعيات أكادير إداوتنان.. العدالة والتنمية يتصدر والأحرار و البام في التوالي,https://www.chtoukapress.com/307056.html,Chtouka,2026-09-24,2026-09-24T11:51:55.150309+00:00,2026-09-24T11:51:55.150309+00:00,ar,أظهرت النتائج النهائية في أكادير إداوتنان تصدر حزب العدالة والتنمية بحصوله على 15.197 صوتاً، بنسبة 24 في المائة من الأصوات الصحيحة، يليه التجمع الوطني للأحرار,198,"{""region"": ""سوس ماسة"", ""primary_provinces"": [""أكادير إداوتنان""], ""primary_places"": [""أكادير""], ""secondary_provinces"": [], ""secondary_places"": []}","{""primary"": [{""id"": ""PAM"", ""name"": ""حزب الأصالة والمعاصرة""}, {""id"": ""RNI"", ""name"": ""التجمع الوطني للأحرار""}, {""id"": ""PJD"", ""name"": ""حزب العدالة والتنمية""}, {""id"": ""USFP"", ""name"": ""الاتحاد الاشتراكي للقوات الشعبية""}, {""id"": ""PI"", ""name"": ""حزب الاستقلال""}, {""id"": ""PPS"", ""name"": ""حزب التقدم والاشتراكية""}, {""id"": ""MDS"", ""name"": ""الحركة الديمقراطية الاجتماعية""}], ""secondary"": []}","{""primary"": [], ""secondary"": []}","{""primary"": [{""id"": ""elections"", ""name"": ""الانتخابات والاقتراع"", ""hits"": [""تشريعيات"", ""انتخابية"", ""اقتراع"", ""التصويت"", ""اللوائح الانتخابية""]}], ""secondary"": [{""id"": ""alliances_conflicts"", ""name"": ""التحالفات والخلافات السياسية"", ""hits"": [""تحالف""]}, {""id"": ""results_polls"", ""name"": ""النتائج والاستطلاعات الانتخابية"", ""hits"": [""عدد الأصوات"", ""نسبة المشاركة""]}, {""id"": ""candidacy_nomination"", ""name"": ""الترشح والتزكية"", ""hits"": [""مرشحا""]}]}","{""level"": ""strong"", ""geographic_score"": 4, ""political_score"": 5, ""decision_reason"": ""صلة جغرافية وسياسية قوية"", ""geographic_reasons"": [""إقليم رئيسي داخل سوس ماسة"", ""مدينة أو مكان رئيسي داخل سوس ماسة""], ""political_reasons"": [""أحزاب رئيسية: حزب الأصالة والمعاصرة, التجمع الوطني للأحرار, حزب العدالة والتنمية, الاتحاد الاشتراكي للقوات الشعبية"", ""مواضيع سياسية: الانتخابات والاقتراع""], ""accepted"": true}","[{""target_id"": ""PAM"", ""target_type"": ""party"", ""target_name"": ""حزب الأصالة والمعاصرة"", ""label"": ""neutral"", ""label_ar"": ""محايد أو إخباري"", ""confidence"": ""medium"", ""positive_score"": 0, ""negative_score"": 0, ""mention_count"": 2, ""editorial_segment_count"": 2, ""reported_segment_count"": 0, ""evidence"": []}, {""target_id"": ""RNI"", ""target_type"": ""party"", ""target_name"": ""التجمع الوطني للأحرار"", ""label"": ""neutral"", ""label_ar"": ""محايد أو إخباري"", ""confidence"": ""medium"", ""positive_score"": 0, ""negative_score"": 0, ""mention_count"": 2, ""editorial_segment_count"": 2, ""reported_segment_count"": 0, ""evidence"": []}, {""target_id"": ""PJD"", ""target_type"": ""party"", ""target_name"": ""حزب العدالة والتنمية"", ""label"": ""neutral"", ""label_ar"": ""محايد أو إخباري"", ""confidence"": ""medium"", ""positive_score"": 0, ""negative_score"": 0, ""mention_count"": 2, ""editorial_segment_count"": 2, ""reported_segment_count"": 0, ""evidence"": []}, {""target_id"": ""USFP"", ""target_type"": ""party"", ""target_name"": ""الاتحاد الاشتراكي للقوات الشعبية"", ""label"": ""neutral"", ""label_ar"": ""محايد أو إخباري"", ""confidence"": ""low"", ""positive_score"": 0, ""negative_score"": 0, ""mention_count"": 1, ""editorial_segment_count"": 1, ""reported_segment_count"": 0, ""evidence"": []}, {""target_id"": ""PI"", ""target_type"": ""party"", ""target_name"": ""حزب الاستقلال"", ""label"": ""neutral"", ""label_ar"": ""محايد أو إخباري"", ""confidence"": ""low"", ""positive_score"": 0, ""negative_score"": 0, ""mention_count"": 1, ""editorial_segment_count"": 1, ""reported_segment_count"": 0, ""evidence"": []}, {""target_id"": ""PPS"", ""target_type"": ""party"", ""target_name"": ""حزب التقدم والاشتراكية"", ""label"": ""neutral"", ""label_ar"": ""محايد أو إخباري"", ""confidence"": ""low"", ""positive_score"": 0, ""negative_score"": 0, ""mention_count"": 1, ""editorial_segment_count"": 1, ""reported_segment_count"": 0, ""evidence"": []}, {""target_id"": ""MDS"", ""target_type"": ""party"", ""target_name"": ""الحركة الديمقراطية الاجتماعية"", ""label"": ""neutral"", ""label_ar"": ""محايد أو إخباري"", ""confidence"": ""low"", ""positive_score"": 0, ""negative_score"": 0, ""mention_count"": 1, ""editorial_segment_count"": 1, ""reported_segment_count"": 0, ""evidence"": []}]",evt_1f333501b63a,2026-09-24T11:51:55.150309+00:00
2dce113e894c2002,chtoukapress,اشتوكة بريس,اشتوكة أيت باها: صناديق الاقتراع تكشف أصحاب المقاعد الثلاثة وهذه هي النتائج..,https://www.chtoukapress.com/307039.html,Chtouka Press,2026-09-24,2026-09-24T11:51:55.150309+00:00,2026-09-24T11:51:55.150309+00:00,ar,أعلن عامل إقليم اشتوكة أيت باها، محمد سالم الصبتي، النتائج الانتخابات التشريعية بالدائرة المحلية، والتي أفرزت تقدماً لحزب الأصالة والمعاصرة، متبوعاً بحزب الاستقلال، ثم حزب,136,"{""region"": ""سوس ماسة"", ""primary_provinces"": [""اشتوكة أيت باها""], ""primary_places"": [""أيت باها""], ""secondary_provinces"": [], ""secondary_places"": []}","{""primary"": [{""id"": ""RNI"", ""name"": ""التجمع الوطني للأحرار""}, {""id"": ""PAM"", ""name"": ""حزب الأصالة والمعاصرة""}, {""id"": ""PI"", ""name"": ""حزب الاستقلال""}], ""secondary"": []}","{""primary"": [{""id"": ""person_061"", ""name"": ""إسماعيل كرام"", ""tier"": ""secondary""}], ""secondary"": []}","{""primary"": [{""id"": ""elections"", ""name"": ""الانتخابات والاقتراع"", ""hits"": [""صناديق الاقتراع""]}, {""id"": ""results_polls"", ""name"": ""النتائج والاستطلاعات الانتخابية"", ""hits"": [""المقاعد""]}], ""secondary"": []}","{""level"": ""strong"", ""geographic_score"": 4, ""political_score"": 7, ""decision_reason"": ""صلة جغرافية وسياسية قوية"", ""geographic_reasons"": [""إقليم رئيسي داخل سوس ماسة"", ""مدينة أو مكان رئيسي داخل سوس ماسة""], ""political_reasons"": [""أحزاب رئيسية: التجمع الوطني للأحرار, حزب الأصالة والمعاصرة, حزب الاستقلال"", ""شخصيات رئيسية: إسماعيل كرام"", ""مواضيع سياسية: الانتخابات والاقتراع, النتائج والاستطلاعات الانتخابية""], ""accepted"": true}","[{""target_id"": ""RNI"", ""target_type"": ""party"", ""target_name"": ""التجمع الوطني للأحرار"", ""label"": ""neutral"", ""label_ar"": ""محايد أو إخباري"", ""confidence"": ""medium"", ""positive_score"": 0, ""negative_score"": 0, ""mention_count"": 3, ""editorial_segment_count"": 2, ""reported_segment_count"": 1, ""evidence"": []}, {""target_id"": ""PAM"", ""target_type"": ""party"", ""target_name"": ""حزب الأصالة والمعاصرة"", ""label"": ""neutral"", ""label_ar"": ""محايد أو إخباري"", ""confidence"": ""medium"", ""positive_score"": 0, ""negative_score"": 0, ""mention_count"": 3, ""editorial_segment_count"": 1, ""reported_segment_count"": 2, ""evidence"": []}, {""target_id"": ""PI"", ""target_type"": ""party"", ""target_name"": ""حزب الاستقلال"", ""label"": ""neutral"", ""label_ar"": ""محايد أو إخباري"", ""confidence"": ""medium"", ""positive_score"": 0, ""negative_score"": 0, ""mention_count"": 3, ""editorial_segment_count"": 2, ""reported_segment_count"": 1, ""evidence"": []}, {""target_id"": ""person_061"", ""target_type"": ""person"", ""target_name"": ""إسماعيل كرام"", ""label"": ""neutral"", ""label_ar"": ""محايد أو إخباري"", ""confidence"": ""low"", ""positive_score"": 0, ""negative_score"": 0, ""mention_count"": 1, ""editorial_segment_count"": 1, ""reported_segment_count"": 0, ""evidence"": []}]",evt_2dce113e894c,2026-09-24T11:51:55.150309+00:00
5f0ec5a36b856f20,chtoukapress,اشتوكة بريس,نتائج إنزكان آيت ملول..المقاعد الثلاثة تذهب إلى «المصباح» و«الجرار» و«الميزان»,https://www.chtoukapress.com/307054.html,Chtouka,2026-09-24,2026-09-24T11:51:55.150309+00:00,2026-09-24T11:51:55.150309+00:00,ar,أسفرت النتائج الأولية للانتخابات التشريعية بدائرة إنزكان آيت ملول عن فوز أحمد إدراق، وكيل لائحة حزب العدالة والتنمية، بالمقعد البرلماني الأول، بعد تصدره نتائج الاقتراع,178,"{""region"": ""سوس ماسة"", ""primary_provinces"": [""إنزكان أيت ملول""], ""primary_places"": [""أيت ملول"", ""إنزكان""], ""secondary_provinces"": [], ""secondary_places"": []}","{""primary"": [{""id"": ""PAM"", ""name"": ""حزب الأصالة والمعاصرة""}, {""id"": ""PI"", ""name"": ""حزب الاستقلال""}, {""id"": ""PJD"", ""name"": ""حزب العدالة والتنمية""}], ""secondary"": []}","{""primary"": [{""id"": ""person_051"", ""name"": ""خالد الشناق"", ""tier"": ""secondary""}, {""id"": ""person_052"", ""name"": ""عمر أمين"", ""tier"": ""secondary""}], ""secondary"": []}","{""primary"": [{""id"": ""results_polls"", ""name"": ""النتائج والاستطلاعات الانتخابية"", ""hits"": [""المقاعد"", ""عدد الأصوات""]}], ""secondary"": [{""id"": ""elections"", ""name"": ""الانتخابات والاقتراع"", ""hits"": [""انتخابات""]}]}","{""level"": ""strong"", ""geographic_score"": 4, ""political_score"": 5, ""decision_reason"": ""صلة جغرافية وسياسية قوية"", ""geographic_reasons"": [""إقليم رئيسي داخل سوس ماسة"", ""مدينة أو مكان رئيسي داخل سوس ماسة""], ""political_reasons"": [""أحزاب رئيسية: حزب الأصالة والمعاصرة, حزب الاستقلال, حزب العدالة والتنمية"", ""شخصيات رئيسية: خالد الشناق, عمر أمين"", ""مواضيع سياسية: النتائج والاستطلاعات الانتخابية""], ""accepted"": true}","[{""target_id"": ""PAM"", ""target_type"": ""party"", ""target_name"": ""حزب الأصالة والمعاصرة"", ""label"": ""neutral"", ""label_ar"": ""محايد أو إخباري"", ""confidence"": ""medium"", ""positive_score"": 0, ""negative_score"": 0, ""mention_count"": 2, ""editorial_segment_count"": 1, ""reported_segment_count"": 1, ""evidence"": []}, {""target_id"": ""PI"", ""target_type"": ""party"", ""target_name"": ""حزب الاستقلال"", ""label"": ""neutral"", ""label_ar"": ""محايد أو إخباري"", ""confidence"": ""low"", ""positive_score"": 0, ""negative_score"": 0, ""mention_count"": 1, ""editorial_segment_count"": 1, ""reported_segment_count"": 0, ""evidence"": []}, {""target_id"": ""PJD"", ""target_type"": ""party"", ""target_name"": ""حزب العدالة والتنمية"", ""label"": ""neutral"", ""label_ar"": ""محايد أو إخباري"", ""confidence"": ""medium"", ""positive_score"": 0, ""negative_score"": 0, ""mention_count"": 2, ""editorial_segment_count"": 1, ""reported_segment_count"": 1, ""evidence"": []}, {""target_id"": ""person_051"", ""target_type"": ""person"", ""target_name"": ""خالد الشناق"", ""label"": ""neutral"", ""label_ar"": ""محايد أو إخباري"", ""confidence"": ""medium"", ""positive_score"": 0, ""negative_score"": 0, ""mention_count"": 2, ""editorial_segment_count"": 1, ""reported_segment_count"": 1, ""evidence"": []}, {""target_id"": ""person_052"", ""target_type"": ""person"", ""target_name"": ""عمر أمين"", ""label"": ""neutral"", ""label_ar"": ""محايد أو إخباري"", ""confidence"": ""low"", ""positive_score"": 0, ""negative_score"": 0, ""mention_count"": 1, ""editorial_segment_count"": 1, ""reported_segment_count"": 0, ""evidence"": []}]",evt_5f0ec5a36b85,2026-09-24T11:51:55.150309+00:00
abf1f5df77115d98,agadirinfo,أكادير أنفو,بمدينة أكادير وباقي المدن المغربية … انطلاق عملية التصويت لانتخاب أعضاء مجلس النواب بمكاتب التصويت وسط أجواء منظمة - أكادير انفو - Agadir info,https://agadirinfo.ma/134666.html,اكادير انفو,2026-09-23,2026-09-23T11:43:25.392215+00:00,2026-09-23T11:43:25.392215+00:00,ar,أكادير والجهةبمدينة أكادير وباقي المدن المغربية … انطلاق عملية التصويت لانتخاب أعضاء مجلس النواب بمكاتب التصويت وسط أجواء منظمة انطلقت قبل قليل من صباح اليوم,246,"{""region"": ""سوس ماسة"", ""primary_provinces"": [""أكادير إداوتنان""], ""primary_places"": [""أكادير""], ""secondary_provinces"": [], ""secondary_places"": []}","{""primary"": [], ""secondary"": []}","{""primary"": [], ""secondary"": []}","{""primary"": [{""id"": ""elections"", ""name"": ""الانتخابات والاقتراع"", ""hits"": [""التصويت"", ""اقتراع"", ""اللوائح الانتخابية"", ""الاستحقاقات"", ""استحقاقات""]}], ""secondary"": [{""id"": ""results_polls"", ""name"": ""النتائج والاستطلاعات الانتخابية"", ""hits"": [""نسبة المشاركة""]}]}","{""level"": ""medium"", ""geographic_score"": 4, ""political_score"": 3, ""decision_reason"": ""صلة جغرافية وسياسية مقبولة"", ""geographic_reasons"": [""إقليم رئيسي داخل سوس ماسة"", ""مدينة أو مكان رئيسي داخل سوس ماسة""], ""political_reasons"": [""مواضيع سياسية: الانتخابات والاقتراع""], ""accepted"": true}",[],evt_abf1f5df7711,2026-09-23T11:43:25.392215+00:00
6a4c33c3fb37b1c0,agadir24,أكادير24,وكيل لائحة المصباح يطالب بالتدخل الفوري لضمان تسليم محاضر التصويت | agadir24.info,https://agadir24.info/%D9%88%D9%83%D9%8A%D9%84-%D9%84%D8%A7%D8%A6%D8%AD%D8%A9-%D8%A7%D9%84%D9%85%D8%B5%D8%A8%D8%A7%D8%AD-%D9%8A%D8%B7%D8%A7%D9%84%D8%A8-%D8%A8%D8%A7%D9%84%D8%AA%D8%AF%D8%AE%D9%84-%D8%A7%D9%84%D9%81%D9%88.html,أكادير,2026-09-23,2026-09-23T17:07:12.570004+00:00,2026-09-23T17:07:12.570004+00:00,ar,وجه محمد باكيري، وكيل لائحة المصباح بالدائرة الانتخابية المحلية أكادير إداوتنان، مراسلة مستعجلة إلى السيد والي جهة سوس ماسة وعامل عمالة أكادير إداوتنان بصفته رئيساً,167,"{""region"": ""سوس ماسة"", ""primary_provinces"": [""أكادير إداوتنان""], ""primary_places"": [""أكادير""], ""secondary_provinces"": [""اشتوكة أيت باها""], ""secondary_places"": [""ماسة""]}","{""primary"": [], ""secondary"": []}","{""primary"": [{""id"": ""person_103"", ""name"": ""محمد باكيري"", ""tier"": ""manual_unverified""}], ""secondary"": []}","{""primary"": [{""id"": ""elections"", ""name"": ""الانتخابات والاقتراع"", ""hits"": [""التصويت"", ""انتخابات""]}], ""secondary"": [{""id"": ""candidacy_nomination"", ""name"": ""الترشح والتزكية"", ""hits"": [""مترشح""]}]}","{""level"": ""strong"", ""geographic_score"": 4, ""political_score"": 4, ""decision_reason"": ""صلة جغرافية وسياسية قوية"", ""geographic_reasons"": [""إقليم رئيسي داخل سوس ماسة"", ""مدينة أو مكان رئيسي داخل سوس ماسة""], ""political_reasons"": [""شخصيات رئيسية: محمد باكيري"", ""مواضيع سياسية: الانتخابات والاقتراع""], ""accepted"": true}","[{""target_id"": ""person_103"", ""target_type"": ""person"", ""target_name"": ""محمد باكيري"", ""label"": ""neutral"", ""label_ar"": ""محايد أو إخباري"", ""confidence"": ""low"", ""positive_score"": 0, ""negative_score"": 0, ""mention_count"": 1, ""editorial_segment_count"": 1, ""reported_segment_count"": 0, ""evidence"": []}]",evt_6a4c33c3fb37,2026-09-23T17:07:12.570004+00:00
74d9fb36e2312594,agadirinfo,أكادير أنفو,توقيف شخص تم ضبطه بساحة مدرسة بطنجة يتواجد بها مكتب للتصويت متحوزا لحقيبة بها أوراق انتخابية - أكادير انفو - Agadir info,https://agadirinfo.ma/134690.html,اكادير انفو,2026-09-23,2026-09-23T17:07:12.570004+00:00,2026-09-23T17:07:12.570004+00:00,ar,خبار بلاديتوقيف شخص تم ضبطه بساحة مدرسة بطنجة يتواجد بها مكتب للتصويت متحوزا لحقيبة بها أوراق انتخابية أعلن وكيل الملك بالمحكمة الابتدائية بطنجة في بلاغ,113,"{""region"": ""سوس ماسة"", ""primary_provinces"": [""أكادير إداوتنان""], ""primary_places"": [""أكادير""], ""secondary_provinces"": [], ""secondary_places"": []}","{""primary"": [], ""secondary"": []}","{""primary"": [], ""secondary"": []}","{""primary"": [{""id"": ""elections"", ""name"": ""الانتخابات والاقتراع"", ""hits"": [""انتخابية""]}], ""secondary"": [{""id"": ""political_statements"", ""name"": ""التصريحات والمواقف السياسية"", ""hits"": [""بلاغ""]}]}","{""level"": ""medium"", ""geographic_score"": 4, ""political_score"": 3, ""decision_reason"": ""صلة جغرافية وسياسية مقبولة"", ""geographic_reasons"": [""إقليم رئيسي داخل سوس ماسة"", ""مدينة أو مكان رئيسي داخل سوس ماسة""], ""political_reasons"": [""مواضيع سياسية: الانتخابات والاقتراع""], ""accepted"": true}",[],evt_74d9fb36e231,2026-09-23T17:07:12.570004+00:00
43d0ab4043eba989,al3omk,العمق المغربي,المشاركة الانتخابية ترتفع بسوس ماسة إلى 21.34%.. وأكادير إداوتنان تسجل 14.57%,https://al3omk.com/1190195.html,حفيظ مركوك,2026-09-23,2026-09-23T17:07:12.570004+00:00,2026-09-23T17:07:12.570004+00:00,ar,ارتفعت نسبة المشاركة في الانتخابات التشريعية بجهة سوس ماسة إلى 21.34 في المائة، فيما بلغت 14.57 في المائة بعمالة أكادير إداوتنان، وذلك إلى حدود الساعة,172,"{""region"": ""سوس ماسة"", ""primary_provinces"": [""أكادير إداوتنان""], ""primary_places"": [""أكادير""], ""secondary_provinces"": [""اشتوكة أيت باها""], ""secondary_places"": [""ماسة""]}","{""primary"": [], ""secondary"": []}","{""primary"": [], ""secondary"": []}","{""primary"": [{""id"": ""elections"", ""name"": ""الانتخابات والاقتراع"", ""hits"": [""التصويت"", ""صناديق الاقتراع"", ""اللوائح الانتخابية"", ""انتخابية""]}, {""id"": ""results_polls"", ""name"": ""النتائج والاستطلاعات الانتخابية"", ""hits"": [""نسبة المشاركة""]}], ""secondary"": []}","{""level"": ""strong"", ""geographic_score"": 4, ""political_score"": 4, ""decision_reason"": ""صلة جغرافية وسياسية قوية"", ""geographic_reasons"": [""إقليم رئيسي داخل سوس ماسة"", ""مدينة أو مكان رئيسي داخل سوس ماسة""], ""political_reasons"": [""مواضيع سياسية: الانتخابات والاقتراع, النتائج والاستطلاعات الانتخابية""], ""accepted"": true}",[],evt_43d0ab4043eb,2026-09-23T17:07:12.570004+00:00
f57e417fde82ccc2,le360,Le360,إقبال واسع على مكاتب التصويت في الانتخابات التشريعية بأكادير,https://ar.le360.ma/politique/SDUZIPEUE5GAVKOMRCGOJENTZA,امحند أوبركة,2026-09-23,2026-09-23T17:07:12.570004+00:00,2026-09-23T17:07:12.570004+00:00,ar,وتوافد العشرات من المواطنين، منذ الساعات الأولى من الصباح، على مكاتب التصويت الخاصة بالانتخابات التشريعية بمدينة أكادير، في ظروف استحسنها الجميع ووسط حضور ميداني لمختلف,199,"{""region"": ""سوس ماسة"", ""primary_provinces"": [""أكادير إداوتنان""], ""primary_places"": [""أكادير""], ""secondary_provinces"": [], ""secondary_places"": []}","{""primary"": [], ""secondary"": []}","{""primary"": [], ""secondary"": []}","{""primary"": [{""id"": ""elections"", ""name"": ""الانتخابات والاقتراع"", ""hits"": [""التصويت"", ""انتخابات"", ""اللوائح الانتخابية"", ""الاستحقاقات""]}], ""secondary"": [{""id"": ""political_statements"", ""name"": ""التصريحات والمواقف السياسية"", ""hits"": [""أكد""]}]}","{""level"": ""medium"", ""geographic_score"": 4, ""political_score"": 3, ""decision_reason"": ""صلة جغرافية وسياسية مقبولة"", ""geographic_reasons"": [""إقليم رئيسي داخل سوس ماسة"", ""مدينة أو مكان رئيسي داخل سوس ماسة""], ""political_reasons"": [""مواضيع سياسية: الانتخابات والاقتراع""], ""accepted"": true}",[],evt_f57e417fde82,2026-09-23T17:07:12.570004+00:00
7a18179152a4177e,le360,Le360,مباشر: تابع أحدث مستجدات الانتخابات التشريعية 2026,https://ar.le360.ma/politique/ZR6U72YJ6VBK5N6OCDLPND6BPM,هيئة التحرير,2026-09-23,2026-09-23T17:07:12.570004+00:00,2026-09-23T17:07:12.570004+00:00,ar,. 16:47 - أجواء الانتخابات في الدار البيضاء من داخل مراكز التصويت انطلقت، صباح اليوم، عملية التصويت برسم الانتخابات التشريعية العامة لانتخاب أعضاء مجلس النواب.,2105,"{""region"": ""سوس ماسة"", ""primary_provinces"": [""أكادير إداوتنان""], ""primary_places"": [""أكادير""], ""secondary_provinces"": [""اشتوكة أيت باها""], ""secondary_places"": [""ماسة""]}","{""primary"": [{""id"": ""PAM"", ""name"": ""حزب الأصالة والمعاصرة""}], ""secondary"": []}","{""primary"": [{""id"": ""person_031"", ""name"": ""فوزي لقجع"", ""tier"": ""priority""}], ""secondary"": [{""id"": ""person_023"", ""name"": ""فاطمة الزهراء المنصوري"", ""tier"": ""priority""}]}","{""primary"": [{""id"": ""elections"", ""name"": ""الانتخابات والاقتراع"", ""hits"": [""التصويت"", ""انتخابات"", ""انتخابية"", ""اقتراع"", ""صناديق الاقتراع""]}], ""secondary"": [{""id"": ""electoral_campaign"", ""name"": ""الحملة الانتخابية"", ""hits"": [""الحملة الانتخابية"", ""حملة انتخابية""]}, {""id"": ""political_statements"", ""name"": ""التصريحات والمواقف السياسية"", ""hits"": [""أكد"", ""بلاغ""]}, {""id"": ""results_polls"", ""name"": ""النتائج والاستطلاعات الانتخابية"", ""hits"": [""نسبة المشاركة""]}, {""id"": ""government_politics"", ""name"": ""السياسات والحصيلة الحكومية"", ""hits"": [""الأغلبية الحكومية""]}]}","{""level"": ""strong"", ""geographic_score"": 4, ""political_score"": 6, ""decision_reason"": ""صلة جغرافية وسياسية قوية"", ""geographic_reasons"": [""إقليم رئيسي داخل سوس ماسة"", ""مدينة أو مكان رئيسي داخل سوس ماسة""], ""political_reasons"": [""أحزاب رئيسية: حزب الأصالة والمعاصرة"", ""شخصيات رئيسية: فوزي لقجع"", ""مواضيع سياسية: الانتخابات والاقتراع""], ""accepted"": true}","[{""target_id"": ""PAM"", ""target_type"": ""party"", ""target_name"": ""حزب الأصالة والمعاصرة"", ""label"": ""neutral"", ""label_ar"": ""محايد أو إخباري"", ""confidence"": ""medium"", ""positive_score"": 0, ""negative_score"": 0, ""mention_count"": 2, ""editorial_segment_count"": 1, ""reported_segment_count"": 1, ""evidence"": []}, {""target_id"": ""person_031"", ""target_type"": ""person"", ""target_name"": ""فوزي لقجع"", ""label"": ""neutral"", ""label_ar"": ""محايد أو إخباري"", ""confidence"": ""low"", ""positive_score"": 0, ""negative_score"": 0, ""mention_count"": 1, ""editorial_segment_count"": 1, ""reported_segment_count"": 0, ""evidence"": []}, {""target_id"": ""person_023"", ""target_type"": ""person"", ""target_name"": ""فاطمة الزهراء المنصوري"", ""label"": ""neutral"", ""label_ar"": ""محايد أو إخباري"", ""confidence"": ""low"", ""positive_score"": 0, ""negative_score"": 0, ""mention_count"": 1, ""editorial_segment_count"": 0, ""reported_segment_count"": 1, ""evidence"": []}]",evt_7a18179152a4,2026-09-23T17:07:12.570004+00:00
1a57ef7c2a460375,le360,Le360,Agadir: l’ambiance électorale comme si vous y étiez,https://fr.le360.ma/politique/agadir-lambiance-electorale-comme-si-vous-y-etiez_IVF5PRWB2ZD6PO55H4OQWYYA4A,M'hand Oubarka,2026-09-23,2026-09-23T17:07:12.570004+00:00,2026-09-23T17:07:12.570004+00:00,fr,"Le taux de participation aux élections législatives s’élevait à environ 12,49% dans la région Souss-Massa et à 8,32% dans la préfecture d’Agadir Ida-Outanane à la",357,"{""region"": ""سوس ماسة"", ""primary_provinces"": [""أكادير إداوتنان""], ""primary_places"": [""أكادير""], ""secondary_provinces"": [""اشتوكة أيت باها""], ""secondary_places"": [""ماسة""]}","{""primary"": [], ""secondary"": []}","{""primary"": [], ""secondary"": []}","{""primary"": [{""id"": ""elections"", ""name"": ""الانتخابات والاقتراع"", ""hits"": [""électorale"", ""élections"", ""scrutin"", ""vote"", ""législatives""]}, {""id"": ""results_polls"", ""name"": ""النتائج والاستطلاعات الانتخابية"", ""hits"": [""taux de participation"", ""sièges""]}], ""secondary"": [{""id"": ""candidacy_nomination"", ""name"": ""الترشح والتزكية"", ""hits"": [""candidats""]}, {""id"": ""political_statements"", ""name"": ""التصريحات والمواقف السياسية"", ""hits"": [""affirme""]}]}","{""level"": ""strong"", ""geographic_score"": 4, ""political_score"": 4, ""decision_reason"": ""صلة جغرافية وسياسية قوية"", ""geographic_reasons"": [""إقليم رئيسي داخل سوس ماسة"", ""مدينة أو مكان رئيسي داخل سوس ماسة""], ""political_reasons"": [""مواضيع سياسية: الانتخابات والاقتراع, النتائج والاستطلاعات الانتخابية""], ""accepted"": true}",[],evt_1a57ef7c2a46,2026-09-23T17:07:12.570004+00:00
cc6f130f3c86271e,agadirinfo,أكادير أنفو,إغلاق مكاتب التصويت في مختلف جهات المملكة عند الساعة السابعة مساء - أكادير انفو - Agadir info,https://agadirinfo.ma/134706.html,اكادير انفو,2026-09-23,2026-09-23T21:32:43.910929+00:00,2026-09-23T21:32:43.910929+00:00,ar,خبار بلاديإغلاق مكاتب التصويت في مختلف جهات المملكة عند الساعة السابعة مساء أُغلقت، في تمام الساعة السابعة مساء اليوم الأربعاء، مكاتب التصويت بمختلف جهات المملكة،,110,"{""region"": ""سوس ماسة"", ""primary_provinces"": [""أكادير إداوتنان""], ""primary_places"": [""أكادير""], ""secondary_provinces"": [], ""secondary_places"": []}","{""primary"": [], ""secondary"": []}","{""primary"": [], ""secondary"": []}","{""primary"": [{""id"": ""elections"", ""name"": ""الانتخابات والاقتراع"", ""hits"": [""التصويت"", ""صناديق الاقتراع""]}], ""secondary"": [{""id"": ""results_polls"", ""name"": ""النتائج والاستطلاعات الانتخابية"", ""hits"": [""النتائج الانتخابية"", ""المقاعد""]}]}","{""level"": ""medium"", ""geographic_score"": 4, ""political_score"": 3, ""decision_reason"": ""صلة جغرافية وسياسية مقبولة"", ""geographic_reasons"": [""إقليم رئيسي داخل سوس ماسة"", ""مدينة أو مكان رئيسي داخل سوس ماسة""], ""political_reasons"": [""مواضيع سياسية: الانتخابات والاقتراع""], ""accepted"": true}",[],evt_cc6f130f3c86,2026-09-23T21:32:43.910929+00:00
ed1a91da0bb6be83,agadir24,أكادير24,العدالة والتنمية يتصدر النتائج المؤقتة بدائرة إنزكان أيت ملول | agadir24.info,https://agadir24.info/%D8%A7%D9%84%D8%B9%D8%AF%D8%A7%D9%84%D8%A9-%D9%88%D8%A7%D9%84%D8%AA%D9%86%D9%85%D9%8A%D8%A9-%D9%8A%D8%AA%D8%B5%D8%AF%D8%B1-%D8%A7%D9%84%D9%86%D8%AA%D8%A7%D8%A6%D8%AC-%D8%A7%D9%84%D9%85%D8%A4%D9%82.html,أكادير,2026-09-23,2026-09-23T21:32:43.910929+00:00,2026-09-23T21:32:43.910929+00:00,ar,أظهرت النتائج الأولية والمؤقتة الصادرة عن عملية فرز بعض الأصوات بدائرة إنزكان أيت ملول، تصدر حزب العدالة والتنمية (PJD) لنتائج الاقتراع، متفوقاً بفارق ملموس على,123,"{""region"": ""سوس ماسة"", ""primary_provinces"": [""إنزكان أيت ملول""], ""primary_places"": [""أيت ملول"", ""إنزكان""], ""secondary_provinces"": [], ""secondary_places"": [""القليعة""]}","{""primary"": [{""id"": ""PJD"", ""name"": ""حزب العدالة والتنمية""}, {""id"": ""PAM"", ""name"": ""حزب الأصالة والمعاصرة""}, {""id"": ""PI"", ""name"": ""حزب الاستقلال""}, {""id"": ""RNI"", ""name"": ""التجمع الوطني للأحرار""}], ""secondary"": []}","{""primary"": [], ""secondary"": []}","{""primary"": [], ""secondary"": []}","{""level"": ""medium"", ""geographic_score"": 4, ""political_score"": 2, ""decision_reason"": ""صلة جغرافية وسياسية مقبولة"", ""geographic_reasons"": [""إقليم رئيسي داخل سوس ماسة"", ""مدينة أو مكان رئيسي داخل سوس ماسة""], ""political_reasons"": [""أحزاب رئيسية: حزب العدالة والتنمية, حزب الأصالة والمعاصرة, حزب الاستقلال, التجمع الوطني للأحرار""], ""accepted"": true}","[{""target_id"": ""PJD"", ""target_type"": ""party"", ""target_name"": ""حزب العدالة والتنمية"", ""label"": ""neutral"", ""label_ar"": ""محايد أو إخباري"", ""confidence"": ""medium"", ""positive_score"": 0, ""negative_score"": 0, ""mention_count"": 3, ""editorial_segment_count"": 3, ""reported_segment_count"": 0, ""evidence"": []}, {""target_id"": ""PAM"", ""target_type"": ""party"", ""target_name"": ""حزب الأصالة والمعاصرة"", ""label"": ""neutral"", ""label_ar"": ""محايد أو إخباري"", ""confidence"": ""low"", ""positive_score"": 0, ""negative_score"": 0, ""mention_count"": 1, ""editorial_segment_count"": 1, ""reported_segment_count"": 0, ""evidence"": []}, {""target_id"": ""PI"", ""target_type"": ""party"", ""target_name"": ""حزب الاستقلال"", ""label"": ""neutral"", ""label_ar"": ""محايد أو إخباري"", ""confidence"": ""low"", ""positive_score"": 0, ""negative_score"": 0, ""mention_count"": 1, ""editorial_segment_count"": 1, ""reported_segment_count"": 0, ""evidence"": []}, {""target_id"": ""RNI"", ""target_type"": ""party"", ""target_name"": ""التجمع الوطني للأحرار"", ""label"": ""neutral"", ""label_ar"": ""محايد أو إخباري"", ""confidence"": ""low"", ""positive_score"": 0, ""negative_score"": 0, ""mention_count"": 1, ""editorial_segment_count"": 1, ""reported_segment_count"": 0, ""evidence"": []}]",evt_ed1a91da0bb6,2026-09-23T21:32:43.910929+00:00
1ab511626b2ddc52,agadir24,أكادير24,"انتخابات أكادير إداوتنان 2026: ""الجرار"" يقود النتائج الأولية وصراع محتدم بين 5 أحزاب، مع الأفضلية للعدالة و الأحرار | agadir24.info",https://agadir24.info/%D8%A7%D9%86%D8%AA%D8%AE%D8%A7%D8%A8%D8%A7%D8%AA-%D8%A3%D9%83%D8%A7%D8%AF%D9%8A%D8%B1-%D8%A5%D8%AF%D8%A7%D9%88%D8%AA%D9%86%D8%A7%D9%86-2026-%D8%A7%D9%84%D8%AC%D8%B1%D8%A7%D8%B1-%D9%8A%D9%82%D9%88.html,أكادير,2026-09-23,2026-09-23T21:32:43.910929+00:00,2026-09-23T21:32:43.910929+00:00,ar,أفادت المعطيات الأولية الخاصة بالانتخابات التشريعية على مستوى دائرة أكادير إداوتنان، التي جرت أطوارها اليوم الأربعاء 23 سبتمبر 2026، بتقدم مؤقت لحزب الأصالة والمعاصرة (البام),129,"{""region"": ""سوس ماسة"", ""primary_provinces"": [""أكادير إداوتنان""], ""primary_places"": [""أكادير""], ""secondary_provinces"": [], ""secondary_places"": []}","{""primary"": [{""id"": ""PAM"", ""name"": ""حزب الأصالة والمعاصرة""}, {""id"": ""RNI"", ""name"": ""التجمع الوطني للأحرار""}, {""id"": ""PJD"", ""name"": ""حزب العدالة والتنمية""}, {""id"": ""USFP"", ""name"": ""الاتحاد الاشتراكي للقوات الشعبية""}, {""id"": ""PI"", ""name"": ""حزب الاستقلال""}, {""id"": ""PPS"", ""name"": ""حزب التقدم والاشتراكية""}], ""secondary"": []}","{""primary"": [], ""secondary"": []}","{""primary"": [{""id"": ""elections"", ""name"": ""الانتخابات والاقتراع"", ""hits"": [""انتخابات"", ""التصويت""]}, {""id"": ""alliances_conflicts"", ""name"": ""التحالفات والخلافات السياسية"", ""hits"": [""صراع""]}], ""secondary"": [{""id"": ""results_polls"", ""name"": ""النتائج والاستطلاعات الانتخابية"", ""hits"": [""المقاعد""]}]}","{""level"": ""strong"", ""geographic_score"": 4, ""political_score"": 6, ""decision_reason"": ""صلة جغرافية وسياسية قوية"", ""geographic_reasons"": [""إقليم رئيسي داخل سوس ماسة"", ""مدينة أو مكان رئيسي داخل سوس ماسة""], ""political_reasons"": [""أحزاب رئيسية: حزب الأصالة والمعاصرة, التجمع الوطني للأحرار, حزب العدالة والتنمية, الاتحاد الاشتراكي للقوات الشعبية"", ""مواضيع سياسية: الانتخابات والاقتراع, التحالفات والخلافات السياسية""], ""accepted"": true}","[{""target_id"": ""PAM"", ""target_type"": ""party"", ""target_name"": ""حزب الأصالة والمعاصرة"", ""label"": ""neutral"", ""label_ar"": ""محايد أو إخباري"", ""confidence"": ""low"", ""positive_score"": 0, ""negative_score"": 0, ""mention_count"": 1, ""editorial_segment_count"": 1, ""reported_segment_count"": 0, ""evidence"": []}, {""target_id"": ""RNI"", ""target_type"": ""party"", ""target_name"": ""التجمع الوطني للأحرار"", ""label"": ""neutral"", ""label_ar"": ""محايد أو إخباري"", ""confidence"": ""medium"", ""positive_score"": 0, ""negative_score"": 0, ""mention_count"": 2, ""editorial_segment_count"": 1, ""reported_segment_count"": 1, ""evidence"": []}, {""target_id"": ""PJD"", ""target_type"": ""party"", ""target_name"": ""حزب العدالة والتنمية"", ""label"": ""neutral"", ""label_ar"": ""محايد أو إخباري"", ""confidence"": ""low"", ""positive_score"": 0, ""negative_score"": 0, ""mention_count"": 1, ""editorial_segment_count"": 0, ""reported_segment_count"": 1, ""evidence"": []}, {""target_id"": ""USFP"", ""target_type"": ""party"", ""target_name"": ""الاتحاد الاشتراكي للقوات الشعبية"", ""label"": ""neutral"", ""label_ar"": ""محايد أو إخباري"", ""confidence"": ""low"", ""positive_score"": 0, ""negative_score"": 0, ""mention_count"": 1, ""editorial_segment_count"": 0, ""reported_segment_count"": 1, ""evidence"": []}, {""target_id"": ""PI"", ""target_type"": ""party"", ""target_name"": ""حزب الاستقلال"", ""label"": ""neutral"", ""label_ar"": ""محايد أو إخباري"", ""confidence"": ""low"", ""positive_score"": 0, ""negative_score"": 0, ""mention_count"": 1, ""editorial_segment_count"": 0, ""reported_segment_count"": 1, ""evidence"": []}, {""target_id"": ""PPS"", ""target_type"": ""party"", ""target_name"": ""حزب التقدم والاشتراكية"", ""label"": ""neutral"", ""label_ar"": ""محايد أو إخباري"", ""confidence"": ""low"", ""positive_score"": 0, ""negative_score"": 0, ""mention_count"": 1, ""editorial_segment_count"": 0, ""reported_segment_count"": 1, ""evidence"": []}]",evt_1ab511626b2d,2026-09-23T21:32:43.910929+00:00
201347f08fb5bb51,agadir24,أكادير24,انتخابات سوس ماسة: طاطا تقود نسب المشاركة وتباين ملحوظ بين الأقاليم... التفاصيل | agadir24.info,https://agadir24.info/%D8%A7%D9%86%D8%AA%D8%AE%D8%A7%D8%A8%D8%A7%D8%AA-%D8%B3%D9%88%D8%B3-%D9%85%D8%A7%D8%B3%D8%A9-%D8%B7%D8%A7%D8%B7%D8%A7-%D8%AA%D9%82%D9%88%D8%AF-%D9%86%D8%B3%D8%A8-%D8%A7%D9%84%D9%85%D8%B4%D8%A7%D8%B1.html,أكادير,2026-09-23,2026-09-23T21:32:43.910929+00:00,2026-09-23T21:32:43.910929+00:00,ar,سجلت جهة سوس ماسة نسبة مشاركة إجمالية بلغت 26.98% في الانتخابات التشريعية، وفقاً للمعطيات المسجلة إلى حدود الساعة الخامسة من مساء اليوم الأربعاء. وشهدت العملية,91,"{""region"": ""سوس ماسة"", ""primary_provinces"": [""طاطا""], ""primary_places"": [""طاطا""], ""secondary_provinces"": [""أكادير إداوتنان"", ""إنزكان أيت ملول"", ""اشتوكة أيت باها"", ""تارودانت""], ""secondary_places"": [""ماسة"", ""أكادير"", ""أيت باها"", ""أيت ملول"", ""إنزكان""]}","{""primary"": [], ""secondary"": []}","{""primary"": [], ""secondary"": []}","{""primary"": [{""id"": ""elections"", ""name"": ""الانتخابات والاقتراع"", ""hits"": [""انتخابات"", ""التصويت""]}], ""secondary"": [{""id"": ""results_polls"", ""name"": ""النتائج والاستطلاعات الانتخابية"", ""hits"": [""نسبة التصويت""]}]}","{""level"": ""medium"", ""geographic_score"": 4, ""political_score"": 3, ""decision_reason"": ""صلة جغرافية وسياسية مقبولة"", ""geographic_reasons"": [""إقليم رئيسي داخل سوس ماسة"", ""مدينة أو مكان رئيسي داخل سوس ماسة""], ""political_reasons"": [""مواضيع سياسية: الانتخابات والاقتراع""], ""accepted"": true}",[],evt_201347f08fb5,2026-09-23T21:32:43.910929+00:00
f254fe5aee15e41a,hespress,هسبريس,"حامي الدين: ""البيجيدي"" يتصدر دوائر",https://www.hespress.com/%D8%AD%D8%A7%D9%85%D9%8A-%D8%A7%D9%84%D8%AF%D9%8A%D9%86-%D8%A7%D9%84%D8%A8%D9%8A%D8%AC%D9%8A%D8%AF%D9%8A-%D9%8A%D8%AA%D8%B5%D8%AF%D8%B1-%D8%AF%D9%88%D8%A7%D8%A6%D8%B1-1812349.html,هسبريس,2026-09-23,2026-09-23T21:32:43.910929+00:00,2026-09-23T21:32:43.910929+00:00,ar,أفاد قيادي في حزب العدالة والتنمية بأن الفرز الأولي للأصوات المعبّر عنها والمحاضر التي يتوصل بها الحزب، تفيد حتى الآن، بتصدره نتائج الاستحقاق الانتخابي على,114,"{""region"": ""سوس ماسة"", ""primary_provinces"": [""تارودانت""], ""primary_places"": [""تارودانت""], ""secondary_provinces"": [""أكادير إداوتنان"", ""إنزكان أيت ملول""], ""secondary_places"": [""أكادير"", ""إنزكان""]}","{""primary"": [{""id"": ""PJD"", ""name"": ""حزب العدالة والتنمية""}], ""secondary"": []}","{""primary"": [], ""secondary"": []}","{""primary"": [], ""secondary"": [{""id"": ""elections"", ""name"": ""الانتخابات والاقتراع"", ""hits"": [""انتخابية""]}, {""id"": ""candidacy_nomination"", ""name"": ""الترشح والتزكية"", ""hits"": [""دائرة انتخابية""]}]}","{""level"": ""medium"", ""geographic_score"": 4, ""political_score"": 2, ""decision_reason"": ""صلة جغرافية وسياسية مقبولة"", ""geographic_reasons"": [""إقليم رئيسي داخل سوس ماسة"", ""مدينة أو مكان رئيسي داخل سوس ماسة""], ""political_reasons"": [""أحزاب رئيسية: حزب العدالة والتنمية""], ""accepted"": true}","[{""target_id"": ""PJD"", ""target_type"": ""party"", ""target_name"": ""حزب العدالة والتنمية"", ""label"": ""neutral"", ""label_ar"": ""محايد أو إخباري"", ""confidence"": ""medium"", ""positive_score"": 0, ""negative_score"": 0, ""mention_count"": 3, ""editorial_segment_count"": 1, ""reported_segment_count"": 2, ""evidence"": []}]",evt_f254fe5aee15,2026-09-23T21:32:43.910929+00:00
87b6d6925a24833c,hespress,هسبريس,استنفار وسط الاستقلاليين بدائرة طاطا,https://www.hespress.com/%D8%A7%D8%B3%D8%AA%D9%86%D9%81%D8%A7%D8%B1-%D9%88%D8%B3%D8%B7-%D8%A7%D9%84%D8%A7%D8%B3%D8%AA%D9%82%D9%84%D8%A7%D9%84%D9%8A%D9%8A%D9%86-%D8%A8%D8%AF%D8%A7%D8%A6%D8%B1%D8%A9-%D8%B7%D8%A7%D8%B7%D8%A7-1812328.html,هسبريس من الرباط,2026-09-23,2026-09-23T21:32:43.910929+00:00,2026-09-23T21:32:43.910929+00:00,ar,دعت المفتشية الإقليمية لحزب الاستقلال في طاطا عموم المنتمين للحزب إلى “مواكبة عملية التصويت”، اليوم الأربعاء، بعدد من الجماعات التابعة للإقليم، وذلك بالتزامن مع إجراء,135,"{""region"": ""سوس ماسة"", ""primary_provinces"": [""طاطا""], ""primary_places"": [""طاطا""], ""secondary_provinces"": [], ""secondary_places"": [""فم زكيد""]}","{""primary"": [{""id"": ""PI"", ""name"": ""حزب الاستقلال""}], ""secondary"": []}","{""primary"": [], ""secondary"": []}","{""primary"": [], ""secondary"": [{""id"": ""elections"", ""name"": ""الانتخابات والاقتراع"", ""hits"": [""التصويت""]}, {""id"": ""political_statements"", ""name"": ""التصريحات والمواقف السياسية"", ""hits"": [""بلاغ""]}]}","{""level"": ""medium"", ""geographic_score"": 4, ""political_score"": 2, ""decision_reason"": ""صلة جغرافية وسياسية مقبولة"", ""geographic_reasons"": [""إقليم رئيسي داخل سوس ماسة"", ""مدينة أو مكان رئيسي داخل سوس ماسة""], ""political_reasons"": [""أحزاب رئيسية: حزب الاستقلال""], ""accepted"": true}","[{""target_id"": ""PI"", ""target_type"": ""party"", ""target_name"": ""حزب الاستقلال"", ""label"": ""neutral"", ""label_ar"": ""محايد أو إخباري"", ""confidence"": ""medium"", ""positive_score"": 0, ""negative_score"": 0, ""mention_count"": 2, ""editorial_segment_count"": 0, ""reported_segment_count"": 2, ""evidence"": []}]",evt_87b6d6925a24,2026-09-23T21:32:43.910929+00:00
2919acb1d08b2959,al3omk,العمق المغربي,نسبة المشاركة بسوس ماسة تقترب من %27.. طاطا في الصدارة وأكادير وإنزكان في ذيل الترتيب,https://al3omk.com/1190302.html,حفيظ مركوك,2026-09-23,2026-09-23T21:32:43.910929+00:00,2026-09-23T21:32:43.910929+00:00,ar,نسبة المشاركة بسوس ماسة تقترب من %27.. طاطا في الصدارة وأكادير وإنزكان في ذيل الترتيب بلغت نسبة المشاركة في الانتخابات التشريعية بجهة سوس ماسة مع,222,"{""region"": ""سوس ماسة"", ""primary_provinces"": [""طاطا""], ""primary_places"": [""طاطا""], ""secondary_provinces"": [""اشتوكة أيت باها"", ""تزنيت"", ""إنزكان أيت ملول"", ""تارودانت""], ""secondary_places"": [""أكادير"", ""إنزكان"", ""ماسة"", ""أيت باها"", ""تارودانت""]}","{""primary"": [], ""secondary"": []}","{""primary"": [], ""secondary"": []}","{""primary"": [{""id"": ""results_polls"", ""name"": ""النتائج والاستطلاعات الانتخابية"", ""hits"": [""نسبة المشاركة"", ""المقاعد""]}], ""secondary"": [{""id"": ""elections"", ""name"": ""الانتخابات والاقتراع"", ""hits"": [""انتخابية"", ""التصويت""]}]}","{""level"": ""medium"", ""geographic_score"": 4, ""political_score"": 2, ""decision_reason"": ""صلة جغرافية وسياسية مقبولة"", ""geographic_reasons"": [""إقليم رئيسي داخل سوس ماسة"", ""مدينة أو مكان رئيسي داخل سوس ماسة""], ""political_reasons"": [""مواضيع سياسية: النتائج والاستطلاعات الانتخابية""], ""accepted"": true}",[],evt_2919acb1d08b,2026-09-23T21:32:43.910929+00:00
701e1c7c1a1dd802,chtoukapress,اشتوكة بريس,نسبة المشاركة في انتخاب اعضاء مجلس النواب في اشتوكة ايت باها,https://www.chtoukapress.com/307027.html,Chtouka,2026-09-23,2026-09-24T04:57:13.447142+00:00,2026-09-24T04:57:13.447142+00:00,ar,"افادت معطيات من عمالة اشتوكة ايت باها أن نسبة المشاركة في الانتخابات التشريعية بالاقليم بلغت 39,63 وهي نسبة موقتة. وتم تخصيص 530 مكتباً للتصويت على",88,"{""region"": ""سوس ماسة"", ""primary_provinces"": [""اشتوكة أيت باها""], ""primary_places"": [""أيت باها""], ""secondary_provinces"": [], ""secondary_places"": []}","{""primary"": [], ""secondary"": []}","{""primary"": [], ""secondary"": []}","{""primary"": [{""id"": ""results_polls"", ""name"": ""النتائج والاستطلاعات الانتخابية"", ""hits"": [""نسبة المشاركة""]}, {""id"": ""elections"", ""name"": ""الانتخابات والاقتراع"", ""hits"": [""التصويت"", ""اللوائح الانتخابية""]}], ""secondary"": []}","{""level"": ""strong"", ""geographic_score"": 4, ""political_score"": 4, ""decision_reason"": ""صلة جغرافية وسياسية قوية"", ""geographic_reasons"": [""إقليم رئيسي داخل سوس ماسة"", ""مدينة أو مكان رئيسي داخل سوس ماسة""], ""political_reasons"": [""مواضيع سياسية: النتائج والاستطلاعات الانتخابية, الانتخابات والاقتراع""], ""accepted"": true}",[],evt_701e1c7c1a1d,2026-09-24T04:57:13.447142+00:00
7b81b44af4d0e8da,agadirinfo,أكادير أنفو,"انتخاب أعضاء مجلس النواب.. نسبة المشاركة في التصويت على المستوى الوطني بلغت نسبة 38,02 بالمائة - أكادير انفو - Agadir info",https://agadirinfo.ma/134716.html,اكادير انفو,2026-09-23,2026-09-24T04:57:13.447142+00:00,2026-09-24T04:57:13.447142+00:00,ar,"خبار بلاديانتخاب أعضاء مجلس النواب.. نسبة المشاركة في التصويت على المستوى الوطني بلغت نسبة 38,02 بالمائة بلغ معدل المشاركة في الانتخابات التشريعية على المستوى الوطني",231,"{""region"": ""سوس ماسة"", ""primary_provinces"": [""أكادير إداوتنان""], ""primary_places"": [""أكادير""], ""secondary_provinces"": [], ""secondary_places"": []}","{""primary"": [], ""secondary"": []}","{""primary"": [], ""secondary"": []}","{""primary"": [{""id"": ""elections"", ""name"": ""الانتخابات والاقتراع"", ""hits"": [""التصويت""]}, {""id"": ""results_polls"", ""name"": ""النتائج والاستطلاعات الانتخابية"", ""hits"": [""نسبة المشاركة""]}, {""id"": ""political_statements"", ""name"": ""التصريحات والمواقف السياسية"", ""hits"": [""بلاغ"", ""أكد""]}], ""secondary"": []}","{""level"": ""strong"", ""geographic_score"": 4, ""political_score"": 4, ""decision_reason"": ""صلة جغرافية وسياسية قوية"", ""geographic_reasons"": [""إقليم رئيسي داخل سوس ماسة"", ""مدينة أو مكان رئيسي داخل سوس ماسة""], ""political_reasons"": [""مواضيع سياسية: الانتخابات والاقتراع, النتائج والاستطلاعات الانتخابية, التصريحات والمواقف السياسية""], ""accepted"": true}",[],evt_7b81b44af4d0,2026-09-24T04:57:13.447142+00:00
919a48048fcfcb82,agadirinfo,أكادير أنفو,معطيات أخرى تظهر للعلن مع استمرار عملية تجميع أصوات تشريعيات أكادير - أكادير انفو - Agadir info,https://agadirinfo.ma/134721.html,اكادير انفو,2026-09-23,2026-09-24T04:57:13.447142+00:00,2026-09-24T04:57:13.447142+00:00,ar,أكادير والجهةمعطيات أخرى تظهر للعلن مع استمرار عملية تجميع أصوات تشريعيات أكادير تواصل مصالح إحصاء الأصوات بعمالة أكادير إداوتنان تجميع نتائج الانتخابات التشريعية، حيث بلغت,186,"{""region"": ""سوس ماسة"", ""primary_provinces"": [""أكادير إداوتنان""], ""primary_places"": [""أكادير""], ""secondary_provinces"": [], ""secondary_places"": []}","{""primary"": [{""id"": ""RNI"", ""name"": ""التجمع الوطني للأحرار""}, {""id"": ""PAM"", ""name"": ""حزب الأصالة والمعاصرة""}, {""id"": ""PJD"", ""name"": ""حزب العدالة والتنمية""}, {""id"": ""USFP"", ""name"": ""الاتحاد الاشتراكي للقوات الشعبية""}, {""id"": ""PI"", ""name"": ""حزب الاستقلال""}, {""id"": ""PPS"", ""name"": ""حزب التقدم والاشتراكية""}], ""secondary"": []}","{""primary"": [], ""secondary"": []}","{""primary"": [{""id"": ""elections"", ""name"": ""الانتخابات والاقتراع"", ""hits"": [""تشريعيات"", ""التصويت""]}, {""id"": ""results_polls"", ""name"": ""النتائج والاستطلاعات الانتخابية"", ""hits"": [""نتائج الانتخابات"", ""المقاعد""]}], ""secondary"": []}","{""level"": ""strong"", ""geographic_score"": 4, ""political_score"": 6, ""decision_reason"": ""صلة جغرافية وسياسية قوية"", ""geographic_reasons"": [""إقليم رئيسي داخل سوس ماسة"", ""مدينة أو مكان رئيسي داخل سوس ماسة""], ""political_reasons"": [""أحزاب رئيسية: التجمع الوطني للأحرار, حزب الأصالة والمعاصرة, حزب العدالة والتنمية, الاتحاد الاشتراكي للقوات الشعبية"", ""مواضيع سياسية: الانتخابات والاقتراع, النتائج والاستطلاعات الانتخابية""], ""accepted"": true}","[{""target_id"": ""RNI"", ""target_type"": ""party"", ""target_name"": ""التجمع الوطني للأحرار"", ""label"": ""neutral"", ""label_ar"": ""محايد أو إخباري"", ""confidence"": ""low"", ""positive_score"": 0, ""negative_score"": 0, ""mention_count"": 1, ""editorial_segment_count"": 1, ""reported_segment_count"": 0, ""evidence"": []}, {""target_id"": ""PAM"", ""target_type"": ""party"", ""target_name"": ""حزب الأصالة والمعاصرة"", ""label"": ""neutral"", ""label_ar"": ""محايد أو إخباري"", ""confidence"": ""low"", ""positive_score"": 0, ""negative_score"": 0, ""mention_count"": 1, ""editorial_segment_count"": 1, ""reported_segment_count"": 0, ""evidence"": []}, {""target_id"": ""PJD"", ""target_type"": ""party"", ""target_name"": ""حزب العدالة والتنمية"", ""label"": ""neutral"", ""label_ar"": ""محايد أو إخباري"", ""confidence"": ""low"", ""positive_score"": 0, ""negative_score"": 0, ""mention_count"": 1, ""editorial_segment_count"": 1, ""reported_segment_count"": 0, ""evidence"": []}, {""target_id"": ""USFP"", ""target_type"": ""party"", ""target_name"": ""الاتحاد الاشتراكي للقوات الشعبية"", ""label"": ""neutral"", ""label_ar"": ""محايد أو إخباري"", ""confidence"": ""medium"", ""positive_score"": 0, ""negative_score"": 0, ""mention_count"": 2, ""editorial_segment_count"": 2, ""reported_segment_count"": 0, ""evidence"": []}, {""target_id"": ""PI"", ""target_type"": ""party"", ""target_name"": ""حزب الاستقلال"", ""label"": ""neutral"", ""label_ar"": ""محايد أو إخباري"", ""confidence"": ""low"", ""positive_score"": 0, ""negative_score"": 0, ""mention_count"": 1, ""editorial_segment_count"": 1, ""reported_segment_count"": 0, ""evidence"": []}, {""target_id"": ""PPS"", ""target_type"": ""party"", ""target_name"": ""حزب التقدم والاشتراكية"", ""label"": ""neutral"", ""label_ar"": ""محايد أو إخباري"", ""confidence"": ""medium"", ""positive_score"": 0, ""negative_score"": 0, ""mention_count"": 2, ""editorial_segment_count"": 2, ""reported_segment_count"": 0, ""evidence"": []}]",evt_919a48048fcf,2026-09-24T04:57:13.447142+00:00
d925f4a6905a3aaa,agadir24,أكادير24,اشتوكة أيت باها: البام يتصدر النتائج الأولية والأحرار يلاحقه في سباق الأمتار الأخيرة | agadir24.info,https://agadir24.info/%D8%A7%D8%B4%D8%AA%D9%88%D9%83%D8%A9-%D8%A3%D9%8A%D8%AA-%D8%A8%D8%A7%D9%87%D8%A7-%D8%A7%D9%84%D8%A8%D8%A7%D9%85-%D9%8A%D8%AA%D8%B5%D8%AF%D8%B1-%D8%A7%D9%84%D9%86%D8%AA%D8%A7%D8%A6%D8%AC-%D8%A7%D9%84.html,أكادير,2026-09-23,2026-09-24T04:57:13.447142+00:00,2026-09-24T04:57:13.447142+00:00,ar,كشفت المعطيات الأولية الخاصة بفرز الأصوات بإقليم اشتوكة أيت باها عن تصدر حزب الأصالة والمعاصرة (البام) للمؤشرات المؤقتة، ليحتل بذلك المرتبة الأولى في مشهد انتخابي,86,"{""region"": ""سوس ماسة"", ""primary_provinces"": [""اشتوكة أيت باها""], ""primary_places"": [""أيت باها""], ""secondary_provinces"": [], ""secondary_places"": []}","{""primary"": [{""id"": ""RNI"", ""name"": ""التجمع الوطني للأحرار""}, {""id"": ""PAM"", ""name"": ""حزب الأصالة والمعاصرة""}, {""id"": ""PI"", ""name"": ""حزب الاستقلال""}, {""id"": ""PJD"", ""name"": ""حزب العدالة والتنمية""}], ""secondary"": []}","{""primary"": [], ""secondary"": []}","{""primary"": [], ""secondary"": []}","{""level"": ""medium"", ""geographic_score"": 4, ""political_score"": 2, ""decision_reason"": ""صلة جغرافية وسياسية مقبولة"", ""geographic_reasons"": [""إقليم رئيسي داخل سوس ماسة"", ""مدينة أو مكان رئيسي داخل سوس ماسة""], ""political_reasons"": [""أحزاب رئيسية: التجمع الوطني للأحرار, حزب الأصالة والمعاصرة, حزب الاستقلال, حزب العدالة والتنمية""], ""accepted"": true}","[{""target_id"": ""RNI"", ""target_type"": ""party"", ""target_name"": ""التجمع الوطني للأحرار"", ""label"": ""neutral"", ""label_ar"": ""محايد أو إخباري"", ""confidence"": ""medium"", ""positive_score"": 0, ""negative_score"": 0, ""mention_count"": 2, ""editorial_segment_count"": 2, ""reported_segment_count"": 0, ""evidence"": []}, {""target_id"": ""PAM"", ""target_type"": ""party"", ""target_name"": ""حزب الأصالة والمعاصرة"", ""label"": ""neutral"", ""label_ar"": ""محايد أو إخباري"", ""confidence"": ""medium"", ""positive_score"": 0, ""negative_score"": 0, ""mention_count"": 2, ""editorial_segment_count"": 2, ""reported_segment_count"": 0, ""evidence"": []}, {""target_id"": ""PI"", ""target_type"": ""party"", ""target_name"": ""حزب الاستقلال"", ""label"": ""neutral"", ""label_ar"": ""محايد أو إخباري"", ""confidence"": ""low"", ""positive_score"": 0, ""negative_score"": 0, ""mention_count"": 1, ""editorial_segment_count"": 1, ""reported_segment_count"": 0, ""evidence"": []}, {""target_id"": ""PJD"", ""target_type"": ""party"", ""target_name"": ""حزب العدالة والتنمية"", ""label"": ""neutral"", ""label_ar"": ""محايد أو إخباري"", ""confidence"": ""low"", ""positive_score"": 0, ""negative_score"": 0, ""mention_count"": 1, ""editorial_segment_count"": 1, ""reported_segment_count"": 0, ""evidence"": []}]",evt_d925f4a6905a,2026-09-24T04:57:13.447142+00:00
2874bdc7800e6039,agadir24,أكادير24,"تارودانت الشمالية: ""الأحرار"" يتصدر السباق والمنافسة تشتعل بين الاستقلال والجرار في المرتبتين الثانية و الثالثة | agadir24.info",https://agadir24.info/%D8%AA%D8%A7%D8%B1%D9%88%D8%AF%D8%A7%D9%86%D8%AA-%D8%A7%D9%84%D8%B4%D9%85%D8%A7%D9%84%D9%8A%D8%A9-%D8%A7%D9%84%D8%A3%D8%AD%D8%B1%D8%A7%D8%B1-%D9%8A%D8%AA%D8%B5%D8%AF%D8%B1-%D8%A7%D9%84%D8%B3.html,أكادير,2026-09-23,2026-09-24T04:57:13.447142+00:00,2026-09-24T04:57:13.447142+00:00,ar,تشهد دائرة تارودانت الشمالية حراكاً انتخابياً استثنائياً مع توالي ظهور المؤشرات الأولى لعمليات الفرز، حيث يتبوأ حزب التجمع الوطني للأحرار الصدارة بقيادة مرشحه لحسن السعدي,97,"{""region"": ""سوس ماسة"", ""primary_provinces"": [""تارودانت""], ""primary_places"": [""تارودانت""], ""secondary_provinces"": [], ""secondary_places"": []}","{""primary"": [{""id"": ""RNI"", ""name"": ""التجمع الوطني للأحرار""}, {""id"": ""PAM"", ""name"": ""حزب الأصالة والمعاصرة""}, {""id"": ""PI"", ""name"": ""حزب الاستقلال""}], ""secondary"": []}","{""primary"": [{""id"": ""person_006"", ""name"": ""لحسن السعدي"", ""tier"": ""priority""}], ""secondary"": []}","{""primary"": [], ""secondary"": []}","{""level"": ""medium"", ""geographic_score"": 4, ""political_score"": 3, ""decision_reason"": ""صلة جغرافية وسياسية مقبولة"", ""geographic_reasons"": [""إقليم رئيسي داخل سوس ماسة"", ""مدينة أو مكان رئيسي داخل سوس ماسة""], ""political_reasons"": [""أحزاب رئيسية: التجمع الوطني للأحرار, حزب الأصالة والمعاصرة, حزب الاستقلال"", ""شخصيات رئيسية: لحسن السعدي""], ""accepted"": true}","[{""target_id"": ""RNI"", ""target_type"": ""party"", ""target_name"": ""التجمع الوطني للأحرار"", ""label"": ""neutral"", ""label_ar"": ""محايد أو إخباري"", ""confidence"": ""medium"", ""positive_score"": 0, ""negative_score"": 0, ""mention_count"": 2, ""editorial_segment_count"": 2, ""reported_segment_count"": 0, ""evidence"": []}, {""target_id"": ""PAM"", ""target_type"": ""party"", ""target_name"": ""حزب الأصالة والمعاصرة"", ""label"": ""neutral"", ""label_ar"": ""محايد أو إخباري"", ""confidence"": ""low"", ""positive_score"": 0, ""negative_score"": 0, ""mention_count"": 1, ""editorial_segment_count"": 1, ""reported_segment_count"": 0, ""evidence"": []}, {""target_id"": ""PI"", ""target_type"": ""party"", ""target_name"": ""حزب الاستقلال"", ""label"": ""neutral"", ""label_ar"": ""محايد أو إخباري"", ""confidence"": ""low"", ""positive_score"": 0, ""negative_score"": 0, ""mention_count"": 1, ""editorial_segment_count"": 1, ""reported_segment_count"": 0, ""evidence"": []}, {""target_id"": ""person_006"", ""target_type"": ""person"", ""target_name"": ""لحسن السعدي"", ""label"": ""neutral"", ""label_ar"": ""محايد أو إخباري"", ""confidence"": ""low"", ""positive_score"": 0, ""negative_score"": 0, ""mention_count"": 1, ""editorial_segment_count"": 1, ""reported_segment_count"": 0, ""evidence"": []}]",evt_2874bdc7800e,2026-09-24T04:57:13.447142+00:00
ae66ffe4884719c0,agadir24,أكادير24,"""العدالة والتنمية"" يعلن تصدره الأولي لنتائج الانتخابات في مدن كبرى بفارق ملموس | agadir24.info",https://agadir24.info/%D8%A7%D9%84%D8%B9%D8%AF%D8%A7%D9%84%D8%A9-%D9%88%D8%A7%D9%84%D8%AA%D9%86%D9%85%D9%8A%D8%A9-%D9%8A%D8%B9%D9%84%D9%86-%D8%AA%D8%B5%D8%AF%D8%B1%D9%87-%D8%A7%D9%84%D8%A3%D9%88%D9%84%D9%8A-%D9%84.html,أكادير,2026-09-23,2026-09-24T04:57:13.447142+00:00,2026-09-24T04:57:13.447142+00:00,ar,تشير المعطيات الأولية لعملية فرز الأصوات والمحاضر التي تلقتها الإدارة المركزية لحملة حزب العدالة والتنمية إلى تقدم الحزب وصدارته للنتائج في مجموعة من الدوائر الانتخابية,118,"{""region"": ""سوس ماسة"", ""primary_provinces"": [""تارودانت""], ""primary_places"": [""تارودانت""], ""secondary_provinces"": [""أكادير إداوتنان"", ""إنزكان أيت ملول""], ""secondary_places"": [""أكادير"", ""إنزكان""]}","{""primary"": [{""id"": ""PJD"", ""name"": ""حزب العدالة والتنمية""}], ""secondary"": []}","{""primary"": [], ""secondary"": []}","{""primary"": [{""id"": ""results_polls"", ""name"": ""النتائج والاستطلاعات الانتخابية"", ""hits"": [""نتائج الانتخابات""]}], ""secondary"": [{""id"": ""political_statements"", ""name"": ""التصريحات والمواقف السياسية"", ""hits"": [""أكد""]}, {""id"": ""elections"", ""name"": ""الانتخابات والاقتراع"", ""hits"": [""انتخابية""]}, {""id"": ""candidacy_nomination"", ""name"": ""الترشح والتزكية"", ""hits"": [""دائرة انتخابية""]}]}","{""level"": ""strong"", ""geographic_score"": 4, ""political_score"": 4, ""decision_reason"": ""صلة جغرافية وسياسية قوية"", ""geographic_reasons"": [""إقليم رئيسي داخل سوس ماسة"", ""مدينة أو مكان رئيسي داخل سوس ماسة""], ""political_reasons"": [""أحزاب رئيسية: حزب العدالة والتنمية"", ""مواضيع سياسية: النتائج والاستطلاعات الانتخابية""], ""accepted"": true}","[{""target_id"": ""PJD"", ""target_type"": ""party"", ""target_name"": ""حزب العدالة والتنمية"", ""label"": ""neutral"", ""label_ar"": ""محايد أو إخباري"", ""confidence"": ""medium"", ""positive_score"": 0, ""negative_score"": 0, ""mention_count"": 3, ""editorial_segment_count"": 2, ""reported_segment_count"": 1, ""evidence"": []}]",evt_ae66ffe48847,2026-09-24T04:57:13.447142+00:00
9faf2b9a095d8996,agadir24,أكادير24,انتخابات أكادير إداوتنان: حزب العدالة والتنمية يتصدر النتائج الأولية، و فيما يلي ترتيب بقية الأحزاب. (مؤقتة) | agadir24.info,https://agadir24.info/%D8%A7%D9%86%D8%AA%D8%AE%D8%A7%D8%A8%D8%A7%D8%AA-%D8%A3%D9%83%D8%A7%D8%AF%D9%8A%D8%B1-%D8%A5%D8%AF%D8%A7%D9%88%D8%AA%D9%86%D8%A7%D9%86-%D8%AD%D8%B2%D8%A8-%D8%A7%D9%84%D8%B9%D8%AF%D8%A7%D9%84%D8%A9.html,أكادير,2026-09-23,2026-09-24T04:57:13.447142+00:00,2026-09-24T04:57:13.447142+00:00,ar,أظهرت أحدث النتائج الأولية والمؤقتة الخاصة بالانتخابات التشريعية على مستوى **عمالة أكادير إداوتنان** تصدُّر حزب العدالة والتنمية للمشهد الانتخابي، وذلك عقب معالجة وفرز **83%** من,111,"{""region"": ""سوس ماسة"", ""primary_provinces"": [""أكادير إداوتنان""], ""primary_places"": [""أكادير""], ""secondary_provinces"": [], ""secondary_places"": []}","{""primary"": [{""id"": ""PJD"", ""name"": ""حزب العدالة والتنمية""}, {""id"": ""USFP"", ""name"": ""الاتحاد الاشتراكي للقوات الشعبية""}, {""id"": ""PAM"", ""name"": ""حزب الأصالة والمعاصرة""}, {""id"": ""RNI"", ""name"": ""التجمع الوطني للأحرار""}, {""id"": ""PI"", ""name"": ""حزب الاستقلال""}, {""id"": ""PPS"", ""name"": ""حزب التقدم والاشتراكية""}], ""secondary"": []}","{""primary"": [], ""secondary"": []}","{""primary"": [{""id"": ""elections"", ""name"": ""الانتخابات والاقتراع"", ""hits"": [""انتخابات""]}], ""secondary"": []}","{""level"": ""strong"", ""geographic_score"": 4, ""political_score"": 5, ""decision_reason"": ""صلة جغرافية وسياسية قوية"", ""geographic_reasons"": [""إقليم رئيسي داخل سوس ماسة"", ""مدينة أو مكان رئيسي داخل سوس ماسة""], ""political_reasons"": [""أحزاب رئيسية: حزب العدالة والتنمية, الاتحاد الاشتراكي للقوات الشعبية, حزب الأصالة والمعاصرة, التجمع الوطني للأحرار"", ""مواضيع سياسية: الانتخابات والاقتراع""], ""accepted"": true}","[{""target_id"": ""PJD"", ""target_type"": ""party"", ""target_name"": ""حزب العدالة والتنمية"", ""label"": ""neutral"", ""label_ar"": ""محايد أو إخباري"", ""confidence"": ""medium"", ""positive_score"": 0, ""negative_score"": 0, ""mention_count"": 3, ""editorial_segment_count"": 3, ""reported_segment_count"": 0, ""evidence"": []}, {""target_id"": ""USFP"", ""target_type"": ""party"", ""target_name"": ""الاتحاد الاشتراكي للقوات الشعبية"", ""label"": ""neutral"", ""label_ar"": ""محايد أو إخباري"", ""confidence"": ""low"", ""positive_score"": 0, ""negative_score"": 0, ""mention_count"": 1, ""editorial_segment_count"": 1, ""reported_segment_count"": 0, ""evidence"": []}, {""target_id"": ""PAM"", ""target_type"": ""party"", ""target_name"": ""حزب الأصالة والمعاصرة"", ""label"": ""neutral"", ""label_ar"": ""محايد أو إخباري"", ""confidence"": ""low"", ""positive_score"": 0, ""negative_score"": 0, ""mention_count"": 1, ""editorial_segment_count"": 1, ""reported_segment_count"": 0, ""evidence"": []}, {""target_id"": ""RNI"", ""target_type"": ""party"", ""target_name"": ""التجمع الوطني للأحرار"", ""label"": ""neutral"", ""label_ar"": ""محايد أو إخباري"", ""confidence"": ""low"", ""positive_score"": 0, ""negative_score"": 0, ""mention_count"": 1, ""editorial_segment_count"": 1, ""reported_segment_count"": 0, ""evidence"": []}, {""target_id"": ""PI"", ""target_type"": ""party"", ""target_name"": ""حزب الاستقلال"", ""label"": ""neutral"", ""label_ar"": ""محايد أو إخباري"", ""confidence"": ""low"", ""positive_score"": 0, ""negative_score"": 0, ""mention_count"": 1, ""editorial_segment_count"": 1, ""reported_segment_count"": 0, ""evidence"": []}, {""target_id"": ""PPS"", ""target_type"": ""party"", ""target_name"": ""حزب التقدم والاشتراكية"", ""label"": ""neutral"", ""label_ar"": ""محايد أو إخباري"", ""confidence"": ""low"", ""positive_score"": 0, ""negative_score"": 0, ""mention_count"": 1, ""editorial_segment_count"": 1, ""reported_segment_count"": 0, ""evidence"": []}]",evt_9faf2b9a095d,2026-09-24T04:57:13.447142+00:00
6fa6c7c673f2ef12,le360,Le360,حزب «العدالة والتنمية» يعلن تحقيق تقدم لافت بعدة مدن وفق مؤشرات أولية,https://ar.le360.ma/politique/VWTAC2KM25EAPJYFJAWSL55FA4,حفيظة وجمان; خليل السالك,2026-09-23,2026-09-24T04:57:13.447142+00:00,2026-09-24T04:57:13.447142+00:00,ar,وأفاد عبد العالي حامي الدين، عضو الأمانة العامة للحزب والمتحدث باسم الإدارة المركزية لحملته الانتخابية، بأن المعطيات المتوصل بها من مكاتب التصويت، حتى الآن، تمنح,168,"{""region"": ""سوس ماسة"", ""primary_provinces"": [""تارودانت""], ""primary_places"": [""تارودانت""], ""secondary_provinces"": [""أكادير إداوتنان"", ""إنزكان أيت ملول""], ""secondary_places"": [""أكادير"", ""إنزكان""]}","{""primary"": [{""id"": ""PJD"", ""name"": ""حزب العدالة والتنمية""}], ""secondary"": []}","{""primary"": [{""id"": ""person_022"", ""name"": ""عبد الإله بنكيران"", ""tier"": ""priority""}], ""secondary"": [{""id"": ""person_029"", ""name"": ""إدريس الأزمي"", ""tier"": ""priority""}]}","{""primary"": [], ""secondary"": [{""id"": ""elections"", ""name"": ""الانتخابات والاقتراع"", ""hits"": [""التصويت""]}, {""id"": ""political_statements"", ""name"": ""التصريحات والمواقف السياسية"", ""hits"": [""أكد""]}]}","{""level"": ""medium"", ""geographic_score"": 4, ""political_score"": 3, ""decision_reason"": ""صلة جغرافية وسياسية مقبولة"", ""geographic_reasons"": [""إقليم رئيسي داخل سوس ماسة"", ""مدينة أو مكان رئيسي داخل سوس ماسة""], ""political_reasons"": [""أحزاب رئيسية: حزب العدالة والتنمية"", ""شخصيات رئيسية: عبد الإله بنكيران""], ""accepted"": true}","[{""target_id"": ""PJD"", ""target_type"": ""party"", ""target_name"": ""حزب العدالة والتنمية"", ""label"": ""neutral"", ""label_ar"": ""محايد أو إخباري"", ""confidence"": ""medium"", ""positive_score"": 0, ""negative_score"": 0, ""mention_count"": 3, ""editorial_segment_count"": 1, ""reported_segment_count"": 2, ""evidence"": []}, {""target_id"": ""person_022"", ""target_type"": ""person"", ""target_name"": ""عبد الإله بنكيران"", ""label"": ""neutral"", ""label_ar"": ""محايد أو إخباري"", ""confidence"": ""low"", ""positive_score"": 0, ""negative_score"": 0, ""mention_count"": 1, ""editorial_segment_count"": 1, ""reported_segment_count"": 0, ""evidence"": []}, {""target_id"": ""person_029"", ""target_type"": ""person"", ""target_name"": ""إدريس الأزمي"", ""label"": ""neutral"", ""label_ar"": ""محايد أو إخباري"", ""confidence"": ""low"", ""positive_score"": 0, ""negative_score"": 0, ""mention_count"": 1, ""editorial_segment_count"": 1, ""reported_segment_count"": 0, ""evidence"": []}]",evt_6fa6c7c673f2,2026-09-24T04:57:13.447142+00:00
3b14172f58bfb8c0,le360,Le360,Législatives: le PJD revendique une percée dans plusieurs villes sur la base de résultats préliminaires,https://fr.le360.ma/politique/legislatives-le-pjd-revendique-une-percee-dans-plusieurs-villes-sur-la-base-de-resultats_YYEEQQDFFVG2NEIKAN5337BGO4,Hafida Ouajmane; Khalil Essalak,2026-09-23,2026-09-24T04:57:13.447142+00:00,2026-09-24T04:57:13.447142+00:00,fr,"Dans une déclaration à la presse, Abdelali Hamieddine, membre du secrétariat général du PJD et porte-parole de la direction centrale de la campagne électorale, affirme",116,"{""region"": ""سوس ماسة"", ""primary_provinces"": [""تارودانت""], ""primary_places"": [""تارودانت""], ""secondary_provinces"": [""أكادير إداوتنان"", ""إنزكان أيت ملول""], ""secondary_places"": [""أكادير"", ""إنزكان""]}","{""primary"": [{""id"": ""PJD"", ""name"": ""حزب العدالة والتنمية""}], ""secondary"": []}","{""primary"": [], ""secondary"": []}","{""primary"": [{""id"": ""elections"", ""name"": ""الانتخابات والاقتراع"", ""hits"": [""législatives"", ""électorale"", ""électoral"", ""scrutin""]}, {""id"": ""political_statements"", ""name"": ""التصريحات والمواقف السياسية"", ""hits"": [""affirme"", ""déclaration""]}], ""secondary"": [{""id"": ""electoral_campaign"", ""name"": ""الحملة الانتخابية"", ""hits"": [""campagne électorale""]}, {""id"": ""party_activity"", ""name"": ""الأنشطة والتنظيمات الحزبية"", ""hits"": [""secrétariat""]}]}","{""level"": ""strong"", ""geographic_score"": 4, ""political_score"": 6, ""decision_reason"": ""صلة جغرافية وسياسية قوية"", ""geographic_reasons"": [""إقليم رئيسي داخل سوس ماسة"", ""مدينة أو مكان رئيسي داخل سوس ماسة""], ""political_reasons"": [""أحزاب رئيسية: حزب العدالة والتنمية"", ""مواضيع سياسية: الانتخابات والاقتراع, التصريحات والمواقف السياسية""], ""accepted"": true}","[{""target_id"": ""PJD"", ""target_type"": ""party"", ""target_name"": ""حزب العدالة والتنمية"", ""label"": ""neutral"", ""label_ar"": ""محايد أو إخباري"", ""confidence"": ""medium"", ""positive_score"": 0, ""negative_score"": 0, ""mention_count"": 3, ""editorial_segment_count"": 2, ""reported_segment_count"": 1, ""evidence"": []}]",evt_3b14172f58bf,2026-09-24T04:57:13.447142+00:00
95bb067d74213e61,al3omk,العمق المغربي,خصوصية الحملات الانتخابية للأحزاب في تشريعيات 23 شتنبر 2026 بين الشخصنة السياسية وتشديد المراقبة القانونية (2),https://al3omk.com/1189785.html,محمد شقير,2026-09-22,2026-09-22T11:44:24.084149+00:00,2026-09-22T11:44:24.084149+00:00,ar,خصوصية الحملات الانتخابية للأحزاب في تشريعيات 23 شتنبر 2026 بين الشخصنة السياسية وتشديد المراقبة القانونية (2) 2- خصوصية إدارة الأحزاب المتنافسة لحملاتها الانتخابية يمكن اعتبار,2999,"{""region"": ""سوس ماسة"", ""primary_provinces"": [""أكادير إداوتنان""], ""primary_places"": [""أكادير""], ""secondary_provinces"": [], ""secondary_places"": []}","{""primary"": [{""id"": ""RNI"", ""name"": ""التجمع الوطني للأحرار""}, {""id"": ""PAM"", ""name"": ""حزب الأصالة والمعاصرة""}, {""id"": ""PJD"", ""name"": ""حزب العدالة والتنمية""}], ""secondary"": [{""id"": ""PI"", ""name"": ""حزب الاستقلال""}]}","{""primary"": [{""id"": ""person_022"", ""name"": ""عبد الإله بنكيران"", ""tier"": ""priority""}, {""id"": ""person_001"", ""name"": ""عزيز أخنوش"", ""tier"": ""priority""}, {""id"": ""person_031"", ""name"": ""فوزي لقجع"", ""tier"": ""priority""}], ""secondary"": [{""id"": ""person_023"", ""name"": ""فاطمة الزهراء المنصوري"", ""tier"": ""priority""}, {""id"": ""person_019"", ""name"": ""نزار بركة"", ""tier"": ""priority""}]}","{""primary"": [{""id"": ""elections"", ""name"": ""الانتخابات والاقتراع"", ""hits"": [""تشريعيات"", ""انتخابية"", ""انتخابات"", ""التصويت""]}, {""id"": ""electoral_campaign"", ""name"": ""الحملة الانتخابية"", ""hits"": [""الحملة الانتخابية"", ""حملة انتخابية""]}, {""id"": ""candidacy_nomination"", ""name"": ""الترشح والتزكية"", ""hits"": [""ترشح"", ""الترشح"", ""مرشح"", ""تزكية""]}], ""secondary"": [{""id"": ""alliances_conflicts"", ""name"": ""التحالفات والخلافات السياسية"", ""hits"": [""أغلبية"", ""صراع""]}, {""id"": ""government_politics"", ""name"": ""السياسات والحصيلة الحكومية"", ""hits"": [""رئيس الحكومة"", ""الأغلبية الحكومية""]}]}","{""level"": ""strong"", ""geographic_score"": 4, ""political_score"": 7, ""decision_reason"": ""صلة جغرافية وسياسية قوية"", ""geographic_reasons"": [""إقليم رئيسي داخل سوس ماسة"", ""مدينة أو مكان رئيسي داخل سوس ماسة""], ""political_reasons"": [""أحزاب رئيسية: التجمع الوطني للأحرار, حزب الأصالة والمعاصرة, حزب العدالة والتنمية"", ""شخصيات رئيسية: عبد الإله بنكيران, عزيز أخنوش, فوزي لقجع"", ""مواضيع سياسية: الانتخابات والاقتراع, الحملة الانتخابية, الترشح والتزكية""], ""accepted"": true}","[{""target_id"": ""RNI"", ""target_type"": ""party"", ""target_name"": ""التجمع الوطني للأحرار"", ""label"": ""favorable"", ""label_ar"": ""إيجابي أو داعم"", ""confidence"": ""medium"", ""positive_score"": 2, ""negative_score"": 0, ""mention_count"": 15, ""editorial_segment_count"": 12, ""reported_segment_count"": 3, ""evidence"": [""قيادة المرحلة"", ""إنجاز""]}, {""target_id"": ""PAM"", ""target_type"": ""party"", ""target_name"": ""حزب الأصالة والمعاصرة"", ""label"": ""favorable"", ""label_ar"": ""إيجابي أو داعم"", ""confidence"": ""medium"", ""positive_score"": 2, ""negative_score"": 0, ""mention_count"": 13, ""editorial_segment_count"": 9, ""reported_segment_count"": 4, ""evidence"": [""قيادة المرحلة"", ""إنجاز""]}, {""target_id"": ""PJD"", ""target_type"": ""party"", ""target_name"": ""حزب العدالة والتنمية"", ""label"": ""neutral"", ""label_ar"": ""محايد أو إخباري"", ""confidence"": ""medium"", ""positive_score"": 0, ""negative_score"": 0, ""mention_count"": 4, ""editorial_segment_count"": 3, ""reported_segment_count"": 1, ""evidence"": []}, {""target_id"": ""PI"", ""target_type"": ""party"", ""target_name"": ""حزب الاستقلال"", ""label"": ""unclear"", ""label_ar"": ""غير واضح"", ""confidence"": ""low"", ""positive_score"": 1, ""negative_score"": 0, ""mention_count"": 5, ""editorial_segment_count"": 3, ""reported_segment_count"": 2, ""evidence"": [""إنجاز""]}, {""target_id"": ""person_022"", ""target_type"": ""person"", ""target_name"": ""عبد الإله بنكيران"", ""label"": ""unclear"", ""label_ar"": ""غير واضح"", ""confidence"": ""low"", ""positive_score"": 0, ""negative_score"": 1, ""mention_count"": 11, ""editorial_segment_count"": 9, ""reported_segment_count"": 2, ""evidence"": [""انتقادات""]}, {""target_id"": ""person_001"", ""target_type"": ""person"", ""target_name"": ""عزيز أخنوش"", ""label"": ""unclear"", ""label_ar"": ""غير واضح"", ""confidence"": ""low"", ""positive_score"": 0, ""negative_score"": 1, ""mention_count"": 21, ""editorial_segment_count"": 18, ""reported_segment_count"": 3, ""evidence"": [""انتقادات""]}, {""target_id"": ""person_031"", ""target_type"": ""person"", ""target_name"": ""فوزي لقجع"", ""label"": ""neutral"", ""label_ar"": ""محايد أو إخباري"", ""confidence"": ""medium"", ""positive_score"": 0, ""negative_score"": 0, ""mention_count"": 12, ""editorial_segment_count"": 9, ""reported_segment_count"": 3, ""evidence"": []}, {""target_id"": ""person_023"", ""target_type"": ""person"", ""target_name"": ""فاطمة الزهراء المنصوري"", ""label"": ""neutral"", ""label_ar"": ""محايد أو إخباري"", ""confidence"": ""low"", ""positive_score"": 0, ""negative_score"": 0, ""mention_count"": 1, ""editorial_segment_count"": 1, ""reported_segment_count"": 0, ""evidence"": []}, {""target_id"": ""person_019"", ""target_type"": ""person"", ""target_name"": ""نزار بركة"", ""label"": ""neutral"", ""label_ar"": ""محايد أو إخباري"", ""confidence"": ""low"", ""positive_score"": 0, ""negative_score"": 0, ""mention_count"": 1, ""editorial_segment_count"": 1, ""reported_segment_count"": 0, ""evidence"": []}]",evt_95bb067d7421,2026-09-22T11:44:24.084149+00:00
614bcc5c4e5fab19,agadir24,أكادير24,الأصالة والمعاصرة بأكادير إداوتنان يعزز جاهزيته الانتخابية بدورة تكوينية لمناديب مكاتب التصويت. | agadir24.info,https://agadir24.info/%D8%A7%D9%84%D8%A3%D8%B5%D8%A7%D9%84%D8%A9-%D9%88%D8%A7%D9%84%D9%85%D8%B9%D8%A7%D8%B5%D8%B1%D8%A9-%D8%A8%D8%A3%D9%83%D8%A7%D8%AF%D9%8A%D8%B1-%D8%A5%D8%AF%D8%A7%D9%88%D8%AA%D9%86%D8%A7%D9%86-%D9%8A.html,أكادير,2026-09-21,2026-09-21T12:54:32.116160+00:00,2026-09-21T12:54:32.116160+00:00,ar,يواصل حزب الأصالة والمعاصرة بأكادير إداوتنان تحضيراته التنظيمية والميدانية للاستحقاقات التشريعية المقررة يوم 23 شتنبر 2026، من خلال تعزيز قدرات أطره ومناضليه، والرفع من مستوى,223,"{""region"": ""سوس ماسة"", ""primary_provinces"": [""أكادير إداوتنان""], ""primary_places"": [""أكادير""], ""secondary_provinces"": [], ""secondary_places"": []}","{""primary"": [{""id"": ""PAM"", ""name"": ""حزب الأصالة والمعاصرة""}], ""secondary"": []}","{""primary"": [], ""secondary"": [{""id"": ""person_014"", ""name"": ""حميد وهبي"", ""tier"": ""priority""}]}","{""primary"": [{""id"": ""elections"", ""name"": ""الانتخابات والاقتراع"", ""hits"": [""التصويت"", ""استحقاقات"", ""الاستحقاقات الانتخابية"", ""الاستحقاقات""]}], ""secondary"": []}","{""level"": ""strong"", ""geographic_score"": 4, ""political_score"": 5, ""decision_reason"": ""صلة جغرافية وسياسية قوية"", ""geographic_reasons"": [""إقليم رئيسي داخل سوس ماسة"", ""مدينة أو مكان رئيسي داخل سوس ماسة""], ""political_reasons"": [""أحزاب رئيسية: حزب الأصالة والمعاصرة"", ""مواضيع سياسية: الانتخابات والاقتراع""], ""accepted"": true}","[{""target_id"": ""PAM"", ""target_type"": ""party"", ""target_name"": ""حزب الأصالة والمعاصرة"", ""label"": ""neutral"", ""label_ar"": ""محايد أو إخباري"", ""confidence"": ""medium"", ""positive_score"": 0, ""negative_score"": 0, ""mention_count"": 3, ""editorial_segment_count"": 2, ""reported_segment_count"": 1, ""evidence"": []}, {""target_id"": ""person_014"", ""target_type"": ""person"", ""target_name"": ""حميد وهبي"", ""label"": ""neutral"", ""label_ar"": ""محايد أو إخباري"", ""confidence"": ""low"", ""positive_score"": 0, ""negative_score"": 0, ""mention_count"": 1, ""editorial_segment_count"": 0, ""reported_segment_count"": 1, ""evidence"": []}]",evt_614bcc5c4e5f,2026-09-21T12:54:32.116160+00:00
e3c69d3136e4f3c1,assahifa,الصحيفة,ابن كيران يطلب توضيح موقف والمنصوري تُعجّل بالرد.. هل انتهى زمن الخطوط الحمراء بين البام والبيجيدي حتى صار التحالف أمرا غير مستحيل؟,https://www.assahifa.com/%D8%A7%D8%A8%D9%86-%D9%83%D9%8A%D8%B1%D8%A7%D9%86-%D9%8A%D8%B7%D9%84%D8%A8-%D8%AA%D9%88%D8%B6%D9%8A%D8%AD-%D9%85%D9%88%D9%82%D9%81-%D9%88%D8%A7%D9%84%D9%85%D9%86%D8%B5%D9%88%D8%B1%D9%8A-%D8%AA,,2026-09-21,2026-09-21T12:54:32.116160+00:00,2026-09-21T12:54:32.116160+00:00,ar,"ابن كيران يطلب ""توضيح موقف"" والمنصوري تُعجّل بالرد.. هل انتهى زمن ""الخطوط الحمراء"" بين ""البام"" و""البيجيدي"" حتى صار التحالف أمرا ""غير مستحيل""؟ أظهر عبد الإله",604,"{""region"": ""سوس ماسة"", ""primary_provinces"": [""تارودانت""], ""primary_places"": [""تارودانت""], ""secondary_provinces"": [], ""secondary_places"": []}","{""primary"": [{""id"": ""PAM"", ""name"": ""حزب الأصالة والمعاصرة""}, {""id"": ""PJD"", ""name"": ""حزب العدالة والتنمية""}, {""id"": ""RNI"", ""name"": ""التجمع الوطني للأحرار""}], ""secondary"": []}","{""primary"": [{""id"": ""person_023"", ""name"": ""فاطمة الزهراء المنصوري"", ""tier"": ""priority""}, {""id"": ""person_031"", ""name"": ""فوزي لقجع"", ""tier"": ""priority""}], ""secondary"": [{""id"": ""person_002"", ""name"": ""عبد اللطيف وهبي"", ""tier"": ""priority""}]}","{""primary"": [{""id"": ""electoral_campaign"", ""name"": ""الحملة الانتخابية"", ""hits"": [""الحملة الانتخابية"", ""تجمع انتخابي""]}, {""id"": ""alliances_conflicts"", ""name"": ""التحالفات والخلافات السياسية"", ""hits"": [""تحالف"", ""التحالفات"", ""صراع""]}], ""secondary"": [{""id"": ""government_politics"", ""name"": ""السياسات والحصيلة الحكومية"", ""hits"": [""رئيس الحكومة""]}, {""id"": ""elections"", ""name"": ""الانتخابات والاقتراع"", ""hits"": [""انتخابات""]}, {""id"": ""candidacy_nomination"", ""name"": ""الترشح والتزكية"", ""hits"": [""مرشحة""]}, {""id"": ""results_polls"", ""name"": ""النتائج والاستطلاعات الانتخابية"", ""hits"": [""المقاعد""]}]}","{""level"": ""strong"", ""geographic_score"": 4, ""political_score"": 6, ""decision_reason"": ""صلة جغرافية وسياسية قوية"", ""geographic_reasons"": [""إقليم رئيسي داخل سوس ماسة"", ""مدينة أو مكان رئيسي داخل سوس ماسة""], ""political_reasons"": [""أحزاب رئيسية: حزب الأصالة والمعاصرة, حزب العدالة والتنمية, التجمع الوطني للأحرار"", ""شخصيات رئيسية: فاطمة الزهراء المنصوري, فوزي لقجع"", ""مواضيع سياسية: الحملة الانتخابية, التحالفات والخلافات السياسية""], ""accepted"": true}","[{""target_id"": ""PAM"", ""target_type"": ""party"", ""target_name"": ""حزب الأصالة والمعاصرة"", ""label"": ""neutral"", ""label_ar"": ""محايد أو إخباري"", ""confidence"": ""medium"", ""positive_score"": 0, ""negative_score"": 0, ""mention_count"": 10, ""editorial_segment_count"": 0, ""reported_segment_count"": 10, ""evidence"": []}, {""target_id"": ""PJD"", ""target_type"": ""party"", ""target_name"": ""حزب العدالة والتنمية"", ""label"": ""neutral"", ""label_ar"": ""محايد أو إخباري"", ""confidence"": ""medium"", ""positive_score"": 0, ""negative_score"": 0, ""mention_count"": 8, ""editorial_segment_count"": 0, ""reported_segment_count"": 8, ""evidence"": []}, {""target_id"": ""RNI"", ""target_type"": ""party"", ""target_name"": ""التجمع الوطني للأحرار"", ""label"": ""neutral"", ""label_ar"": ""محايد أو إخباري"", ""confidence"": ""low"", ""positive_score"": 0, ""negative_score"": 0, ""mention_count"": 1, ""editorial_segment_count"": 0, ""reported_segment_count"": 1, ""evidence"": []}, {""target_id"": ""person_023"", ""target_type"": ""person"", ""target_name"": ""فاطمة الزهراء المنصوري"", ""label"": ""neutral"", ""label_ar"": ""محايد أو إخباري"", ""confidence"": ""low"", ""positive_score"": 0, ""negative_score"": 0, ""mention_count"": 1, ""editorial_segment_count"": 0, ""reported_segment_count"": 1, ""evidence"": []}, {""target_id"": ""person_031"", ""target_type"": ""person"", ""target_name"": ""فوزي لقجع"", ""label"": ""neutral"", ""label_ar"": ""محايد أو إخباري"", ""confidence"": ""low"", ""positive_score"": 0, ""negative_score"": 0, ""mention_count"": 1, ""editorial_segment_count"": 0, ""reported_segment_count"": 1, ""evidence"": []}, {""target_id"": ""person_002"", ""target_type"": ""person"", ""target_name"": ""عبد اللطيف وهبي"", ""label"": ""neutral"", ""label_ar"": ""محايد أو إخباري"", ""confidence"": ""low"", ""positive_score"": 0, ""negative_score"": 0, ""mention_count"": 1, ""editorial_segment_count"": 0, ""reported_segment_count"": 1, ""evidence"": []}]",evt_e3c69d3136e4,2026-09-21T12:54:32.116160+00:00
d1cb401fa49faa1a,taroudantalaan,تارودانت الآن,لقاء سيدي بوموسى.. حميد الماسي يتفاعل مع مطالب الساكنة ويطرح تعهدات انتخابية | تارودانت الآن الإخبارية,https://taroudantalaan.ma/politique/%D9%84%D9%82%D8%A7%D8%A1-%D8%B3%D9%8A%D8%AF%D9%8A-%D8%A8%D9%88%D9%85%D9%88%D8%B3%D9%89-%D8%AD%D9%85%D9%8A%D8%AF-%D8%A7%D9%84%D9%85%D8%A7%D8%B3%D9%8A-%D9%8A%D8%AA%D9%81%D8%A7%D8%B9%D9%84-%D9%85%D8%B9,تارودانت الآن الإخبارية,2026-09-21,2026-09-21T22:00:25.830107+00:00,2026-09-21T22:00:25.830107+00:00,ar,شكل لقاء تواصلي جمع رجل الأعمال حميد الماسي بعدد من شباب ورجال جماعة سيدي بوموسى بإقليم تارودانت، مناسبة لطرح عدد من القضايا المرتبطة بالبنيات الأساسية,360,"{""region"": ""سوس ماسة"", ""primary_provinces"": [""تارودانت""], ""primary_places"": [""تارودانت""], ""secondary_provinces"": [], ""secondary_places"": []}","{""primary"": [{""id"": ""PAM"", ""name"": ""حزب الأصالة والمعاصرة""}], ""secondary"": []}","{""primary"": [], ""secondary"": []}","{""primary"": [{""id"": ""elections"", ""name"": ""الانتخابات والاقتراع"", ""hits"": [""انتخابية"", ""الاستحقاقات"", ""استحقاقات""]}], ""secondary"": [{""id"": ""party_activity"", ""name"": ""الأنشطة والتنظيمات الحزبية"", ""hits"": [""لقاء تواصلي""]}, {""id"": ""candidacy_nomination"", ""name"": ""الترشح والتزكية"", ""hits"": [""مرشحة""]}, {""id"": ""electoral_campaign"", ""name"": ""الحملة الانتخابية"", ""hits"": [""الحملة الانتخابية""]}, {""id"": ""political_statements"", ""name"": ""التصريحات والمواقف السياسية"", ""hits"": [""أكد""]}]}","{""level"": ""strong"", ""geographic_score"": 4, ""political_score"": 5, ""decision_reason"": ""صلة جغرافية وسياسية قوية"", ""geographic_reasons"": [""إقليم رئيسي داخل سوس ماسة"", ""مدينة أو مكان رئيسي داخل سوس ماسة""], ""political_reasons"": [""أحزاب رئيسية: حزب الأصالة والمعاصرة"", ""مواضيع سياسية: الانتخابات والاقتراع""], ""accepted"": true}","[{""target_id"": ""PAM"", ""target_type"": ""party"", ""target_name"": ""حزب الأصالة والمعاصرة"", ""label"": ""neutral"", ""label_ar"": ""محايد أو إخباري"", ""confidence"": ""medium"", ""positive_score"": 0, ""negative_score"": 0, ""mention_count"": 2, ""editorial_segment_count"": 2, ""reported_segment_count"": 0, ""evidence"": []}]",evt_d1cb401fa49f,2026-09-21T22:00:25.830107+00:00
dc3a4bd60033e91f,agadirinfo,أكادير أنفو,تارودانت الشمالية … السعدي مرشح الأحرار يشيد بنضج الحملة ويؤكد : لقاءاتنا كانت عنواناً للاحترام وتقديم الحصيلة والاستماع للمواطنين - أكادير انفو - Agadir info,https://agadirinfo.ma/134618.html,اكادير انفو,2026-09-21,2026-09-21T22:00:25.830107+00:00,2026-09-21T22:00:25.830107+00:00,ar,أكادير والجهةتارودانت الشمالية … السعدي مرشح الأحرار يشيد بنضج الحملة ويؤكد : لقاءاتنا كانت عنواناً للاحترام وتقديم الحصيلة والاستماع للمواطنين عبر مرشح حزب التجمع الوطني,221,"{""region"": ""سوس ماسة"", ""primary_provinces"": [""تارودانت""], ""primary_places"": [""تارودانت""], ""secondary_provinces"": [""أكادير إداوتنان""], ""secondary_places"": [""أكادير""]}","{""primary"": [{""id"": ""RNI"", ""name"": ""التجمع الوطني للأحرار""}], ""secondary"": []}","{""primary"": [], ""secondary"": []}","{""primary"": [{""id"": ""candidacy_nomination"", ""name"": ""الترشح والتزكية"", ""hits"": [""مرشح""]}, {""id"": ""elections"", ""name"": ""الانتخابات والاقتراع"", ""hits"": [""استحقاقات"", ""الاستحقاقات""]}], ""secondary"": [{""id"": ""electoral_campaign"", ""name"": ""الحملة الانتخابية"", ""hits"": [""الحملة الانتخابية""]}, {""id"": ""political_statements"", ""name"": ""التصريحات والمواقف السياسية"", ""hits"": [""أكد""]}]}","{""level"": ""strong"", ""geographic_score"": 4, ""political_score"": 6, ""decision_reason"": ""صلة جغرافية وسياسية قوية"", ""geographic_reasons"": [""إقليم رئيسي داخل سوس ماسة"", ""مدينة أو مكان رئيسي داخل سوس ماسة""], ""political_reasons"": [""أحزاب رئيسية: التجمع الوطني للأحرار"", ""مواضيع سياسية: الترشح والتزكية, الانتخابات والاقتراع""], ""accepted"": true}","[{""target_id"": ""RNI"", ""target_type"": ""party"", ""target_name"": ""التجمع الوطني للأحرار"", ""label"": ""neutral"", ""label_ar"": ""محايد أو إخباري"", ""confidence"": ""medium"", ""positive_score"": 0, ""negative_score"": 0, ""mention_count"": 3, ""editorial_segment_count"": 2, ""reported_segment_count"": 1, ""evidence"": []}]",evt_dc3a4bd60033,2026-09-21T22:00:25.830107+00:00
cf2c50ffe7707733,al3omk,العمق المغربي,خصوصية الحملات الانتخابية للأحزاب في تشريعيات 23 شتنبر 2026 (1),https://al3omk.com/1189647.html,محمد شقير,2026-09-21,2026-09-21T22:00:25.830107+00:00,2026-09-21T22:00:25.830107+00:00,ar,خصوصية الحملات الانتخابية للأحزاب في تشريعيات 23 شتنبر 2026 (1) بين الشخصنة السياسية وتشديد المراقبة القانونية تتميز انتخابات 23 شتنبر 2026 بخصوصية سياسية تتجاوز مجرد,5473,"{""region"": ""سوس ماسة"", ""primary_provinces"": [""أكادير إداوتنان""], ""primary_places"": [""أكادير""], ""secondary_provinces"": [], ""secondary_places"": []}","{""primary"": [{""id"": ""RNI"", ""name"": ""التجمع الوطني للأحرار""}, {""id"": ""PAM"", ""name"": ""حزب الأصالة والمعاصرة""}, {""id"": ""PJD"", ""name"": ""حزب العدالة والتنمية""}, {""id"": ""PI"", ""name"": ""حزب الاستقلال""}], ""secondary"": []}","{""primary"": [{""id"": ""person_022"", ""name"": ""عبد الإله بنكيران"", ""tier"": ""priority""}, {""id"": ""person_001"", ""name"": ""عزيز أخنوش"", ""tier"": ""priority""}, {""id"": ""person_031"", ""name"": ""فوزي لقجع"", ""tier"": ""priority""}], ""secondary"": [{""id"": ""person_023"", ""name"": ""فاطمة الزهراء المنصوري"", ""tier"": ""priority""}, {""id"": ""person_019"", ""name"": ""نزار بركة"", ""tier"": ""priority""}]}","{""primary"": [{""id"": ""elections"", ""name"": ""الانتخابات والاقتراع"", ""hits"": [""تشريعيات"", ""انتخابات"", ""انتخابية"", ""اقتراع"", ""التصويت""]}, {""id"": ""candidacy_nomination"", ""name"": ""الترشح والتزكية"", ""hits"": [""ترشح"", ""الترشح"", ""مرشح"", ""تزكية"", ""مرشحا""]}, {""id"": ""electoral_campaign"", ""name"": ""الحملة الانتخابية"", ""hits"": [""الحملة الانتخابية"", ""حملة انتخابية"", ""جولة انتخابية""]}], ""secondary"": [{""id"": ""alliances_conflicts"", ""name"": ""التحالفات والخلافات السياسية"", ""hits"": [""أغلبية"", ""صراع""]}, {""id"": ""legal_accountability"", ""name"": ""المتابعات والعزل والمحاسبة"", ""hits"": [""إدانة"", ""فساد""]}, {""id"": ""government_politics"", ""name"": ""السياسات والحصيلة الحكومية"", ""hits"": [""رئيس الحكومة"", ""الأغلبية الحكومية""]}, {""id"": ""results_polls"", ""name"": ""النتائج والاستطلاعات الانتخابية"", ""hits"": [""المقاعد""]}]}","{""level"": ""strong"", ""geographic_score"": 4, ""political_score"": 7, ""decision_reason"": ""صلة جغرافية وسياسية قوية"", ""geographic_reasons"": [""إقليم رئيسي داخل سوس ماسة"", ""مدينة أو مكان رئيسي داخل سوس ماسة""], ""political_reasons"": [""أحزاب رئيسية: التجمع الوطني للأحرار, حزب الأصالة والمعاصرة, حزب العدالة والتنمية, حزب الاستقلال"", ""شخصيات رئيسية: عبد الإله بنكيران, عزيز أخنوش, فوزي لقجع"", ""مواضيع سياسية: الانتخابات والاقتراع, الترشح والتزكية, الحملة الانتخابية""], ""accepted"": true}","[{""target_id"": ""RNI"", ""target_type"": ""party"", ""target_name"": ""التجمع الوطني للأحرار"", ""label"": ""favorable"", ""label_ar"": ""إيجابي أو داعم"", ""confidence"": ""medium"", ""positive_score"": 2, ""negative_score"": 0, ""mention_count"": 13, ""editorial_segment_count"": 10, ""reported_segment_count"": 3, ""evidence"": [""قيادة المرحلة"", ""إنجازات""]}, {""target_id"": ""PAM"", ""target_type"": ""party"", ""target_name"": ""حزب الأصالة والمعاصرة"", ""label"": ""favorable"", ""label_ar"": ""إيجابي أو داعم"", ""confidence"": ""medium"", ""positive_score"": 2, ""negative_score"": 0, ""mention_count"": 12, ""editorial_segment_count"": 8, ""reported_segment_count"": 4, ""evidence"": [""قيادة المرحلة"", ""إنجازات""]}, {""target_id"": ""PJD"", ""target_type"": ""party"", ""target_name"": ""حزب العدالة والتنمية"", ""label"": ""neutral"", ""label_ar"": ""محايد أو إخباري"", ""confidence"": ""medium"", ""positive_score"": 0, ""negative_score"": 0, ""mention_count"": 5, ""editorial_segment_count"": 3, ""reported_segment_count"": 2, ""evidence"": []}, {""target_id"": ""PI"", ""target_type"": ""party"", ""target_name"": ""حزب الاستقلال"", ""label"": ""neutral"", ""label_ar"": ""محايد أو إخباري"", ""confidence"": ""medium"", ""positive_score"": 0, ""negative_score"": 0, ""mention_count"": 4, ""editorial_segment_count"": 2, ""reported_segment_count"": 2, ""evidence"": []}, {""target_id"": ""person_022"", ""target_type"": ""person"", ""target_name"": ""عبد الإله بنكيران"", ""label"": ""unclear"", ""label_ar"": ""غير واضح"", ""confidence"": ""low"", ""positive_score"": 0, ""negative_score"": 1, ""mention_count"": 11, ""editorial_segment_count"": 9, ""reported_segment_count"": 2, ""evidence"": [""انتقادات""]}, {""target_id"": ""person_001"", ""target_type"": ""person"", ""target_name"": ""عزيز أخنوش"", ""label"": ""unclear"", ""label_ar"": ""غير واضح"", ""confidence"": ""low"", ""positive_score"": 0, ""negative_score"": 1, ""mention_count"": 20, ""editorial_segment_count"": 14, ""reported_segment_count"": 6, ""evidence"": [""انتقادات""]}, {""target_id"": ""person_031"", ""target_type"": ""person"", ""target_name"": ""فوزي لقجع"", ""label"": ""neutral"", ""label_ar"": ""محايد أو إخباري"", ""confidence"": ""medium"", ""positive_score"": 0, ""negative_score"": 0, ""mention_count"": 9, ""editorial_segment_count"": 6, ""reported_segment_count"": 3, ""evidence"": []}, {""target_id"": ""person_023"", ""target_type"": ""person"", ""target_name"": ""فاطمة الزهراء المنصوري"", ""label"": ""neutral"", ""label_ar"": ""محايد أو إخباري"", ""confidence"": ""low"", ""positive_score"": 0, ""negative_score"": 0, ""mention_count"": 1, ""editorial_segment_count"": 1, ""reported_segment_count"": 0, ""evidence"": []}, {""target_id"": ""person_019"", ""target_type"": ""person"", ""target_name"": ""نزار بركة"", ""label"": ""neutral"", ""label_ar"": ""محايد أو إخباري"", ""confidence"": ""low"", ""positive_score"": 0, ""negative_score"": 0, ""mention_count"": 1, ""editorial_segment_count"": 0, ""reported_segment_count"": 1, ""evidence"": []}]",evt_cf2c50ffe770,2026-09-21T22:00:25.830107+00:00
9f34eaf98a60b32a,le360,Le360,Agadir au cœur d’une bataille électorale décisive,https://fr.le360.ma/politique/agadir-au-coeur-dune-bataille-electorale-decisive_FBUATIEX2BELFF57MB4EHMYYVM,La Rédaction,2026-09-21,2026-09-21T22:00:25.830107+00:00,2026-09-21T22:00:25.830107+00:00,fr,"La ferveur de la compétition électorale, dans la circonscription d’Agadir Ida Outanane, pousse les principaux responsables politiques à intensifier leur présence sur le terrain, illustrée",381,"{""region"": ""سوس ماسة"", ""primary_provinces"": [""أكادير إداوتنان"", ""اشتوكة أيت باها""], ""primary_places"": [""أكادير""], ""secondary_provinces"": [], ""secondary_places"": [""تغازوت"", ""ماسة""]}","{""primary"": [{""id"": ""RNI"", ""name"": ""التجمع الوطني للأحرار""}, {""id"": ""PJD"", ""name"": ""حزب العدالة والتنمية""}], ""secondary"": [{""id"": ""PI"", ""name"": ""حزب الاستقلال""}]}","{""primary"": [{""id"": ""person_022"", ""name"": ""عبد الإله بنكيران"", ""tier"": ""priority""}, {""id"": ""person_001"", ""name"": ""عزيز أخنوش"", ""tier"": ""priority""}], ""secondary"": [{""id"": ""person_004"", ""name"": ""عبد الصمد قيوح"", ""tier"": ""priority""}]}","{""primary"": [{""id"": ""elections"", ""name"": ""الانتخابات والاقتراع"", ""hits"": [""électorale"", ""électoral""]}, {""id"": ""electoral_campaign"", ""name"": ""الحملة الانتخابية"", ""hits"": [""campagne électorale"", ""programme électoral""]}, {""id"": ""government_politics"", ""name"": ""السياسات والحصيلة الحكومية"", ""hits"": [""chef du gouvernement"", ""gouvernement"", ""ministre""]}], ""secondary"": [{""id"": ""candidacy_nomination"", ""name"": ""الترشح والتزكية"", ""hits"": [""candidats""]}, {""id"": ""results_polls"", ""name"": ""النتائج والاستطلاعات الانتخابية"", ""hits"": [""sièges""]}, {""id"": ""political_statements"", ""name"": ""التصريحات والمواقف السياسية"", ""hits"": [""critique""]}]}","{""level"": ""strong"", ""geographic_score"": 4, ""political_score"": 7, ""decision_reason"": ""صلة جغرافية وسياسية قوية"", ""geographic_reasons"": [""إقليم رئيسي داخل سوس ماسة"", ""مدينة أو مكان رئيسي داخل سوس ماسة""], ""political_reasons"": [""أحزاب رئيسية: التجمع الوطني للأحرار, حزب العدالة والتنمية"", ""شخصيات رئيسية: عبد الإله بنكيران, عزيز أخنوش"", ""مواضيع سياسية: الانتخابات والاقتراع, الحملة الانتخابية, السياسات والحصيلة الحكومية""], ""accepted"": true}","[{""target_id"": ""RNI"", ""target_type"": ""party"", ""target_name"": ""التجمع الوطني للأحرار"", ""label"": ""neutral"", ""label_ar"": ""محايد أو إخباري"", ""confidence"": ""low"", ""positive_score"": 0, ""negative_score"": 0, ""mention_count"": 1, ""editorial_segment_count"": 1, ""reported_segment_count"": 0, ""evidence"": []}, {""target_id"": ""PJD"", ""target_type"": ""party"", ""target_name"": ""حزب العدالة والتنمية"", ""label"": ""neutral"", ""label_ar"": ""محايد أو إخباري"", ""confidence"": ""low"", ""positive_score"": 0, ""negative_score"": 0, ""mention_count"": 1, ""editorial_segment_count"": 1, ""reported_segment_count"": 0, ""evidence"": []}, {""target_id"": ""PI"", ""target_type"": ""party"", ""target_name"": ""حزب الاستقلال"", ""label"": ""unclear"", ""label_ar"": ""غير واضح"", ""confidence"": ""low"", ""positive_score"": 1, ""negative_score"": 0, ""mention_count"": 1, ""editorial_segment_count"": 1, ""reported_segment_count"": 0, ""evidence"": [""forte mobilisation""]}, {""target_id"": ""person_022"", ""target_type"": ""person"", ""target_name"": ""عبد الإله بنكيران"", ""label"": ""neutral"", ""label_ar"": ""محايد أو إخباري"", ""confidence"": ""medium"", ""positive_score"": 0, ""negative_score"": 0, ""mention_count"": 2, ""editorial_segment_count"": 2, ""reported_segment_count"": 0, ""evidence"": []}, {""target_id"": ""person_001"", ""target_type"": ""person"", ""target_name"": ""عزيز أخنوش"", ""label"": ""neutral"", ""label_ar"": ""محايد أو إخباري"", ""confidence"": ""medium"", ""positive_score"": 0, ""negative_score"": 0, ""mention_count"": 2, ""editorial_segment_count"": 2, ""reported_segment_count"": 0, ""evidence"": []}, {""target_id"": ""person_004"", ""target_type"": ""person"", ""target_name"": ""عبد الصمد قيوح"", ""label"": ""neutral"", ""label_ar"": ""محايد أو إخباري"", ""confidence"": ""low"", ""positive_score"": 0, ""negative_score"": 0, ""mention_count"": 1, ""editorial_segment_count"": 1, ""reported_segment_count"": 0, ""evidence"": []}]",evt_9f34eaf98a60,2026-09-21T22:00:25.830107+00:00
6efdd2262e44135d,chtoukapress,اشتوكة بريس,بالصوت والصورة.. كل ما يخص عملية التصويت في الانتخابات البرلمانية,https://www.chtoukapress.com/306909.html,,2026-09-19,2026-09-19T20:44:48.283763+00:00,2026-09-19T20:44:48.283763+00:00,ar,ساعات قليلة تفصل المغرب عن العودة إلى توقيت غرينيتش ربورطاج القناة الأولى حول اللقاء التواصلي في دور الاعلام في مواكبة الجيل الجديد من… يونس مجاهد:,133,"{""region"": ""سوس ماسة"", ""primary_provinces"": [""أكادير إداوتنان"", ""إنزكان أيت ملول""], ""primary_places"": [""إنزكان"", ""الدشيرة الجهادية""], ""secondary_provinces"": [""اشتوكة أيت باها""], ""secondary_places"": [""أكادير"", ""ماسة""]}","{""primary"": [], ""secondary"": []}","{""primary"": [], ""secondary"": []}","{""primary"": [{""id"": ""elections"", ""name"": ""الانتخابات والاقتراع"", ""hits"": [""التصويت""]}], ""secondary"": []}","{""level"": ""medium"", ""geographic_score"": 4, ""political_score"": 3, ""decision_reason"": ""صلة جغرافية وسياسية مقبولة"", ""geographic_reasons"": [""إقليم رئيسي داخل سوس ماسة"", ""مدينة أو مكان رئيسي داخل سوس ماسة""], ""political_reasons"": [""مواضيع سياسية: الانتخابات والاقتراع""], ""accepted"": true}",[],evt_6efdd2262e44,2026-09-19T20:44:48.283763+00:00
883c9b0097f7c4dd,agadir24,أكادير24,«الأحرار» بأكادير يناقش حصيلة قطاع التعليم بحضور أطر تربوية وجامعية | agadir24.info,https://agadir24.info/%D8%A7%D9%84%D8%A3%D8%AD%D8%B1%D8%A7%D8%B1-%D8%A8%D8%A3%D9%83%D8%A7%D8%AF%D9%8A%D8%B1-%D9%8A%D9%86%D8%A7%D9%82%D8%B4-%D8%AD%D8%B5%D9%8A%D9%84%D8%A9-%D9%82%D8%B7%D8%A7%D8%B9-%D8%A7%D9%84.html,أكادير,2026-09-19,2026-09-20T11:30:21.830981+00:00,2026-09-20T11:30:21.830981+00:00,ar,نظم حزب التجمع الوطني للأحرار بأكادير إداوتنان، أمس السبت، لقاء إقليميا خصص لمناقشة حصيلة العمل الحكومي في قطاع التربية والتكوين ومستقبل المدرسة العمومية، بمشاركة نساء,227,"{""region"": ""سوس ماسة"", ""primary_provinces"": [""أكادير إداوتنان""], ""primary_places"": [""أكادير""], ""secondary_provinces"": [], ""secondary_places"": []}","{""primary"": [{""id"": ""RNI"", ""name"": ""التجمع الوطني للأحرار""}], ""secondary"": []}","{""primary"": [], ""secondary"": []}","{""primary"": [], ""secondary"": [{""id"": ""elections"", ""name"": ""الانتخابات والاقتراع"", ""hits"": [""استحقاقات""]}, {""id"": ""candidacy_nomination"", ""name"": ""الترشح والتزكية"", ""hits"": [""مرشحة""]}, {""id"": ""electoral_campaign"", ""name"": ""الحملة الانتخابية"", ""hits"": [""الحملة الانتخابية""]}]}","{""level"": ""medium"", ""geographic_score"": 4, ""political_score"": 2, ""decision_reason"": ""صلة جغرافية وسياسية مقبولة"", ""geographic_reasons"": [""إقليم رئيسي داخل سوس ماسة"", ""مدينة أو مكان رئيسي داخل سوس ماسة""], ""political_reasons"": [""أحزاب رئيسية: التجمع الوطني للأحرار""], ""accepted"": true}","[{""target_id"": ""RNI"", ""target_type"": ""party"", ""target_name"": ""التجمع الوطني للأحرار"", ""label"": ""neutral"", ""label_ar"": ""محايد أو إخباري"", ""confidence"": ""medium"", ""positive_score"": 0, ""negative_score"": 0, ""mention_count"": 4, ""editorial_segment_count"": 4, ""reported_segment_count"": 0, ""evidence"": []}]",evt_883c9b0097f7,2026-09-20T11:30:21.830981+00:00
1b480792773c47c5,agadirinfo,أكادير أنفو,في مبادرة متميزة وسط زخم الحملة … الأحرار بأكادير يفتحون نقاش التعليم بحضور نساء ورجال التعليم - أكادير انفو - Agadir info,https://agadirinfo.ma/134581.html,اكادير انفو,2026-09-19,2026-09-20T16:11:07.508675+00:00,2026-09-20T16:11:07.508675+00:00,ar,أكادير والجهةفي مبادرة متميزة وسط زخم الحملة … الأحرار بأكادير يفتحون نقاش التعليم بحضور نساء ورجال التعليم واصل حزب التجمع الوطني للأحرار بأكادير إداوتنان تعزيز,221,"{""region"": ""سوس ماسة"", ""primary_provinces"": [""أكادير إداوتنان""], ""primary_places"": [""أكادير""], ""secondary_provinces"": [], ""secondary_places"": []}","{""primary"": [{""id"": ""RNI"", ""name"": ""التجمع الوطني للأحرار""}], ""secondary"": []}","{""primary"": [], ""secondary"": []}","{""primary"": [], ""secondary"": [{""id"": ""political_statements"", ""name"": ""التصريحات والمواقف السياسية"", ""hits"": [""أكد""]}]}","{""level"": ""medium"", ""geographic_score"": 4, ""political_score"": 2, ""decision_reason"": ""صلة جغرافية وسياسية مقبولة"", ""geographic_reasons"": [""إقليم رئيسي داخل سوس ماسة"", ""مدينة أو مكان رئيسي داخل سوس ماسة""], ""political_reasons"": [""أحزاب رئيسية: التجمع الوطني للأحرار""], ""accepted"": true}","[{""target_id"": ""RNI"", ""target_type"": ""party"", ""target_name"": ""التجمع الوطني للأحرار"", ""label"": ""neutral"", ""label_ar"": ""محايد أو إخباري"", ""confidence"": ""medium"", ""positive_score"": 0, ""negative_score"": 0, ""mention_count"": 4, ""editorial_segment_count"": 3, ""reported_segment_count"": 1, ""evidence"": []}]",evt_1b480792773c,2026-09-20T16:11:07.508675+00:00
ddf21496c84ffa80,agadir24,أكادير24,العثماني يؤطر مهرجانا خطابيا لحزب العدالة والتنمية بتيزنيت غدا الأحد | agadir24.info,https://agadir24.info/%D8%A7%D9%84%D8%B9%D8%AB%D9%85%D8%A7%D9%86%D9%8A-%D9%8A%D8%A4%D8%B7%D8%B1-%D9%85%D9%87%D8%B1%D8%AC%D8%A7%D9%86%D8%A7-%D8%AE%D8%B7%D8%A7%D8%A8%D9%8A%D8%A7-%D9%84%D8%AD%D8%B2%D8%A8-%D8%A7%D9%84%D8%B9.html,عبدالله بن عيسى,2026-09-18,2026-09-19T15:55:00.009938+00:00,2026-09-19T15:55:00.009938+00:00,ar,يحل سعد الدين العثماني، رئيس الحكومة الأسبق والأمين العام السابق لحزب العدالة والتنمية، غدا الأحد 20 شتنبر 2026، بمدينة تيزنيت، لتأطير مهرجان خطابي ينظمه الحزب,192,"{""region"": ""سوس ماسة"", ""primary_provinces"": [""اشتوكة أيت باها"", ""تزنيت""], ""primary_places"": [""أكلو""], ""secondary_provinces"": [], ""secondary_places"": [""ماسة""]}","{""primary"": [{""id"": ""PJD"", ""name"": ""حزب العدالة والتنمية""}], ""secondary"": []}","{""primary"": [], ""secondary"": []}","{""primary"": [{""id"": ""elections"", ""name"": ""الانتخابات والاقتراع"", ""hits"": [""انتخابات"", ""اقتراع""]}], ""secondary"": [{""id"": ""party_activity"", ""name"": ""الأنشطة والتنظيمات الحزبية"", ""hits"": [""مهرجان خطابي""]}, {""id"": ""government_politics"", ""name"": ""السياسات والحصيلة الحكومية"", ""hits"": [""رئيس الحكومة""]}, {""id"": ""electoral_campaign"", ""name"": ""الحملة الانتخابية"", ""hits"": [""الحملة الانتخابية""]}]}","{""level"": ""strong"", ""geographic_score"": 4, ""political_score"": 5, ""decision_reason"": ""صلة جغرافية وسياسية قوية"", ""geographic_reasons"": [""إقليم رئيسي داخل سوس ماسة"", ""مدينة أو مكان رئيسي داخل سوس ماسة""], ""political_reasons"": [""أحزاب رئيسية: حزب العدالة والتنمية"", ""مواضيع سياسية: الانتخابات والاقتراع""], ""accepted"": true}","[{""target_id"": ""PJD"", ""target_type"": ""party"", ""target_name"": ""حزب العدالة والتنمية"", ""label"": ""neutral"", ""label_ar"": ""محايد أو إخباري"", ""confidence"": ""medium"", ""positive_score"": 0, ""negative_score"": 0, ""mention_count"": 4, ""editorial_segment_count"": 4, ""reported_segment_count"": 0, ""evidence"": []}]",evt_ddf21496c84f,2026-09-19T15:55:00.009938+00:00
0500c2fa013f15a5,agadirinfo,أكادير أنفو,الانتخابات التشريعية.. منح التسهيلات للأطر والموظفين والأعوان من أجل ممارسة حقهم في التصويت - أكادير انفو - Agadir info,https://agadirinfo.ma/134571.html,اكادير انفو,2026-09-18,2026-09-19T15:55:00.009938+00:00,2026-09-19T15:55:00.009938+00:00,ar,المجتمع والناسالانتخابات التشريعية.. منح التسهيلات للأطر والموظفين والأعوان من أجل ممارسة حقهم في التصويت أفاد بلاغ لرئاسة الحكومة أنه بمناسبة الانتخابات التشريعية لانتخاب أعضاء مجلس,124,"{""region"": ""سوس ماسة"", ""primary_provinces"": [""أكادير إداوتنان""], ""primary_places"": [""أكادير""], ""secondary_provinces"": [], ""secondary_places"": []}","{""primary"": [], ""secondary"": []}","{""primary"": [], ""secondary"": []}","{""primary"": [{""id"": ""elections"", ""name"": ""الانتخابات والاقتراع"", ""hits"": [""التصويت"", ""الاستحقاقات الانتخابية"", ""الاستحقاقات""]}, {""id"": ""government_politics"", ""name"": ""السياسات والحصيلة الحكومية"", ""hits"": [""رئيس الحكومة""]}], ""secondary"": [{""id"": ""political_statements"", ""name"": ""التصريحات والمواقف السياسية"", ""hits"": [""بلاغ""]}]}","{""level"": ""strong"", ""geographic_score"": 4, ""political_score"": 4, ""decision_reason"": ""صلة جغرافية وسياسية قوية"", ""geographic_reasons"": [""إقليم رئيسي داخل سوس ماسة"", ""مدينة أو مكان رئيسي داخل سوس ماسة""], ""political_reasons"": [""مواضيع سياسية: الانتخابات والاقتراع, السياسات والحصيلة الحكومية""], ""accepted"": true}",[],evt_0500c2fa013f,2026-09-19T15:55:00.009938+00:00
e4db369b62f05106,thepress,ThePress,إدارة مستشفى أكادير توضح ملابسات ولادة سيدة قرب مدخل المؤسسة,https://thepress.ma/%D8%A5%D8%AF%D8%A7%D8%B1%D8%A9-%D9%85%D8%B3%D8%AA%D8%B4%D9%81%D9%89-%D8%A3%D9%83%D8%A7%D8%AF%D9%8A%D8%B1-%D8%AA%D9%88%D8%B6%D8%AD-%D9%85%D9%84%D8%A7%D8%A8%D8%B3%D8%A7%D8%AA-%D9%88%D9%84%D8%A7%D8%AF,فرح بجدير,2026-09-18,2026-09-19T15:55:00.009938+00:00,2026-09-19T15:55:00.009938+00:00,ar,كشفت إدارة المجموعة الصحية الترابية لجهة سوس-ماسة تفاصيل واقعة ولادة سيدة بالقرب من أحد مداخل المركز الاستشفائي الجامعي محمد السادس بأكادير، وذلك عقب تداول معطيات,210,"{""region"": ""سوس ماسة"", ""primary_provinces"": [""أكادير إداوتنان"", ""اشتوكة أيت باها""], ""primary_places"": [""أكادير""], ""secondary_provinces"": [], ""secondary_places"": [""ماسة""]}","{""primary"": [], ""secondary"": []}","{""primary"": [], ""secondary"": []}","{""primary"": [{""id"": ""political_statements"", ""name"": ""التصريحات والمواقف السياسية"", ""hits"": [""بلاغ"", ""أكد""]}], ""secondary"": []}","{""level"": ""medium"", ""geographic_score"": 4, ""political_score"": 2, ""decision_reason"": ""صلة جغرافية وسياسية مقبولة"", ""geographic_reasons"": [""إقليم رئيسي داخل سوس ماسة"", ""مدينة أو مكان رئيسي داخل سوس ماسة""], ""political_reasons"": [""مواضيع سياسية: التصريحات والمواقف السياسية""], ""accepted"": true}",[],evt_e4db369b62f0,2026-09-19T15:55:00.009938+00:00
8c28f60c1689ba10,agadir24,أكادير24,"بنكيران يحذر من عودة ""التحكم""، و يقول: لم أعاين في حياتي مبلغ مليار، و أقصى ما حزته هو مبلغ 100 مليون | agadir24.info",https://agadir24.info/%D8%A8%D9%86%D9%83%D9%8A%D8%B1%D8%A7%D9%86-%D9%8A%D8%AD%D8%B0%D8%B1-%D9%85%D9%86-%D8%B9%D9%88%D8%AF%D8%A9-%D8%A7%D9%84%D8%AA%D8%AD%D9%83%D9%85%D8%8C-%D9%88-%D9%8A%D9%82%D9%88%D9%84-%D9%84%D9%85.html,أكادير,2026-09-18,2026-09-19T20:44:48.283763+00:00,2026-09-19T20:44:48.283763+00:00,ar,في خطاب جماهيري حاشد أحيا أجواء السجال السياسي المحتدم، شهد مسرح الهواء الطلق بمدينة أكادير يوم السبت 19 شتنبر 2026 حشوداً غفيرة لمتابعة المهرجان الخطابي,196,"{""region"": ""سوس ماسة"", ""primary_provinces"": [""أكادير إداوتنان""], ""primary_places"": [""أكادير""], ""secondary_provinces"": [], ""secondary_places"": []}","{""primary"": [{""id"": ""PJD"", ""name"": ""حزب العدالة والتنمية""}, {""id"": ""PAM"", ""name"": ""حزب الأصالة والمعاصرة""}], ""secondary"": []}","{""primary"": [{""id"": ""person_022"", ""name"": ""عبد الإله بنكيران"", ""tier"": ""priority""}, {""id"": ""person_001"", ""name"": ""عزيز أخنوش"", ""tier"": ""priority""}], ""secondary"": []}","{""primary"": [], ""secondary"": [{""id"": ""political_statements"", ""name"": ""التصريحات والمواقف السياسية"", ""hits"": [""صرح"", ""أكد""]}, {""id"": ""government_politics"", ""name"": ""السياسات والحصيلة الحكومية"", ""hits"": [""رئيس الحكومة""]}]}","{""level"": ""medium"", ""geographic_score"": 4, ""political_score"": 3, ""decision_reason"": ""صلة جغرافية وسياسية مقبولة"", ""geographic_reasons"": [""إقليم رئيسي داخل سوس ماسة"", ""مدينة أو مكان رئيسي داخل سوس ماسة""], ""political_reasons"": [""أحزاب رئيسية: حزب العدالة والتنمية, حزب الأصالة والمعاصرة"", ""شخصيات رئيسية: عبد الإله بنكيران, عزيز أخنوش""], ""accepted"": true}","[{""target_id"": ""PJD"", ""target_type"": ""party"", ""target_name"": ""حزب العدالة والتنمية"", ""label"": ""neutral"", ""label_ar"": ""محايد أو إخباري"", ""confidence"": ""low"", ""positive_score"": 0, ""negative_score"": 0, ""mention_count"": 1, ""editorial_segment_count"": 1, ""reported_segment_count"": 0, ""evidence"": []}, {""target_id"": ""PAM"", ""target_type"": ""party"", ""target_name"": ""حزب الأصالة والمعاصرة"", ""label"": ""neutral"", ""label_ar"": ""محايد أو إخباري"", ""confidence"": ""low"", ""positive_score"": 0, ""negative_score"": 0, ""mention_count"": 1, ""editorial_segment_count"": 0, ""reported_segment_count"": 1, ""evidence"": []}, {""target_id"": ""person_022"", ""target_type"": ""person"", ""target_name"": ""عبد الإله بنكيران"", ""label"": ""neutral"", ""label_ar"": ""محايد أو إخباري"", ""confidence"": ""medium"", ""positive_score"": 0, ""negative_score"": 0, ""mention_count"": 5, ""editorial_segment_count"": 2, ""reported_segment_count"": 3, ""evidence"": []}, {""target_id"": ""person_001"", ""target_type"": ""person"", ""target_name"": ""عزيز أخنوش"", ""label"": ""neutral"", ""label_ar"": ""محايد أو إخباري"", ""confidence"": ""low"", ""positive_score"": 0, ""negative_score"": 0, ""mention_count"": 1, ""editorial_segment_count"": 0, ""reported_segment_count"": 1, ""evidence"": []}]",evt_8c28f60c1689,2026-09-19T20:44:48.283763+00:00
774b1c7665cdb6cc,agadir24,أكادير24,«الأصالة والمعاصرة» بسوس ماسة يعلن اللجوء إلى القضاء بعد أحداث بمقره في أكادير | agadir24.info,https://agadir24.info/%D8%A7%D9%84%D8%A3%D8%B5%D8%A7%D9%84%D8%A9-%D9%88%D8%A7%D9%84%D9%85%D8%B9%D8%A7%D8%B5%D8%B1%D8%A9-%D8%A8%D8%B3%D9%88%D8%B3-%D9%85%D8%A7%D8%B3%D8%A9-%D9%8A%D8%B9%D9%84%D9%86-%D8%A7%D9%84.html,عبدالله بن عيسى,2026-09-18,2026-09-19T20:44:48.283763+00:00,2026-09-19T20:44:48.283763+00:00,ar,أعلنت الأمانة العامة الجهوية لحزب الأصالة والمعاصرة بجهة سوس ماسة عزمها سلوك المساطر القانونية والقضائية، على خلفية أحداث قالت إنها شهدت «استفزازات واعتداءات» استهدفت مقر,281,"{""region"": ""سوس ماسة"", ""primary_provinces"": [""أكادير إداوتنان""], ""primary_places"": [""أكادير""], ""secondary_provinces"": [""اشتوكة أيت باها""], ""secondary_places"": [""ماسة"", ""أورير"", ""تغازوت""]}","{""primary"": [{""id"": ""PAM"", ""name"": ""حزب الأصالة والمعاصرة""}], ""secondary"": []}","{""primary"": [], ""secondary"": []}","{""primary"": [{""id"": ""political_statements"", ""name"": ""التصريحات والمواقف السياسية"", ""hits"": [""بلاغ"", ""أكد""]}], ""secondary"": [{""id"": ""elections"", ""name"": ""الانتخابات والاقتراع"", ""hits"": [""انتخابية""]}]}","{""level"": ""strong"", ""geographic_score"": 4, ""political_score"": 4, ""decision_reason"": ""صلة جغرافية وسياسية قوية"", ""geographic_reasons"": [""إقليم رئيسي داخل سوس ماسة"", ""مدينة أو مكان رئيسي داخل سوس ماسة""], ""political_reasons"": [""أحزاب رئيسية: حزب الأصالة والمعاصرة"", ""مواضيع سياسية: التصريحات والمواقف السياسية""], ""accepted"": true}","[{""target_id"": ""PAM"", ""target_type"": ""party"", ""target_name"": ""حزب الأصالة والمعاصرة"", ""label"": ""neutral"", ""label_ar"": ""محايد أو إخباري"", ""confidence"": ""medium"", ""positive_score"": 0, ""negative_score"": 0, ""mention_count"": 5, ""editorial_segment_count"": 3, ""reported_segment_count"": 2, ""evidence"": []}]",evt_774b1c7665cd,2026-09-19T20:44:48.283763+00:00
bcd45aae76c790d9,agadir24,أكادير24,"عبد الإله بنكيران من أكادير: ""دينكم مستهدف"".. والعدالة والتنمية مستمر في مسيرته رغم المؤامرات | agadir24.info",https://agadir24.info/%D8%B9%D8%A8%D8%AF-%D8%A7%D9%84%D8%A5%D9%84%D9%87-%D8%A8%D9%86%D9%83%D9%8A%D8%B1%D8%A7%D9%86-%D9%85%D9%86-%D8%A3%D9%83%D8%A7%D8%AF%D9%8A%D8%B1-%D8%AF%D9%8A%D9%86%D9%83%D9%85-%D9%85%D8%B3%D8%AA.html,أكادير,2026-09-18,2026-09-19T20:44:48.283763+00:00,2026-09-19T20:44:48.283763+00:00,ar,في مهرجان خطابي حاشد شهد إقبالاً جماهيرياً غفيراً بمسرح الهواء الطلق بمدينة أكادير اليوم السبت 19 سبتمبر 2026، وجه عبد الإله بنكيران، الأمين العام لحزب,160,"{""region"": ""سوس ماسة"", ""primary_provinces"": [""أكادير إداوتنان""], ""primary_places"": [""أكادير""], ""secondary_provinces"": [], ""secondary_places"": []}","{""primary"": [{""id"": ""PJD"", ""name"": ""حزب العدالة والتنمية""}], ""secondary"": []}","{""primary"": [{""id"": ""person_022"", ""name"": ""عبد الإله بنكيران"", ""tier"": ""priority""}], ""secondary"": []}","{""primary"": [], ""secondary"": [{""id"": ""candidacy_nomination"", ""name"": ""الترشح والتزكية"", ""hits"": [""مرشح""]}, {""id"": ""party_activity"", ""name"": ""الأنشطة والتنظيمات الحزبية"", ""hits"": [""مهرجان خطابي""]}, {""id"": ""political_statements"", ""name"": ""التصريحات والمواقف السياسية"", ""hits"": [""أكد""]}]}","{""level"": ""medium"", ""geographic_score"": 4, ""political_score"": 3, ""decision_reason"": ""صلة جغرافية وسياسية مقبولة"", ""geographic_reasons"": [""إقليم رئيسي داخل سوس ماسة"", ""مدينة أو مكان رئيسي داخل سوس ماسة""], ""political_reasons"": [""أحزاب رئيسية: حزب العدالة والتنمية"", ""شخصيات رئيسية: عبد الإله بنكيران""], ""accepted"": true}","[{""target_id"": ""PJD"", ""target_type"": ""party"", ""target_name"": ""حزب العدالة والتنمية"", ""label"": ""neutral"", ""label_ar"": ""محايد أو إخباري"", ""confidence"": ""medium"", ""positive_score"": 0, ""negative_score"": 0, ""mention_count"": 2, ""editorial_segment_count"": 1, ""reported_segment_count"": 1, ""evidence"": []}, {""target_id"": ""person_022"", ""target_type"": ""person"", ""target_name"": ""عبد الإله بنكيران"", ""label"": ""neutral"", ""label_ar"": ""محايد أو إخباري"", ""confidence"": ""medium"", ""positive_score"": 0, ""negative_score"": 0, ""mention_count"": 4, ""editorial_segment_count"": 1, ""reported_segment_count"": 3, ""evidence"": []}]",evt_bcd45aae76c7,2026-09-19T20:44:48.283763+00:00
7736d89af60c4d43,agadir24,أكادير24,"حزب العدالة والتنمية بأكادير يفتح النار على ""حكومة الكفاءات"" ويرد على محاولات التشويش | agadir24.info",https://agadir24.info/%D8%AD%D8%B2%D8%A8-%D8%A7%D9%84%D8%B9%D8%AF%D8%A7%D9%84%D8%A9-%D9%88%D8%A7%D9%84%D8%AA%D9%86%D9%85%D9%8A%D8%A9-%D8%A8%D8%A3%D9%83%D8%A7%D8%AF%D9%8A%D8%B1-%D9%8A%D9%81%D8%AA%D8%AD-%D8%A7%D9%84%D9%86.html,أكادير,2026-09-18,2026-09-19T20:44:48.283763+00:00,2026-09-19T20:44:48.283763+00:00,ar,شهد مسرح الهواء الطلق بمدينة أكادير، اليوم السبت 19 شتنبر 2026، تنظيم مهرجان خطابي حاشد لحزب العدالة والتنمية، خُصص لتفكيك حصيلة الأغلبية الحكومية والمحلية، واستعراض,280,"{""region"": ""سوس ماسة"", ""primary_provinces"": [""أكادير إداوتنان""], ""primary_places"": [""أكادير""], ""secondary_provinces"": [""اشتوكة أيت باها""], ""secondary_places"": [""ماسة""]}","{""primary"": [{""id"": ""PJD"", ""name"": ""حزب العدالة والتنمية""}, {""id"": ""RNI"", ""name"": ""التجمع الوطني للأحرار""}], ""secondary"": []}","{""primary"": [{""id"": ""person_001"", ""name"": ""عزيز أخنوش"", ""tier"": ""priority""}, {""id"": ""person_103"", ""name"": ""محمد باكيري"", ""tier"": ""manual_unverified""}], ""secondary"": [{""id"": ""person_099"", ""name"": ""سناء عكي"", ""tier"": ""secondary""}]}","{""primary"": [], ""secondary"": [{""id"": ""elections"", ""name"": ""الانتخابات والاقتراع"", ""hits"": [""التصويت"", ""صناديق الاقتراع""]}, {""id"": ""party_activity"", ""name"": ""الأنشطة والتنظيمات الحزبية"", ""hits"": [""مهرجان خطابي""]}, {""id"": ""government_politics"", ""name"": ""السياسات والحصيلة الحكومية"", ""hits"": [""الأغلبية الحكومية""]}, {""id"": ""elected_councils"", ""name"": ""المجالس المنتخبة والتدبير المحلي"", ""hits"": [""رئيس الجماعة""]}]}","{""level"": ""medium"", ""geographic_score"": 4, ""political_score"": 3, ""decision_reason"": ""صلة جغرافية وسياسية مقبولة"", ""geographic_reasons"": [""إقليم رئيسي داخل سوس ماسة"", ""مدينة أو مكان رئيسي داخل سوس ماسة""], ""political_reasons"": [""أحزاب رئيسية: حزب العدالة والتنمية, التجمع الوطني للأحرار"", ""شخصيات رئيسية: عزيز أخنوش, محمد باكيري""], ""accepted"": true}","[{""target_id"": ""PJD"", ""target_type"": ""party"", ""target_name"": ""حزب العدالة والتنمية"", ""label"": ""neutral"", ""label_ar"": ""محايد أو إخباري"", ""confidence"": ""medium"", ""positive_score"": 0, ""negative_score"": 0, ""mention_count"": 6, ""editorial_segment_count"": 3, ""reported_segment_count"": 3, ""evidence"": []}, {""target_id"": ""RNI"", ""target_type"": ""party"", ""target_name"": ""التجمع الوطني للأحرار"", ""label"": ""unclear"", ""label_ar"": ""غير واضح"", ""confidence"": ""low"", ""positive_score"": 0, ""negative_score"": 1, ""mention_count"": 1, ""editorial_segment_count"": 1, ""reported_segment_count"": 0, ""evidence"": [""تراجع""]}, {""target_id"": ""person_001"", ""target_type"": ""person"", ""target_name"": ""عزيز أخنوش"", ""label"": ""neutral"", ""label_ar"": ""محايد أو إخباري"", ""confidence"": ""low"", ""positive_score"": 0, ""negative_score"": 0, ""mention_count"": 1, ""editorial_segment_count"": 0, ""reported_segment_count"": 1, ""evidence"": []}, {""target_id"": ""person_103"", ""target_type"": ""person"", ""target_name"": ""محمد باكيري"", ""label"": ""neutral"", ""label_ar"": ""محايد أو إخباري"", ""confidence"": ""low"", ""positive_score"": 0, ""negative_score"": 0, ""mention_count"": 1, ""editorial_segment_count"": 0, ""reported_segment_count"": 1, ""evidence"": []}, {""target_id"": ""person_099"", ""target_type"": ""person"", ""target_name"": ""سناء عكي"", ""label"": ""neutral"", ""label_ar"": ""محايد أو إخباري"", ""confidence"": ""low"", ""positive_score"": 0, ""negative_score"": 0, ""mention_count"": 1, ""editorial_segment_count"": 1, ""reported_segment_count"": 0, ""evidence"": []}]",evt_7736d89af60c,2026-09-19T20:44:48.283763+00:00
33b044dbf70bbda4,agadir24,أكادير24,"رسالة من العدالة والتنمية بأكادير : حان الوقت ليعود الوهج للمصباح وينهي عصر ""الفراقشية"" | agadir24.info",https://agadir24.info/%D8%B1%D8%B3%D8%A7%D9%84%D8%A9-%D9%85%D9%86-%D8%A7%D9%84%D8%B9%D8%AF%D8%A7%D9%84%D8%A9-%D9%88%D8%A7%D9%84%D8%AA%D9%86%D9%85%D9%8A%D8%A9-%D8%A8%D8%A3%D9%83%D8%A7%D8%AF%D9%8A%D8%B1-%D8%AD%D8%A7%D9%86.html,أكادير,2026-09-18,2026-09-19T20:44:48.283763+00:00,2026-09-19T20:44:48.283763+00:00,ar,أكد أحمد أدراق، الكاتب الجهوي لحزب العدالة والتنمية، أن الحضور الجماهيري المكثف في المهرجان الخطابي الحاشد المنظم اليوم السبت 19 سبتمبر، يبعث بروافض حاسمة لكل,116,"{""region"": ""سوس ماسة"", ""primary_provinces"": [""أكادير إداوتنان""], ""primary_places"": [""أكادير""], ""secondary_provinces"": [], ""secondary_places"": []}","{""primary"": [{""id"": ""PJD"", ""name"": ""حزب العدالة والتنمية""}], ""secondary"": []}","{""primary"": [], ""secondary"": []}","{""primary"": [], ""secondary"": [{""id"": ""elections"", ""name"": ""الانتخابات والاقتراع"", ""hits"": [""استحقاقات""]}, {""id"": ""political_statements"", ""name"": ""التصريحات والمواقف السياسية"", ""hits"": [""أكد""]}]}","{""level"": ""medium"", ""geographic_score"": 4, ""political_score"": 2, ""decision_reason"": ""صلة جغرافية وسياسية مقبولة"", ""geographic_reasons"": [""إقليم رئيسي داخل سوس ماسة"", ""مدينة أو مكان رئيسي داخل سوس ماسة""], ""political_reasons"": [""أحزاب رئيسية: حزب العدالة والتنمية""], ""accepted"": true}","[{""target_id"": ""PJD"", ""target_type"": ""party"", ""target_name"": ""حزب العدالة والتنمية"", ""label"": ""neutral"", ""label_ar"": ""محايد أو إخباري"", ""confidence"": ""medium"", ""positive_score"": 0, ""negative_score"": 0, ""mention_count"": 2, ""editorial_segment_count"": 1, ""reported_segment_count"": 1, ""evidence"": []}]",evt_33b044dbf70b,2026-09-19T20:44:48.283763+00:00
0d5a481e6f910573,al3omk,العمق المغربي,حزب الأصالة والمعاصرة يندد بـ”اعتداءات” على مناضليه بأكادير ويهدد باللجوء إلى القضاء,https://al3omk.com/1189139.html,حفيظ مركوك,2026-09-18,2026-09-19T20:44:48.283763+00:00,2026-09-19T20:44:48.283763+00:00,ar,نددت الأمانة الجهوية لحزب الأصالة والمعاصرة بجهة سوس ماسة بما وصفته بـ”استفزازات واعتداءات” طالت مناضلي الحزب ومتضامنيه، وذلك خلال مسيرة نظمها الحزب بحي السلام بأكادير،,299,"{""region"": ""سوس ماسة"", ""primary_provinces"": [""أكادير إداوتنان"", ""إنزكان أيت ملول""], ""primary_places"": [""أكادير""], ""secondary_provinces"": [""اشتوكة أيت باها"", ""تارودانت"", ""طاطا""], ""secondary_places"": [""ماسة"", ""أورير"", ""أيت باها"", ""أيت ملول"", ""إنزكان""]}","{""primary"": [{""id"": ""PAM"", ""name"": ""حزب الأصالة والمعاصرة""}], ""secondary"": []}","{""primary"": [], ""secondary"": []}","{""primary"": [{""id"": ""electoral_campaign"", ""name"": ""الحملة الانتخابية"", ""hits"": [""الحملة الانتخابية""]}, {""id"": ""political_statements"", ""name"": ""التصريحات والمواقف السياسية"", ""hits"": [""بلاغ"", ""اعتبر""]}], ""secondary"": [{""id"": ""elections"", ""name"": ""الانتخابات والاقتراع"", ""hits"": [""الاستحقاقات الانتخابية"", ""الاستحقاقات""]}]}","{""level"": ""strong"", ""geographic_score"": 4, ""political_score"": 5, ""decision_reason"": ""صلة جغرافية وسياسية قوية"", ""geographic_reasons"": [""إقليم رئيسي داخل سوس ماسة"", ""مدينة أو مكان رئيسي داخل سوس ماسة""], ""political_reasons"": [""أحزاب رئيسية: حزب الأصالة والمعاصرة"", ""مواضيع سياسية: الحملة الانتخابية, التصريحات والمواقف السياسية""], ""accepted"": true}","[{""target_id"": ""PAM"", ""target_type"": ""party"", ""target_name"": ""حزب الأصالة والمعاصرة"", ""label"": ""neutral"", ""label_ar"": ""محايد أو إخباري"", ""confidence"": ""medium"", ""positive_score"": 0, ""negative_score"": 0, ""mention_count"": 3, ""editorial_segment_count"": 1, ""reported_segment_count"": 2, ""evidence"": []}]",evt_0d5a481e6f91,2026-09-19T20:44:48.283763+00:00
28887c343e074d42,agadir24,أكادير24,أخنوش يكثف تحركاته الميدانية بشمال أكادير، ويعزز حضور الأحرار في سوس ماسة | agadir24.info,https://agadir24.info/%D8%A3%D8%AE%D9%86%D9%88%D8%B4-%D9%8A%D9%83%D8%AB%D9%81-%D8%AA%D8%AD%D8%B1%D9%83%D8%A7%D8%AA%D9%87-%D8%A7%D9%84%D9%85%D9%8A%D8%AF%D8%A7%D9%86%D9%8A%D8%A9-%D8%A8%D8%B4%D9%85%D8%A7%D9%84-%D8%A3%D9%83.html,أكادير,2026-09-18,2026-09-20T11:30:21.830981+00:00,2026-09-20T11:30:21.830981+00:00,ar,في إطار تعزيز التواصل المباشر مع الساكنة المحلية وترسيخ سياسة القرب، قاد رئيس حزب التجمع الوطني للأحرار، عزيز أخنوش، جولة ميدانية موسعة بنفوذ عمالة أكادير,173,"{""region"": ""سوس ماسة"", ""primary_provinces"": [""أكادير إداوتنان""], ""primary_places"": [""أكادير""], ""secondary_provinces"": [""اشتوكة أيت باها""], ""secondary_places"": [""ماسة"", ""أورير"", ""تغازوت""]}","{""primary"": [{""id"": ""RNI"", ""name"": ""التجمع الوطني للأحرار""}], ""secondary"": []}","{""primary"": [{""id"": ""person_001"", ""name"": ""عزيز أخنوش"", ""tier"": ""priority""}], ""secondary"": [{""id"": ""person_039"", ""name"": ""رشيد بوخنفر"", ""tier"": ""secondary""}]}","{""primary"": [], ""secondary"": [{""id"": ""elections"", ""name"": ""الانتخابات والاقتراع"", ""hits"": [""استحقاقات""]}]}","{""level"": ""medium"", ""geographic_score"": 4, ""political_score"": 3, ""decision_reason"": ""صلة جغرافية وسياسية مقبولة"", ""geographic_reasons"": [""إقليم رئيسي داخل سوس ماسة"", ""مدينة أو مكان رئيسي داخل سوس ماسة""], ""political_reasons"": [""أحزاب رئيسية: التجمع الوطني للأحرار"", ""شخصيات رئيسية: عزيز أخنوش""], ""accepted"": true}","[{""target_id"": ""RNI"", ""target_type"": ""party"", ""target_name"": ""التجمع الوطني للأحرار"", ""label"": ""neutral"", ""label_ar"": ""محايد أو إخباري"", ""confidence"": ""medium"", ""positive_score"": 0, ""negative_score"": 0, ""mention_count"": 4, ""editorial_segment_count"": 4, ""reported_segment_count"": 0, ""evidence"": []}, {""target_id"": ""person_001"", ""target_type"": ""person"", ""target_name"": ""عزيز أخنوش"", ""label"": ""neutral"", ""label_ar"": ""محايد أو إخباري"", ""confidence"": ""medium"", ""positive_score"": 0, ""negative_score"": 0, ""mention_count"": 4, ""editorial_segment_count"": 3, ""reported_segment_count"": 1, ""evidence"": []}, {""target_id"": ""person_039"", ""target_type"": ""person"", ""target_name"": ""رشيد بوخنفر"", ""label"": ""neutral"", ""label_ar"": ""محايد أو إخباري"", ""confidence"": ""low"", ""positive_score"": 0, ""negative_score"": 0, ""mention_count"": 1, ""editorial_segment_count"": 1, ""reported_segment_count"": 0, ""evidence"": []}]",evt_28887c343e07,2026-09-20T11:30:21.830981+00:00
d92a0be44c5ef704,agadirino,أكاديرينو,الأحرار يحشد الآلاف بتارودانت.. والسعدي يدعو الشباب إلى المشاركة في الاقتراع (فيديو) - agadirino.ma,https://agadirino.ma/2026/09/18/%D8%A7%D9%84%D8%A3%D8%AD%D8%B1%D8%A7%D8%B1-%D9%8A%D8%AD%D8%B4%D8%AF-%D8%A7%D9%84%D8%A2%D9%84%D8%A7%D9%81-%D8%A8%D8%AA%D8%A7%D8%B1%D9%88%D8%AF%D8%A7%D9%86%D8%AA-%D9%88%D8%A7%D9%84%D8%B3%D8%B9%D8%AF,Driss Driss,2026-09-17,2026-09-18T04:48:57.977792+00:00,2026-09-18T04:48:57.977792+00:00,ar,أكد لحسن السعدي، القيادي بحزب التجمع الوطني للأحرار، خلال لقاء تواصلي بأولاد تايمة، أن الحزب يواصل الترافع عن قضايا إقليم تارودانت، مستحضراً عدداً من المشاريع,81,"{""region"": ""سوس ماسة"", ""primary_provinces"": [""تارودانت""], ""primary_places"": [""تارودانت""], ""secondary_provinces"": [], ""secondary_places"": [""أولاد تايمة""]}","{""primary"": [{""id"": ""RNI"", ""name"": ""التجمع الوطني للأحرار""}], ""secondary"": []}","{""primary"": [{""id"": ""person_006"", ""name"": ""لحسن السعدي"", ""tier"": ""priority""}], ""secondary"": []}","{""primary"": [{""id"": ""elections"", ""name"": ""الانتخابات والاقتراع"", ""hits"": [""الاستحقاقات الانتخابية"", ""التصويت"", ""الاستحقاقات""]}], ""secondary"": [{""id"": ""party_activity"", ""name"": ""الأنشطة والتنظيمات الحزبية"", ""hits"": [""لقاء تواصلي""]}, {""id"": ""political_statements"", ""name"": ""التصريحات والمواقف السياسية"", ""hits"": [""أكد""]}]}","{""level"": ""strong"", ""geographic_score"": 4, ""political_score"": 6, ""decision_reason"": ""صلة جغرافية وسياسية قوية"", ""geographic_reasons"": [""إقليم رئيسي داخل سوس ماسة"", ""مدينة أو مكان رئيسي داخل سوس ماسة""], ""political_reasons"": [""أحزاب رئيسية: التجمع الوطني للأحرار"", ""شخصيات رئيسية: لحسن السعدي"", ""مواضيع سياسية: الانتخابات والاقتراع""], ""accepted"": true}","[{""target_id"": ""RNI"", ""target_type"": ""party"", ""target_name"": ""التجمع الوطني للأحرار"", ""label"": ""neutral"", ""label_ar"": ""محايد أو إخباري"", ""confidence"": ""medium"", ""positive_score"": 0, ""negative_score"": 0, ""mention_count"": 2, ""editorial_segment_count"": 1, ""reported_segment_count"": 1, ""evidence"": []}, {""target_id"": ""person_006"", ""target_type"": ""person"", ""target_name"": ""لحسن السعدي"", ""label"": ""neutral"", ""label_ar"": ""محايد أو إخباري"", ""confidence"": ""low"", ""positive_score"": 0, ""negative_score"": 0, ""mention_count"": 1, ""editorial_segment_count"": 0, ""reported_segment_count"": 1, ""evidence"": []}]",evt_d92a0be44c5e,2026-09-18T04:48:57.977792+00:00
01cb5cf7d3e0695b,agadirinfo,أكادير أنفو,لحسن السعدي يؤكد من أولاد تايمة استمرار “الثورة التنموية” بتارودانت وصدارة الأحرار للتشريعيات المقبلة - أكادير انفو - Agadir info,https://agadirinfo.ma/134549.html,اكادير انفو,2026-09-17,2026-09-18T04:48:57.977792+00:00,2026-09-18T04:48:57.977792+00:00,ar,أكادير والجهةلحسن السعدي يؤكد من أولاد تايمة استمرار “الثورة التنموية” بتارودانت وصدارة الأحرار للتشريعيات المقبلة أكد لحسن السعدي، عضو المكتب السياسي لحزب التجمع الوطني للأحرار،,260,"{""region"": ""سوس ماسة"", ""primary_provinces"": [""تارودانت""], ""primary_places"": [""أولاد تايمة"", ""تارودانت""], ""secondary_provinces"": [""أكادير إداوتنان""], ""secondary_places"": [""أكادير""]}","{""primary"": [{""id"": ""RNI"", ""name"": ""التجمع الوطني للأحرار""}], ""secondary"": []}","{""primary"": [{""id"": ""person_001"", ""name"": ""عزيز أخنوش"", ""tier"": ""priority""}, {""id"": ""person_006"", ""name"": ""لحسن السعدي"", ""tier"": ""priority""}], ""secondary"": []}","{""primary"": [{""id"": ""elections"", ""name"": ""الانتخابات والاقتراع"", ""hits"": [""تشريعيات"", ""انتخابات"", ""الاستحقاقات""]}, {""id"": ""political_statements"", ""name"": ""التصريحات والمواقف السياسية"", ""hits"": [""أكد"", ""اعتبر""]}], ""secondary"": [{""id"": ""party_activity"", ""name"": ""الأنشطة والتنظيمات الحزبية"", ""hits"": [""لقاء تواصلي""]}, {""id"": ""government_politics"", ""name"": ""السياسات والحصيلة الحكومية"", ""hits"": [""رئيس الحكومة""]}]}","{""level"": ""strong"", ""geographic_score"": 4, ""political_score"": 7, ""decision_reason"": ""صلة جغرافية وسياسية قوية"", ""geographic_reasons"": [""إقليم رئيسي داخل سوس ماسة"", ""مدينة أو مكان رئيسي داخل سوس ماسة""], ""political_reasons"": [""أحزاب رئيسية: التجمع الوطني للأحرار"", ""شخصيات رئيسية: عزيز أخنوش, لحسن السعدي"", ""مواضيع سياسية: الانتخابات والاقتراع, التصريحات والمواقف السياسية""], ""accepted"": true}","[{""target_id"": ""RNI"", ""target_type"": ""party"", ""target_name"": ""التجمع الوطني للأحرار"", ""label"": ""neutral"", ""label_ar"": ""محايد أو إخباري"", ""confidence"": ""medium"", ""positive_score"": 0, ""negative_score"": 0, ""mention_count"": 2, ""editorial_segment_count"": 1, ""reported_segment_count"": 1, ""evidence"": []}, {""target_id"": ""person_001"", ""target_type"": ""person"", ""target_name"": ""عزيز أخنوش"", ""label"": ""favorable"", ""label_ar"": ""إيجابي أو داعم"", ""confidence"": ""medium"", ""positive_score"": 2, ""negative_score"": 0, ""mention_count"": 3, ""editorial_segment_count"": 1, ""reported_segment_count"": 2, ""evidence"": [""كفاءات""]}, {""target_id"": ""person_006"", ""target_type"": ""person"", ""target_name"": ""لحسن السعدي"", ""label"": ""neutral"", ""label_ar"": ""محايد أو إخباري"", ""confidence"": ""medium"", ""positive_score"": 0, ""negative_score"": 0, ""mention_count"": 2, ""editorial_segment_count"": 1, ""reported_segment_count"": 1, ""evidence"": []}]",evt_01cb5cf7d3e0,2026-09-18T04:48:57.977792+00:00
c6e33d06dd43d90f,hespress,هسبريس,"أوجار: المرتبة الأولى لا تصنعها الصالونات.. و""الأحرار"" سيتصدر الانتخابات",https://www.hespress.com/%D8%A3%D9%88%D8%AC%D8%A7%D8%B1-%D8%A7%D9%84%D9%85%D8%B1%D8%AA%D8%A8%D8%A9-%D8%A7%D9%84%D8%A3%D9%88%D9%84%D9%89-%D9%84%D8%A7-%D8%AA%D8%B5%D9%86%D8%B9%D9%87%D8%A7-%D8%A7%D9%84%D8%B5%D8%A7%D9%84%D9%88-1809167.html,هسبريس,2026-09-17,2026-09-18T04:48:57.977792+00:00,2026-09-18T04:48:57.977792+00:00,ar,قال محمد أوجار، القيادي التجمعي عضو المكتب السياسي لحزب “RNI”، إن الأخير يدخل الاستحقاقات التشريعية المقبلة برهان تصدرها، معتبرا أن حصيلة الحكومة التي يقودها عزيز,548,"{""region"": ""سوس ماسة"", ""primary_provinces"": [""تارودانت""], ""primary_places"": [""أولاد تايمة""], ""secondary_provinces"": [], ""secondary_places"": []}","{""primary"": [{""id"": ""RNI"", ""name"": ""التجمع الوطني للأحرار""}], ""secondary"": [{""id"": ""PAM"", ""name"": ""حزب الأصالة والمعاصرة""}]}","{""primary"": [{""id"": ""person_001"", ""name"": ""عزيز أخنوش"", ""tier"": ""priority""}], ""secondary"": [{""id"": ""person_031"", ""name"": ""فوزي لقجع"", ""tier"": ""priority""}]}","{""primary"": [{""id"": ""elections"", ""name"": ""الانتخابات والاقتراع"", ""hits"": [""الاستحقاقات"", ""الاستحقاقات الانتخابية"", ""التصويت"", ""صناديق الاقتراع""]}, {""id"": ""political_statements"", ""name"": ""التصريحات والمواقف السياسية"", ""hits"": [""أكد"", ""انتقد""]}], ""secondary"": [{""id"": ""party_activity"", ""name"": ""الأنشطة والتنظيمات الحزبية"", ""hits"": [""لقاء تواصلي""]}, {""id"": ""electoral_campaign"", ""name"": ""الحملة الانتخابية"", ""hits"": [""الحملة الانتخابية""]}, {""id"": ""results_polls"", ""name"": ""النتائج والاستطلاعات الانتخابية"", ""hits"": [""نتائج الانتخابات""]}, {""id"": ""government_politics"", ""name"": ""السياسات والحصيلة الحكومية"", ""hits"": [""رئيس الحكومة""]}]}","{""level"": ""strong"", ""geographic_score"": 4, ""political_score"": 7, ""decision_reason"": ""صلة جغرافية وسياسية قوية"", ""geographic_reasons"": [""إقليم رئيسي داخل سوس ماسة"", ""مدينة أو مكان رئيسي داخل سوس ماسة""], ""political_reasons"": [""أحزاب رئيسية: التجمع الوطني للأحرار"", ""شخصيات رئيسية: عزيز أخنوش"", ""مواضيع سياسية: الانتخابات والاقتراع, التصريحات والمواقف السياسية""], ""accepted"": true}","[{""target_id"": ""RNI"", ""target_type"": ""party"", ""target_name"": ""التجمع الوطني للأحرار"", ""label"": ""neutral"", ""label_ar"": ""محايد أو إخباري"", ""confidence"": ""medium"", ""positive_score"": 0, ""negative_score"": 0, ""mention_count"": 7, ""editorial_segment_count"": 1, ""reported_segment_count"": 6, ""evidence"": []}, {""target_id"": ""PAM"", ""target_type"": ""party"", ""target_name"": ""حزب الأصالة والمعاصرة"", ""label"": ""neutral"", ""label_ar"": ""محايد أو إخباري"", ""confidence"": ""low"", ""positive_score"": 0, ""negative_score"": 0, ""mention_count"": 1, ""editorial_segment_count"": 0, ""reported_segment_count"": 1, ""evidence"": []}, {""target_id"": ""person_001"", ""target_type"": ""person"", ""target_name"": ""عزيز أخنوش"", ""label"": ""neutral"", ""label_ar"": ""محايد أو إخباري"", ""confidence"": ""medium"", ""positive_score"": 0, ""negative_score"": 0, ""mention_count"": 3, ""editorial_segment_count"": 0, ""reported_segment_count"": 3, ""evidence"": []}, {""target_id"": ""person_031"", ""target_type"": ""person"", ""target_name"": ""فوزي لقجع"", ""label"": ""neutral"", ""label_ar"": ""محايد أو إخباري"", ""confidence"": ""low"", ""positive_score"": 0, ""negative_score"": 0, ""mention_count"": 1, ""editorial_segment_count"": 0, ""reported_segment_count"": 1, ""evidence"": []}]",evt_c6e33d06dd43,2026-09-18T04:48:57.977792+00:00
919b705c731e1f19,agadir24,أكادير24,أربعة أيام قبل الصمت الانتخابي بسوس ماسة.. حين تطغى الدعاية والصور على البرامج | agadir24.info,https://agadir24.info/%D8%A3%D8%B1%D8%A8%D8%B9%D8%A9-%D8%A3%D9%8A%D8%A7%D9%85-%D9%82%D8%A8%D9%84-%D8%A7%D9%84%D8%B5%D9%85%D8%AA-%D8%A7%D9%84%D8%A7%D9%86%D8%AA%D8%AE%D8%A7%D8%A8%D9%8A-%D8%A8%D8%B3%D9%88%D8%B3-%D9%85%D8%A7.html,عبدالله بن عيسى,2026-09-17,2026-09-18T11:21:25.214087+00:00,2026-09-18T11:21:25.214087+00:00,ar,لم يتبق، ابتداء من الجمعة 18 شتنبر 2026، سوى أربعة أيام على إسدال الستار عن الحملة الانتخابية الخاصة بانتخابات مجلس النواب، المقرر إجراؤها يوم الأربعاء,1464,"{""region"": ""سوس ماسة"", ""primary_provinces"": [""أكادير إداوتنان"", ""إنزكان أيت ملول""], ""primary_places"": [""أكادير"", ""أيت ملول""], ""secondary_provinces"": [""اشتوكة أيت باها"", ""تارودانت"", ""طاطا""], ""secondary_places"": [""ماسة"", ""أيت باها"", ""إنزكان"", ""تارودانت"", ""طاطا""]}","{""primary"": [], ""secondary"": []}","{""primary"": [], ""secondary"": []}","{""primary"": [{""id"": ""elections"", ""name"": ""الانتخابات والاقتراع"", ""hits"": [""انتخابات"", ""انتخابية"", ""اقتراع"", ""التصويت"", ""صناديق الاقتراع""]}, {""id"": ""electoral_campaign"", ""name"": ""الحملة الانتخابية"", ""hits"": [""الحملة الانتخابية"", ""برنامج انتخابي""]}], ""secondary"": [{""id"": ""candidacy_nomination"", ""name"": ""الترشح والتزكية"", ""hits"": [""مرشح""]}, {""id"": ""results_polls"", ""name"": ""النتائج والاستطلاعات الانتخابية"", ""hits"": [""عدد الأصوات""]}]}","{""level"": ""strong"", ""geographic_score"": 4, ""political_score"": 4, ""decision_reason"": ""صلة جغرافية وسياسية قوية"", ""geographic_reasons"": [""إقليم رئيسي داخل سوس ماسة"", ""مدينة أو مكان رئيسي داخل سوس ماسة""], ""political_reasons"": [""مواضيع سياسية: الانتخابات والاقتراع, الحملة الانتخابية""], ""accepted"": true}",[],evt_919b705c731e,2026-09-18T11:21:25.214087+00:00
4e924b2f4f5b72a2,chtoukapress,اشتوكة بريس,سيدي بيبي.. رئيس المجلس يرد ببيان ناري على نائبه المستقيل,https://www.chtoukapress.com/306884.html,Amikkk,2026-09-17,2026-09-18T20:56:44.448271+00:00,2026-09-18T20:56:44.448271+00:00,ar,توصل موقع اشتوكة بريس ببيان توضيحي من رئيس المجلس الجماعي لسيدي بيبي، يرد فيه عن بيان سابق لنائبه الاول في المجلس، بعد تقديم الاخير لإستقالته,814,"{""region"": ""سوس ماسة"", ""primary_provinces"": [""اشتوكة أيت باها""], ""primary_places"": [""سيدي بيبي""], ""secondary_provinces"": [""إنزكان أيت ملول""], ""secondary_places"": [""أيت باها"", ""إنزكان""]}","{""primary"": [], ""secondary"": []}","{""primary"": [], ""secondary"": []}","{""primary"": [{""id"": ""elected_councils"", ""name"": ""المجالس المنتخبة والتدبير المحلي"", ""hits"": [""رئيس المجلس"", ""المجلس الجماعي""]}, {""id"": ""political_statements"", ""name"": ""التصريحات والمواقف السياسية"", ""hits"": [""بيان""]}, {""id"": ""resignation_defection"", ""name"": ""الاستقالة وتغيير الانتماء"", ""hits"": [""استقالة"", ""استقالته""]}], ""secondary"": []}","{""level"": ""medium"", ""geographic_score"": 4, ""political_score"": 3, ""decision_reason"": ""صلة جغرافية وسياسية مقبولة"", ""geographic_reasons"": [""إقليم رئيسي داخل سوس ماسة"", ""مدينة أو مكان رئيسي داخل سوس ماسة""], ""political_reasons"": [""مواضيع سياسية: المجالس المنتخبة والتدبير المحلي, التصريحات والمواقف السياسية, الاستقالة وتغيير الانتماء""], ""accepted"": true}",[],evt_4e924b2f4f5b,2026-09-18T20:56:44.448271+00:00
75ea55ca52a28b93,agadirinfo,أكادير أنفو,خالد الشناق وكيل لائحة الاستقلال بإنزكان أيت ملول يدعو الساكنة للاستمرار في اختيار الشخص المناسب لمواصلة الترافع والدفاع عن المواطن - أكادير انفو - Agadir info,https://agadirinfo.ma/134501.html,اكادير انفو,2026-09-16,2026-09-17T11:47:08.799675+00:00,2026-09-17T11:47:08.799675+00:00,ar,أكادير والجهةخالد الشناق وكيل لائحة الاستقلال بإنزكان أيت ملول يدعو الساكنة للاستمرار في اختيار الشخص المناسب لمواصلة الترافع والدفاع عن المواطن قدّم خالد الشناق خطوط,292,"{""region"": ""سوس ماسة"", ""primary_provinces"": [""إنزكان أيت ملول""], ""primary_places"": [""أيت ملول"", ""إنزكان""], ""secondary_provinces"": [""اشتوكة أيت باها"", ""أكادير إداوتنان""], ""secondary_places"": [""أكادير"", ""أيت باها""]}","{""primary"": [{""id"": ""PI"", ""name"": ""حزب الاستقلال""}], ""secondary"": []}","{""primary"": [{""id"": ""person_051"", ""name"": ""خالد الشناق"", ""tier"": ""secondary""}, {""id"": ""person_004"", ""name"": ""عبد الصمد قيوح"", ""tier"": ""priority""}], ""secondary"": [{""id"": ""person_055"", ""name"": ""محمد بيكز"", ""tier"": ""secondary""}]}","{""primary"": [], ""secondary"": [{""id"": ""elections"", ""name"": ""الانتخابات والاقتراع"", ""hits"": [""استحقاقات""]}, {""id"": ""electoral_campaign"", ""name"": ""الحملة الانتخابية"", ""hits"": [""الحملة الانتخابية""]}, {""id"": ""candidacy_nomination"", ""name"": ""الترشح والتزكية"", ""hits"": [""وكيل اللائحة""]}]}","{""level"": ""medium"", ""geographic_score"": 4, ""political_score"": 3, ""decision_reason"": ""صلة جغرافية وسياسية مقبولة"", ""geographic_reasons"": [""إقليم رئيسي داخل سوس ماسة"", ""مدينة أو مكان رئيسي داخل سوس ماسة""], ""political_reasons"": [""أحزاب رئيسية: حزب الاستقلال"", ""شخصيات رئيسية: خالد الشناق, عبد الصمد قيوح""], ""accepted"": true}","[{""target_id"": ""PI"", ""target_type"": ""party"", ""target_name"": ""حزب الاستقلال"", ""label"": ""neutral"", ""label_ar"": ""محايد أو إخباري"", ""confidence"": ""medium"", ""positive_score"": 0, ""negative_score"": 0, ""mention_count"": 4, ""editorial_segment_count"": 3, ""reported_segment_count"": 1, ""evidence"": []}, {""target_id"": ""person_051"", ""target_type"": ""person"", ""target_name"": ""خالد الشناق"", ""label"": ""neutral"", ""label_ar"": ""محايد أو إخباري"", ""confidence"": ""medium"", ""positive_score"": 0, ""negative_score"": 0, ""mention_count"": 4, ""editorial_segment_count"": 3, ""reported_segment_count"": 1, ""evidence"": []}, {""target_id"": ""person_004"", ""target_type"": ""person"", ""target_name"": ""عبد الصمد قيوح"", ""label"": ""neutral"", ""label_ar"": ""محايد أو إخباري"", ""confidence"": ""low"", ""positive_score"": 0, ""negative_score"": 0, ""mention_count"": 1, ""editorial_segment_count"": 1, ""reported_segment_count"": 0, ""evidence"": []}, {""target_id"": ""person_055"", ""target_type"": ""person"", ""target_name"": ""محمد بيكز"", ""label"": ""neutral"", ""label_ar"": ""محايد أو إخباري"", ""confidence"": ""low"", ""positive_score"": 0, ""negative_score"": 0, ""mention_count"": 1, ""editorial_segment_count"": 1, ""reported_segment_count"": 0, ""evidence"": []}]",evt_75ea55ca52a2,2026-09-17T11:47:08.799675+00:00
fdd1632dbe4e2137,agadirinfo,أكادير أنفو,عبد الصمد قيوح مرشح الإستقلال بتارودانت ومنسق الحزب الجهوي مخاطبا ساكنة إنزكان : واش توحشتو سنوات الخير ولا بغيتو تصوتو على المجهول صوتو على المعقول - أكادير انفو - Agadir info,https://agadirinfo.ma/134493.html,اكادير انفو,2026-09-16,2026-09-17T11:47:08.799675+00:00,2026-09-17T11:47:08.799675+00:00,ar,أكادير والجهةعبد الصمد قيوح مرشح الإستقلال بتارودانت ومنسق الحزب الجهوي مخاطبا ساكنة إنزكان : واش توحشتو سنوات الخير ولا بغيتو تصوتو على المجهول صوتو على,264,"{""region"": ""سوس ماسة"", ""primary_provinces"": [""تارودانت""], ""primary_places"": [""تارودانت""], ""secondary_provinces"": [""إنزكان أيت ملول"", ""أكادير إداوتنان"", ""اشتوكة أيت باها""], ""secondary_places"": [""أكادير"", ""إنزكان"", ""ماسة"", ""أيت ملول""]}","{""primary"": [{""id"": ""PI"", ""name"": ""حزب الاستقلال""}], ""secondary"": []}","{""primary"": [{""id"": ""person_004"", ""name"": ""عبد الصمد قيوح"", ""tier"": ""priority""}], ""secondary"": [{""id"": ""person_051"", ""name"": ""خالد الشناق"", ""tier"": ""secondary""}]}","{""primary"": [{""id"": ""candidacy_nomination"", ""name"": ""الترشح والتزكية"", ""hits"": [""مرشح""]}], ""secondary"": [{""id"": ""elections"", ""name"": ""الانتخابات والاقتراع"", ""hits"": [""تشريعيات"", ""التصويت""]}, {""id"": ""political_statements"", ""name"": ""التصريحات والمواقف السياسية"", ""hits"": [""أكد""]}, {""id"": ""party_activity"", ""name"": ""الأنشطة والتنظيمات الحزبية"", ""hits"": [""مهرجان خطابي""]}]}","{""level"": ""strong"", ""geographic_score"": 4, ""political_score"": 6, ""decision_reason"": ""صلة جغرافية وسياسية قوية"", ""geographic_reasons"": [""إقليم رئيسي داخل سوس ماسة"", ""مدينة أو مكان رئيسي داخل سوس ماسة""], ""political_reasons"": [""أحزاب رئيسية: حزب الاستقلال"", ""شخصيات رئيسية: عبد الصمد قيوح"", ""مواضيع سياسية: الترشح والتزكية""], ""accepted"": true}","[{""target_id"": ""PI"", ""target_type"": ""party"", ""target_name"": ""حزب الاستقلال"", ""label"": ""neutral"", ""label_ar"": ""محايد أو إخباري"", ""confidence"": ""medium"", ""positive_score"": 0, ""negative_score"": 0, ""mention_count"": 3, ""editorial_segment_count"": 1, ""reported_segment_count"": 2, ""evidence"": []}, {""target_id"": ""person_004"", ""target_type"": ""person"", ""target_name"": ""عبد الصمد قيوح"", ""label"": ""neutral"", ""label_ar"": ""محايد أو إخباري"", ""confidence"": ""medium"", ""positive_score"": 0, ""negative_score"": 0, ""mention_count"": 2, ""editorial_segment_count"": 2, ""reported_segment_count"": 0, ""evidence"": []}, {""target_id"": ""person_051"", ""target_type"": ""person"", ""target_name"": ""خالد الشناق"", ""label"": ""neutral"", ""label_ar"": ""محايد أو إخباري"", ""confidence"": ""medium"", ""positive_score"": 0, ""negative_score"": 0, ""mention_count"": 2, ""editorial_segment_count"": 1, ""reported_segment_count"": 1, ""evidence"": []}]",evt_fdd1632dbe4e,2026-09-17T11:47:08.799675+00:00
073c3becc819d585,lesiteinfo,LeSiteInfo,"ترشح برلماني اتحادي سابق مع ""الاستقلال"" يزيد من متاعب لشكر قبل الانتخابات",https://ar.lesiteinfo.com/politique/%D8%AA%D8%B1%D8%B4%D8%AD-%D8%A8%D8%B1%D9%84%D9%85%D8%A7%D9%86%D9%8A-%D8%A7%D8%AA%D8%AD%D8%A7%D8%AF%D9%8A-%D8%B3%D8%A7%D8%A8%D9%82-%D9%85%D8%B9-%D8%A7%D9%84%D8%A7%D8%B3%D8%AA%D9%82%D9%84%D8%A7%D9%84-1020964.html,محمد بحراني,2026-09-16,2026-09-17T11:47:08.799675+00:00,2026-09-17T11:47:08.799675+00:00,ar,يخوض لحسن البنواري، الوجه البارز في بيت الاتحاد الاشتراكي للقوات الشعبية بجهة سوس، الانتخابات التشريعية المرتقبة الأسبوع القادم وصيفا لوكيل لائحة حزب الاستقلال، بدائرة تيزنيت.,144,"{""region"": ""سوس ماسة"", ""primary_provinces"": [""اشتوكة أيت باها""], ""primary_places"": [""ماسة""], ""secondary_provinces"": [], ""secondary_places"": []}","{""primary"": [{""id"": ""USFP"", ""name"": ""الاتحاد الاشتراكي للقوات الشعبية""}, {""id"": ""PI"", ""name"": ""حزب الاستقلال""}], ""secondary"": []}","{""primary"": [{""id"": ""person_020"", ""name"": ""إدريس لشكر"", ""tier"": ""priority""}], ""secondary"": []}","{""primary"": [{""id"": ""candidacy_nomination"", ""name"": ""الترشح والتزكية"", ""hits"": [""ترشح""]}], ""secondary"": [{""id"": ""resignation_defection"", ""name"": ""الاستقالة وتغيير الانتماء"", ""hits"": [""انشقاق""]}]}","{""level"": ""strong"", ""geographic_score"": 4, ""political_score"": 6, ""decision_reason"": ""صلة جغرافية وسياسية قوية"", ""geographic_reasons"": [""إقليم رئيسي داخل سوس ماسة"", ""مدينة أو مكان رئيسي داخل سوس ماسة""], ""political_reasons"": [""أحزاب رئيسية: الاتحاد الاشتراكي للقوات الشعبية, حزب الاستقلال"", ""شخصيات رئيسية: إدريس لشكر"", ""مواضيع سياسية: الترشح والتزكية""], ""accepted"": true}","[{""target_id"": ""USFP"", ""target_type"": ""party"", ""target_name"": ""الاتحاد الاشتراكي للقوات الشعبية"", ""label"": ""neutral"", ""label_ar"": ""محايد أو إخباري"", ""confidence"": ""medium"", ""positive_score"": 0, ""negative_score"": 0, ""mention_count"": 2, ""editorial_segment_count"": 1, ""reported_segment_count"": 1, ""evidence"": []}, {""target_id"": ""PI"", ""target_type"": ""party"", ""target_name"": ""حزب الاستقلال"", ""label"": ""neutral"", ""label_ar"": ""محايد أو إخباري"", ""confidence"": ""medium"", ""positive_score"": 0, ""negative_score"": 0, ""mention_count"": 2, ""editorial_segment_count"": 1, ""reported_segment_count"": 1, ""evidence"": []}, {""target_id"": ""person_020"", ""target_type"": ""person"", ""target_name"": ""إدريس لشكر"", ""label"": ""neutral"", ""label_ar"": ""محايد أو إخباري"", ""confidence"": ""medium"", ""positive_score"": 0, ""negative_score"": 0, ""mention_count"": 3, ""editorial_segment_count"": 2, ""reported_segment_count"": 1, ""evidence"": []}]",evt_073c3becc819,2026-09-17T11:47:08.799675+00:00
1f691f7952ac2e19,hespress,هسبريس,"انتخابات 2026 .. ""حماة المستهلك"" يترافعون عن أولوية القدرة الشرائية",https://www.hespress.com/%D8%A7%D9%86%D8%AA%D8%AE%D8%A7%D8%A8%D8%A7%D8%AA-2026-%D8%AD%D9%85%D8%A7%D8%A9-%D8%A7%D9%84%D9%85%D8%B3%D8%AA%D9%87%D9%84%D9%83-%D9%8A%D8%AA%D8%B1%D8%A7%D9%81%D8%B9%D9%88%D9%86-%D8%B9%D9%86-1808554.html,هسبريس,2026-09-16,2026-09-17T17:03:25.577035+00:00,2026-09-17T17:03:25.577035+00:00,ar,دخلت جمعيات وهيئات حماية المستهلك بالمغرب على خط الاستحقاقات التشريعية، المقرر إجراؤها في 23 شتنبر الجاري، عبر دعوة الأحزاب السياسية المتنافسة إلى جعل ملف القدرة,597,"{""region"": ""سوس ماسة"", ""primary_provinces"": [""أكادير إداوتنان"", ""اشتوكة أيت باها""], ""primary_places"": [""أكادير"", ""ماسة""], ""secondary_provinces"": [], ""secondary_places"": []}","{""primary"": [], ""secondary"": []}","{""primary"": [], ""secondary"": []}","{""primary"": [{""id"": ""elections"", ""name"": ""الانتخابات والاقتراع"", ""hits"": [""انتخابات"", ""الاستحقاقات"", ""اقتراع""]}], ""secondary"": [{""id"": ""political_statements"", ""name"": ""التصريحات والمواقف السياسية"", ""hits"": [""أكد""]}, {""id"": ""government_politics"", ""name"": ""السياسات والحصيلة الحكومية"", ""hits"": [""البرنامج الحكومي""]}]}","{""level"": ""medium"", ""geographic_score"": 4, ""political_score"": 3, ""decision_reason"": ""صلة جغرافية وسياسية مقبولة"", ""geographic_reasons"": [""إقليم رئيسي داخل سوس ماسة"", ""مدينة أو مكان رئيسي داخل سوس ماسة""], ""political_reasons"": [""مواضيع سياسية: الانتخابات والاقتراع""], ""accepted"": true}",[],evt_1f691f7952ac,2026-09-17T17:03:25.577035+00:00
be9ba6c3ef0551bc,hespress,هسبريس,"""الأحرار"" يستعرضون حصيلة التنمية ويُعبئون للانتخابات في تارودانت",https://www.hespress.com/%D8%A7%D9%84%D8%A3%D8%AD%D8%B1%D8%A7%D8%B1-%D9%8A%D8%B3%D8%AA%D8%B9%D8%B1%D8%B6%D9%88%D9%86-%D8%AD%D8%B5%D9%8A%D9%84%D8%A9-%D8%A7%D9%84%D8%AA%D9%86%D9%85%D9%8A%D8%A9-%D9%88%D9%8A%D9%8F%D8%B9%D8%A8-1809102.html,هسبريس,2026-09-16,2026-09-17T21:25:58.252046+00:00,2026-09-17T21:25:58.252046+00:00,ar,أكد لحسن السعدي، عضو المكتب السياسي لحزب التجمع الوطني للأحرار، أن إقليم تارودانت يشهد “ثورة تنموية” شاملة بفضل مشاريع التأهيل والمؤسسات الجامعية الحديثة، مبرزا أن,690,"{""region"": ""سوس ماسة"", ""primary_provinces"": [""تارودانت""], ""primary_places"": [""أولاد تايمة"", ""تارودانت""], ""secondary_provinces"": [""اشتوكة أيت باها""], ""secondary_places"": [""ماسة""]}","{""primary"": [{""id"": ""RNI"", ""name"": ""التجمع الوطني للأحرار""}], ""secondary"": []}","{""primary"": [{""id"": ""person_001"", ""name"": ""عزيز أخنوش"", ""tier"": ""priority""}, {""id"": ""person_006"", ""name"": ""لحسن السعدي"", ""tier"": ""priority""}], ""secondary"": [{""id"": ""person_003"", ""name"": ""كريم أشنكلي"", ""tier"": ""priority""}]}","{""primary"": [{""id"": ""elections"", ""name"": ""الانتخابات والاقتراع"", ""hits"": [""انتخابات"", ""الاستحقاقات الانتخابية"", ""الاستحقاقات""]}, {""id"": ""political_statements"", ""name"": ""التصريحات والمواقف السياسية"", ""hits"": [""أكد""]}], ""secondary"": [{""id"": ""party_activity"", ""name"": ""الأنشطة والتنظيمات الحزبية"", ""hits"": [""لقاء تواصلي""]}, {""id"": ""government_politics"", ""name"": ""السياسات والحصيلة الحكومية"", ""hits"": [""رئيس الحكومة""]}, {""id"": ""candidacy_nomination"", ""name"": ""الترشح والتزكية"", ""hits"": [""ترشحها""]}, {""id"": ""elected_councils"", ""name"": ""المجالس المنتخبة والتدبير المحلي"", ""hits"": [""جماعة ترابية""]}]}","{""level"": ""strong"", ""geographic_score"": 4, ""political_score"": 7, ""decision_reason"": ""صلة جغرافية وسياسية قوية"", ""geographic_reasons"": [""إقليم رئيسي داخل سوس ماسة"", ""مدينة أو مكان رئيسي داخل سوس ماسة""], ""political_reasons"": [""أحزاب رئيسية: التجمع الوطني للأحرار"", ""شخصيات رئيسية: عزيز أخنوش, لحسن السعدي"", ""مواضيع سياسية: الانتخابات والاقتراع, التصريحات والمواقف السياسية""], ""accepted"": true}","[{""target_id"": ""RNI"", ""target_type"": ""party"", ""target_name"": ""التجمع الوطني للأحرار"", ""label"": ""neutral"", ""label_ar"": ""محايد أو إخباري"", ""confidence"": ""medium"", ""positive_score"": 0, ""negative_score"": 0, ""mention_count"": 5, ""editorial_segment_count"": 1, ""reported_segment_count"": 4, ""evidence"": []}, {""target_id"": ""person_001"", ""target_type"": ""person"", ""target_name"": ""عزيز أخنوش"", ""label"": ""neutral"", ""label_ar"": ""محايد أو إخباري"", ""confidence"": ""medium"", ""positive_score"": 0, ""negative_score"": 0, ""mention_count"": 4, ""editorial_segment_count"": 0, ""reported_segment_count"": 4, ""evidence"": []}, {""target_id"": ""person_006"", ""target_type"": ""person"", ""target_name"": ""لحسن السعدي"", ""label"": ""neutral"", ""label_ar"": ""محايد أو إخباري"", ""confidence"": ""low"", ""positive_score"": 0, ""negative_score"": 0, ""mention_count"": 1, ""editorial_segment_count"": 0, ""reported_segment_count"": 1, ""evidence"": []}, {""target_id"": ""person_003"", ""target_type"": ""person"", ""target_name"": ""كريم أشنكلي"", ""label"": ""neutral"", ""label_ar"": ""محايد أو إخباري"", ""confidence"": ""low"", ""positive_score"": 0, ""negative_score"": 0, ""mention_count"": 1, ""editorial_segment_count"": 0, ""reported_segment_count"": 1, ""evidence"": []}]",evt_be9ba6c3ef05,2026-09-17T21:25:58.252046+00:00
9ba067fcedb768f8,al3omk,العمق المغربي,بوهدود لمنافسيها: تارودانت أكبر منا جميعا.. لنتنافس بالحصيلة لا بالصراعات و”الهضرة الخاوية”,https://al3omk.com/1188684.html,إسماعيل الأداريسي,2026-09-16,2026-09-17T21:25:58.252046+00:00,2026-09-17T21:25:58.252046+00:00,ar,دعت نادية بوهدود بودلال، وكيلة لائحة التجمع الوطني للأحرار بدائرة تارودانت الجنوبية ورئيسة المجلس الجماعي لأولاد تايمة، الناخبين إلى تقييم تجربتها بناء على العمل والحصيلة,609,"{""region"": ""سوس ماسة"", ""primary_provinces"": [""تارودانت""], ""primary_places"": [""تارودانت""], ""secondary_provinces"": [], ""secondary_places"": [""أولاد تايمة""]}","{""primary"": [{""id"": ""RNI"", ""name"": ""التجمع الوطني للأحرار""}], ""secondary"": []}","{""primary"": [{""id"": ""person_001"", ""name"": ""عزيز أخنوش"", ""tier"": ""priority""}], ""secondary"": []}","{""primary"": [{""id"": ""elections"", ""name"": ""الانتخابات والاقتراع"", ""hits"": [""التصويت"", ""انتخابات"", ""صناديق الاقتراع"", ""الاستحقاقات""]}, {""id"": ""elected_councils"", ""name"": ""المجالس المنتخبة والتدبير المحلي"", ""hits"": [""المجلس الجماعي""]}], ""secondary"": [{""id"": ""electoral_campaign"", ""name"": ""الحملة الانتخابية"", ""hits"": [""تجمع انتخابي""]}, {""id"": ""government_politics"", ""name"": ""السياسات والحصيلة الحكومية"", ""hits"": [""رئيس الحكومة""]}, {""id"": ""candidacy_nomination"", ""name"": ""الترشح والتزكية"", ""hits"": [""مرشحة""]}]}","{""level"": ""strong"", ""geographic_score"": 4, ""political_score"": 7, ""decision_reason"": ""صلة جغرافية وسياسية قوية"", ""geographic_reasons"": [""إقليم رئيسي داخل سوس ماسة"", ""مدينة أو مكان رئيسي داخل سوس ماسة""], ""political_reasons"": [""أحزاب رئيسية: التجمع الوطني للأحرار"", ""شخصيات رئيسية: عزيز أخنوش"", ""مواضيع سياسية: الانتخابات والاقتراع, المجالس المنتخبة والتدبير المحلي""], ""accepted"": true}","[{""target_id"": ""RNI"", ""target_type"": ""party"", ""target_name"": ""التجمع الوطني للأحرار"", ""label"": ""favorable"", ""label_ar"": ""إيجابي أو داعم"", ""confidence"": ""medium"", ""positive_score"": 2, ""negative_score"": 0, ""mention_count"": 4, ""editorial_segment_count"": 4, ""reported_segment_count"": 0, ""evidence"": [""كفاءة""]}, {""target_id"": ""person_001"", ""target_type"": ""person"", ""target_name"": ""عزيز أخنوش"", ""label"": ""favorable"", ""label_ar"": ""إيجابي أو داعم"", ""confidence"": ""medium"", ""positive_score"": 2, ""negative_score"": 0, ""mention_count"": 1, ""editorial_segment_count"": 1, ""reported_segment_count"": 0, ""evidence"": [""كفاءة""]}]",evt_9ba067fcedb7,2026-09-17T21:25:58.252046+00:00
53af2ee8f8528ec1,agadir24,أكادير24,تجمع أولاد تايمة.. الزاهدي يؤكد صدارة التجمع الوطني للأحرار واستمرارية تنمية إقليم تارودانت | agadir24.info,https://agadir24.info/%D8%AA%D8%AC%D9%85%D8%B9-%D8%A3%D9%88%D9%84%D8%A7%D8%AF-%D8%AA%D8%A7%D9%8A%D9%85%D8%A9-%D8%A7%D9%84%D8%B2%D8%A7%D9%87%D8%AF%D9%8A-%D9%8A%D8%A4%D9%83%D8%AF-%D8%B5%D8%AF%D8%A7%D8%B1%D8%A9-%D8%A7%D9%84.html,أكادير,2026-09-16,2026-09-17T21:25:58.252046+00:00,2026-09-17T21:25:58.252046+00:00,ar,أكد أحمد الزاهدي، المنسق الإقليمي لحزب التجمع الوطني للأحرار بتارودانت، أن الحزب يواصل تعزيز موقع الصدارة بالإقليم بفضل تنظيم المحكم ورؤيته المستقبليّة الواضحة. وأوضح الزاهدي،,115,"{""region"": ""سوس ماسة"", ""primary_provinces"": [""تارودانت""], ""primary_places"": [""أولاد تايمة"", ""تارودانت""], ""secondary_provinces"": [], ""secondary_places"": []}","{""primary"": [{""id"": ""RNI"", ""name"": ""التجمع الوطني للأحرار""}], ""secondary"": []}","{""primary"": [], ""secondary"": []}","{""primary"": [], ""secondary"": [{""id"": ""political_statements"", ""name"": ""التصريحات والمواقف السياسية"", ""hits"": [""أكد""]}]}","{""level"": ""medium"", ""geographic_score"": 4, ""political_score"": 2, ""decision_reason"": ""صلة جغرافية وسياسية مقبولة"", ""geographic_reasons"": [""إقليم رئيسي داخل سوس ماسة"", ""مدينة أو مكان رئيسي داخل سوس ماسة""], ""political_reasons"": [""أحزاب رئيسية: التجمع الوطني للأحرار""], ""accepted"": true}","[{""target_id"": ""RNI"", ""target_type"": ""party"", ""target_name"": ""التجمع الوطني للأحرار"", ""label"": ""neutral"", ""label_ar"": ""محايد أو إخباري"", ""confidence"": ""medium"", ""positive_score"": 0, ""negative_score"": 0, ""mention_count"": 3, ""editorial_segment_count"": 1, ""reported_segment_count"": 2, ""evidence"": []}]",evt_53af2ee8f852,2026-09-17T21:25:58.252046+00:00
cdef0f72f6fe5bf9,agadir24,أكادير24,يوسف جبهة يكشف دور تحلية المياه في إنقاذ الفلاحة بسوس، ويدعو للمشاركة المكثفة في الإنتخابات | agadir24.info,https://agadir24.info/%D9%8A%D9%88%D8%B3%D9%81-%D8%AC%D8%A8%D9%87%D8%A9-%D9%8A%D9%83%D8%B4%D9%81-%D8%AF%D9%88%D8%B1-%D8%AA%D8%AD%D9%84%D9%8A%D8%A9-%D8%A7%D9%84%D9%85%D9%8A%D8%A7%D9%87-%D9%81%D9%8A-%D8%A5%D9%86%D9%82%D8%A7.html,أكادير,2026-09-16,2026-09-17T21:25:58.252046+00:00,2026-09-17T21:25:58.252046+00:00,ar,تطرق يوسف جبهة، رئيس الغرفة الفلاحية لجهة سوس ماسة، إلى واقع القطاع الفلاحي والوضعية المائية بالجهة، متوقفا عند التداعيات الحادة التي فرضها مشكل الجفاف على,144,"{""region"": ""سوس ماسة"", ""primary_provinces"": [""تارودانت""], ""primary_places"": [""تارودانت""], ""secondary_provinces"": [""اشتوكة أيت باها""], ""secondary_places"": [""ماسة""]}","{""primary"": [{""id"": ""RNI"", ""name"": ""التجمع الوطني للأحرار""}], ""secondary"": []}","{""primary"": [], ""secondary"": []}","{""primary"": [{""id"": ""elections"", ""name"": ""الانتخابات والاقتراع"", ""hits"": [""الاستحقاقات الانتخابية"", ""التصويت"", ""الاستحقاقات""]}], ""secondary"": [{""id"": ""political_statements"", ""name"": ""التصريحات والمواقف السياسية"", ""hits"": [""أكد""]}, {""id"": ""candidacy_nomination"", ""name"": ""الترشح والتزكية"", ""hits"": [""رأس اللائحة""]}]}","{""level"": ""strong"", ""geographic_score"": 4, ""political_score"": 5, ""decision_reason"": ""صلة جغرافية وسياسية قوية"", ""geographic_reasons"": [""إقليم رئيسي داخل سوس ماسة"", ""مدينة أو مكان رئيسي داخل سوس ماسة""], ""political_reasons"": [""أحزاب رئيسية: التجمع الوطني للأحرار"", ""مواضيع سياسية: الانتخابات والاقتراع""], ""accepted"": true}","[{""target_id"": ""RNI"", ""target_type"": ""party"", ""target_name"": ""التجمع الوطني للأحرار"", ""label"": ""neutral"", ""label_ar"": ""محايد أو إخباري"", ""confidence"": ""low"", ""positive_score"": 0, ""negative_score"": 0, ""mention_count"": 1, ""editorial_segment_count"": 1, ""reported_segment_count"": 0, ""evidence"": []}]",evt_cdef0f72f6fe,2026-09-17T21:25:58.252046+00:00
0c682e53bd6ce0ee,agadir24,أكادير24,من قلب تارودانت.. أخنوش يستعرض منجزات الحكومة ويرد قوة على التشويش | agadir24.info,https://agadir24.info/%D9%85%D9%86-%D9%82%D9%84%D8%A8-%D8%AA%D8%A7%D8%B1%D9%88%D8%AF%D8%A7%D9%86%D8%AA-%D8%A3%D8%AE%D9%86%D9%88%D8%B4-%D9%8A%D8%B3%D8%AA%D8%B9%D8%B1%D8%B6-%D9%85%D9%86%D8%AC%D8%B2%D8%A7%D8%AA-%D8%A7%D9%84.html,أكادير,2026-09-16,2026-09-17T21:25:58.252046+00:00,2026-09-17T21:25:58.252046+00:00,ar,أكد عزيز أخنوش، خلال التجمع الخطابي لحزب التجمع الوطني للأحرار يوم الخميس، أن حكومته حققت مكاسب استثنائية لإقليم تارودانت، شملت تعزيز القطاع الصحي بأربعة مستشفيات,174,"{""region"": ""سوس ماسة"", ""primary_provinces"": [""تارودانت""], ""primary_places"": [""تارودانت""], ""secondary_provinces"": [], ""secondary_places"": []}","{""primary"": [{""id"": ""RNI"", ""name"": ""التجمع الوطني للأحرار""}], ""secondary"": []}","{""primary"": [{""id"": ""person_001"", ""name"": ""عزيز أخنوش"", ""tier"": ""priority""}], ""secondary"": []}","{""primary"": [], ""secondary"": [{""id"": ""political_statements"", ""name"": ""التصريحات والمواقف السياسية"", ""hits"": [""أكد""]}, {""id"": ""government_politics"", ""name"": ""السياسات والحصيلة الحكومية"", ""hits"": [""رئيس الحكومة""]}]}","{""level"": ""medium"", ""geographic_score"": 4, ""political_score"": 3, ""decision_reason"": ""صلة جغرافية وسياسية مقبولة"", ""geographic_reasons"": [""إقليم رئيسي داخل سوس ماسة"", ""مدينة أو مكان رئيسي داخل سوس ماسة""], ""political_reasons"": [""أحزاب رئيسية: التجمع الوطني للأحرار"", ""شخصيات رئيسية: عزيز أخنوش""], ""accepted"": true}","[{""target_id"": ""RNI"", ""target_type"": ""party"", ""target_name"": ""التجمع الوطني للأحرار"", ""label"": ""neutral"", ""label_ar"": ""محايد أو إخباري"", ""confidence"": ""medium"", ""positive_score"": 0, ""negative_score"": 0, ""mention_count"": 2, ""editorial_segment_count"": 1, ""reported_segment_count"": 1, ""evidence"": []}, {""target_id"": ""person_001"", ""target_type"": ""person"", ""target_name"": ""عزيز أخنوش"", ""label"": ""neutral"", ""label_ar"": ""محايد أو إخباري"", ""confidence"": ""medium"", ""positive_score"": 0, ""negative_score"": 0, ""mention_count"": 4, ""editorial_segment_count"": 1, ""reported_segment_count"": 3, ""evidence"": []}]",evt_0c682e53bd6c,2026-09-17T21:25:58.252046+00:00
f0e4bd9b2578e526,agadir24,أكادير24,أوجار يهاجم التشويش السياسوي: الدولة الاجتماعية تستحق أكثر من 280 ملياراً ونراهن على ولاية ثانية | agadir24.info,https://agadir24.info/%D8%A3%D9%88%D8%AC%D8%A7%D8%B1-%D9%8A%D9%87%D8%A7%D8%AC%D9%85-%D8%A7%D9%84%D8%AA%D8%B4%D9%88%D9%8A%D8%B4-%D8%A7%D9%84%D8%B3%D9%8A%D8%A7%D8%B3%D9%88%D9%8A-%D8%A7%D9%84%D8%AF%D9%88%D9%84%D8%A9-%D8%A7.html,أكادير,2026-09-16,2026-09-17T21:25:58.252046+00:00,2026-09-17T21:25:58.252046+00:00,ar,أكد محمد أوجار، عضو المكتب السياسي لحزب التجمع الوطني للأحرار، خلال تجمع خطابي أقيم الخميس بأولاد تايمة، أن المشهد السياسي الحالي يشهد تدهوراً ملموساً في,152,"{""region"": ""سوس ماسة"", ""primary_provinces"": [""تارودانت""], ""primary_places"": [""أولاد تايمة""], ""secondary_provinces"": [], ""secondary_places"": []}","{""primary"": [{""id"": ""RNI"", ""name"": ""التجمع الوطني للأحرار""}], ""secondary"": []}","{""primary"": [], ""secondary"": []}","{""primary"": [], ""secondary"": [{""id"": ""political_statements"", ""name"": ""التصريحات والمواقف السياسية"", ""hits"": [""أكد""]}]}","{""level"": ""medium"", ""geographic_score"": 4, ""political_score"": 2, ""decision_reason"": ""صلة جغرافية وسياسية مقبولة"", ""geographic_reasons"": [""إقليم رئيسي داخل سوس ماسة"", ""مدينة أو مكان رئيسي داخل سوس ماسة""], ""political_reasons"": [""أحزاب رئيسية: التجمع الوطني للأحرار""], ""accepted"": true}","[{""target_id"": ""RNI"", ""target_type"": ""party"", ""target_name"": ""التجمع الوطني للأحرار"", ""label"": ""neutral"", ""label_ar"": ""محايد أو إخباري"", ""confidence"": ""medium"", ""positive_score"": 0, ""negative_score"": 0, ""mention_count"": 2, ""editorial_segment_count"": 0, ""reported_segment_count"": 2, ""evidence"": []}]",evt_f0e4bd9b2578,2026-09-17T21:25:58.252046+00:00
3eccaa5e99c6141f,agadir24,أكادير24,ثورة تنموية في تارودانت: لحسن السعدي يلهب لقاءً حاشداً بأولاد تايمة ويؤكد الجاهزية لاقتراع 2026 | agadir24.info,https://agadir24.info/%D8%AB%D9%88%D8%B1%D8%A9-%D8%AA%D9%86%D9%85%D9%88%D9%8A%D8%A9-%D9%81%D9%8A-%D8%AA%D8%A7%D8%B1%D9%88%D8%AF%D8%A7%D9%86%D8%AA-%D9%84%D8%AD%D8%B3%D9%86-%D8%A7%D9%84%D8%B3%D8%B9%D8%AF%D9%8A-%D9%8A%D8%AA.html,أكادير,2026-09-16,2026-09-17T21:25:58.252046+00:00,2026-09-17T21:25:58.252046+00:00,ar,. أكد لحسن السعدي، ابن تارودانت والوزير في حكومة أخنوش، خلال اللقاء التواصلي الحاشد لحزب التجمع الوطني للأحرار المنعقد اليوم الخميس بأولاد تايمة، أن هذه,191,"{""region"": ""سوس ماسة"", ""primary_provinces"": [""تارودانت""], ""primary_places"": [""أولاد تايمة"", ""تارودانت""], ""secondary_provinces"": [], ""secondary_places"": []}","{""primary"": [{""id"": ""RNI"", ""name"": ""التجمع الوطني للأحرار""}], ""secondary"": []}","{""primary"": [{""id"": ""person_001"", ""name"": ""عزيز أخنوش"", ""tier"": ""priority""}, {""id"": ""person_006"", ""name"": ""لحسن السعدي"", ""tier"": ""priority""}], ""secondary"": []}","{""primary"": [{""id"": ""elections"", ""name"": ""الانتخابات والاقتراع"", ""hits"": [""اقتراع"", ""التصويت""]}, {""id"": ""political_statements"", ""name"": ""التصريحات والمواقف السياسية"", ""hits"": [""أكد"", ""دعا إلى""]}], ""secondary"": [{""id"": ""government_politics"", ""name"": ""السياسات والحصيلة الحكومية"", ""hits"": [""الحصيلة الحكومية""]}]}","{""level"": ""strong"", ""geographic_score"": 4, ""political_score"": 7, ""decision_reason"": ""صلة جغرافية وسياسية قوية"", ""geographic_reasons"": [""إقليم رئيسي داخل سوس ماسة"", ""مدينة أو مكان رئيسي داخل سوس ماسة""], ""political_reasons"": [""أحزاب رئيسية: التجمع الوطني للأحرار"", ""شخصيات رئيسية: عزيز أخنوش, لحسن السعدي"", ""مواضيع سياسية: الانتخابات والاقتراع, التصريحات والمواقف السياسية""], ""accepted"": true}","[{""target_id"": ""RNI"", ""target_type"": ""party"", ""target_name"": ""التجمع الوطني للأحرار"", ""label"": ""neutral"", ""label_ar"": ""محايد أو إخباري"", ""confidence"": ""low"", ""positive_score"": 0, ""negative_score"": 0, ""mention_count"": 1, ""editorial_segment_count"": 0, ""reported_segment_count"": 1, ""evidence"": []}, {""target_id"": ""person_001"", ""target_type"": ""person"", ""target_name"": ""عزيز أخنوش"", ""label"": ""neutral"", ""label_ar"": ""محايد أو إخباري"", ""confidence"": ""medium"", ""positive_score"": 0, ""negative_score"": 0, ""mention_count"": 3, ""editorial_segment_count"": 1, ""reported_segment_count"": 2, ""evidence"": []}, {""target_id"": ""person_006"", ""target_type"": ""person"", ""target_name"": ""لحسن السعدي"", ""label"": ""neutral"", ""label_ar"": ""محايد أو إخباري"", ""confidence"": ""medium"", ""positive_score"": 0, ""negative_score"": 0, ""mention_count"": 2, ""editorial_segment_count"": 1, ""reported_segment_count"": 1, ""evidence"": []}]",evt_3eccaa5e99c6,2026-09-17T21:25:58.252046+00:00
669f7253c23356f7,agadir24,أكادير24,استعراض قوة في أولاد تايمة: أشنكلي يؤكد جاهزية الأحرار لقيادة المرحلة ويعلن ثقته المطلقة في كفاءات الحزب | agadir24.info,https://agadir24.info/%D8%A7%D8%B3%D8%AA%D8%B9%D8%B1%D8%A7%D8%B6-%D9%82%D9%88%D8%A9-%D9%81%D9%8A-%D8%A3%D9%88%D9%84%D8%A7%D8%AF-%D8%AA%D8%A7%D9%8A%D9%85%D8%A9-%D8%A3%D8%B4%D9%86%D9%83%D9%84%D9%8A-%D9%8A%D8%A4%D9%83%D8%AF.html,أكادير,2026-09-16,2026-09-17T21:25:58.252046+00:00,2026-09-17T21:25:58.252046+00:00,ar,في تجمع خطابي حاشد بمدينة أولاد تايمة، أطلق كريم أشنكلي، المنسق الجهوي لحزب التجمع الوطني للأحرار، رسائل سياسية قوية تعكس جاهزية الحزب وتنظيمه القوي لمواجهة,219,"{""region"": ""سوس ماسة"", ""primary_provinces"": [""تارودانت""], ""primary_places"": [""أولاد تايمة""], ""secondary_provinces"": [], ""secondary_places"": []}","{""primary"": [{""id"": ""RNI"", ""name"": ""التجمع الوطني للأحرار""}], ""secondary"": []}","{""primary"": [{""id"": ""person_001"", ""name"": ""عزيز أخنوش"", ""tier"": ""priority""}, {""id"": ""person_003"", ""name"": ""كريم أشنكلي"", ""tier"": ""priority""}], ""secondary"": [{""id"": ""person_006"", ""name"": ""لحسن السعدي"", ""tier"": ""priority""}]}","{""primary"": [{""id"": ""elections"", ""name"": ""الانتخابات والاقتراع"", ""hits"": [""الاستحقاقات الانتخابية"", ""الاستحقاقات""]}], ""secondary"": [{""id"": ""candidacy_nomination"", ""name"": ""الترشح والتزكية"", ""hits"": [""مرشحة""]}, {""id"": ""political_statements"", ""name"": ""التصريحات والمواقف السياسية"", ""hits"": [""اعتبر""]}]}","{""level"": ""strong"", ""geographic_score"": 4, ""political_score"": 6, ""decision_reason"": ""صلة جغرافية وسياسية قوية"", ""geographic_reasons"": [""إقليم رئيسي داخل سوس ماسة"", ""مدينة أو مكان رئيسي داخل سوس ماسة""], ""political_reasons"": [""أحزاب رئيسية: التجمع الوطني للأحرار"", ""شخصيات رئيسية: عزيز أخنوش, كريم أشنكلي"", ""مواضيع سياسية: الانتخابات والاقتراع""], ""accepted"": true}","[{""target_id"": ""RNI"", ""target_type"": ""party"", ""target_name"": ""التجمع الوطني للأحرار"", ""label"": ""favorable"", ""label_ar"": ""إيجابي أو داعم"", ""confidence"": ""high"", ""positive_score"": 11, ""negative_score"": 0, ""mention_count"": 2, ""editorial_segment_count"": 2, ""reported_segment_count"": 0, ""evidence"": [""كفاءات"", ""جاهزية"", ""قيادة المرحلة""]}, {""target_id"": ""person_001"", ""target_type"": ""person"", ""target_name"": ""عزيز أخنوش"", ""label"": ""neutral"", ""label_ar"": ""محايد أو إخباري"", ""confidence"": ""low"", ""positive_score"": 0, ""negative_score"": 0, ""mention_count"": 1, ""editorial_segment_count"": 0, ""reported_segment_count"": 1, ""evidence"": []}, {""target_id"": ""person_003"", ""target_type"": ""person"", ""target_name"": ""كريم أشنكلي"", ""label"": ""favorable"", ""label_ar"": ""إيجابي أو داعم"", ""confidence"": ""medium"", ""positive_score"": 2, ""negative_score"": 0, ""mention_count"": 1, ""editorial_segment_count"": 1, ""reported_segment_count"": 0, ""evidence"": [""جاهزية""]}, {""target_id"": ""person_006"", ""target_type"": ""person"", ""target_name"": ""لحسن السعدي"", ""label"": ""favorable"", ""label_ar"": ""إيجابي أو داعم"", ""confidence"": ""medium"", ""positive_score"": 2, ""negative_score"": 0, ""mention_count"": 1, ""editorial_segment_count"": 1, ""reported_segment_count"": 0, ""evidence"": [""إشادة"", ""كفاءات""]}]",evt_669f7253c233,2026-09-17T21:25:58.252046+00:00
5e3f59b12543f36f,agadir24,أكادير24,نادية بودلال بوهدود: سأدافع بشراسة عن ملفات تارودانت ورأسي سيبقى مرفوعاً | agadir24.info,https://agadir24.info/%D9%86%D8%A7%D8%AF%D9%8A%D8%A9-%D8%A8%D9%88%D8%AF%D9%84%D8%A7%D9%84-%D8%A8%D9%88%D9%87%D8%AF%D9%88%D8%AF-%D8%B3%D8%A3%D8%AF%D8%A7%D9%81%D8%B9-%D8%A8%D8%B4%D8%B1%D8%A7%D8%B3%D8%A9-%D8%B9%D9%86-%D9%85.html,أكادير,2026-09-16,2026-09-17T21:25:58.252046+00:00,2026-09-17T21:25:58.252046+00:00,ar,أكدت نادية بودلال بوهدود، مرشحة حزب التجمع الوطني للأحرار عن دائرة تارودانت الجنوبية، خلال مهرجان خطابي أقيم بمدينة أولاد تايمة، اعتزازها وفخرها الكبيرين بالانتماء لهذه,202,"{""region"": ""سوس ماسة"", ""primary_provinces"": [""تارودانت""], ""primary_places"": [""تارودانت""], ""secondary_provinces"": [""اشتوكة أيت باها""], ""secondary_places"": [""أولاد تايمة"", ""ماسة""]}","{""primary"": [{""id"": ""RNI"", ""name"": ""التجمع الوطني للأحرار""}], ""secondary"": []}","{""primary"": [], ""secondary"": []}","{""primary"": [{""id"": ""candidacy_nomination"", ""name"": ""الترشح والتزكية"", ""hits"": [""مرشحة""]}], ""secondary"": [{""id"": ""party_activity"", ""name"": ""الأنشطة والتنظيمات الحزبية"", ""hits"": [""مهرجان خطابي""]}]}","{""level"": ""strong"", ""geographic_score"": 4, ""political_score"": 5, ""decision_reason"": ""صلة جغرافية وسياسية قوية"", ""geographic_reasons"": [""إقليم رئيسي داخل سوس ماسة"", ""مدينة أو مكان رئيسي داخل سوس ماسة""], ""political_reasons"": [""أحزاب رئيسية: التجمع الوطني للأحرار"", ""مواضيع سياسية: الترشح والتزكية""], ""accepted"": true}","[{""target_id"": ""RNI"", ""target_type"": ""party"", ""target_name"": ""التجمع الوطني للأحرار"", ""label"": ""neutral"", ""label_ar"": ""محايد أو إخباري"", ""confidence"": ""medium"", ""positive_score"": 0, ""negative_score"": 0, ""mention_count"": 3, ""editorial_segment_count"": 2, ""reported_segment_count"": 1, ""evidence"": []}]",evt_5e3f59b12543,2026-09-17T21:25:58.252046+00:00
71f8e65de244acb2,agadirino,أكاديرينو,أشنكلي: الأحرار تحمل المسؤولية في الأوقات الصعبة.. وهدفنا تصدر استحقاقات 23 شتنبر (فيديو) - agadirino.ma,https://agadirino.ma/2026/09/17/%D8%A3%D8%B4%D9%86%D9%83%D9%84%D9%8A-%D8%A7%D9%84%D8%A3%D8%AD%D8%B1%D8%A7%D8%B1-%D8%AA%D8%AD%D9%85%D9%84-%D8%A7%D9%84%D9%85%D8%B3%D8%A4%D9%88%D9%84%D9%8A%D8%A9-%D9%81%D9%8A-%D8%A7%D9%84%D8%A3%D9%88,Driss Driss,2026-09-16,2026-09-18T04:48:57.977792+00:00,2026-09-18T04:48:57.977792+00:00,ar,أكد كريم أشنكلي، المنسق الجهوي لحزب التجمع الوطني للأحرار، خلال تجمع انتخابي بأولاد تايمة، أن الحزب يخوض الاستحقاقات التشريعية المقبلة بمنطق التعبئة والعمل وتحمل المسؤولية.,117,"{""region"": ""سوس ماسة"", ""primary_provinces"": [""تارودانت""], ""primary_places"": [""أولاد تايمة""], ""secondary_provinces"": [], ""secondary_places"": []}","{""primary"": [{""id"": ""RNI"", ""name"": ""التجمع الوطني للأحرار""}], ""secondary"": []}","{""primary"": [{""id"": ""person_001"", ""name"": ""عزيز أخنوش"", ""tier"": ""priority""}, {""id"": ""person_003"", ""name"": ""كريم أشنكلي"", ""tier"": ""priority""}, {""id"": ""person_006"", ""name"": ""لحسن السعدي"", ""tier"": ""priority""}], ""secondary"": []}","{""primary"": [{""id"": ""elections"", ""name"": ""الانتخابات والاقتراع"", ""hits"": [""استحقاقات"", ""الاستحقاقات"", ""انتخابات""]}], ""secondary"": [{""id"": ""electoral_campaign"", ""name"": ""الحملة الانتخابية"", ""hits"": [""تجمع انتخابي""]}, {""id"": ""political_statements"", ""name"": ""التصريحات والمواقف السياسية"", ""hits"": [""أكد""]}]}","{""level"": ""strong"", ""geographic_score"": 4, ""political_score"": 6, ""decision_reason"": ""صلة جغرافية وسياسية قوية"", ""geographic_reasons"": [""إقليم رئيسي داخل سوس ماسة"", ""مدينة أو مكان رئيسي داخل سوس ماسة""], ""political_reasons"": [""أحزاب رئيسية: التجمع الوطني للأحرار"", ""شخصيات رئيسية: عزيز أخنوش, كريم أشنكلي, لحسن السعدي"", ""مواضيع سياسية: الانتخابات والاقتراع""], ""accepted"": true}","[{""target_id"": ""RNI"", ""target_type"": ""party"", ""target_name"": ""التجمع الوطني للأحرار"", ""label"": ""neutral"", ""label_ar"": ""محايد أو إخباري"", ""confidence"": ""medium"", ""positive_score"": 0, ""negative_score"": 0, ""mention_count"": 2, ""editorial_segment_count"": 1, ""reported_segment_count"": 1, ""evidence"": []}, {""target_id"": ""person_001"", ""target_type"": ""person"", ""target_name"": ""عزيز أخنوش"", ""label"": ""favorable"", ""label_ar"": ""إيجابي أو داعم"", ""confidence"": ""medium"", ""positive_score"": 4, ""negative_score"": 0, ""mention_count"": 1, ""editorial_segment_count"": 1, ""reported_segment_count"": 0, ""evidence"": [""ثقة"", ""أشاد""]}, {""target_id"": ""person_003"", ""target_type"": ""person"", ""target_name"": ""كريم أشنكلي"", ""label"": ""neutral"", ""label_ar"": ""محايد أو إخباري"", ""confidence"": ""medium"", ""positive_score"": 0, ""negative_score"": 0, ""mention_count"": 2, ""editorial_segment_count"": 1, ""reported_segment_count"": 1, ""evidence"": []}, {""target_id"": ""person_006"", ""target_type"": ""person"", ""target_name"": ""لحسن السعدي"", ""label"": ""favorable"", ""label_ar"": ""إيجابي أو داعم"", ""confidence"": ""medium"", ""positive_score"": 4, ""negative_score"": 0, ""mention_count"": 1, ""editorial_segment_count"": 1, ""reported_segment_count"": 0, ""evidence"": [""ثقة"", ""أشاد""]}]",evt_71f8e65de244,2026-09-18T04:48:57.977792+00:00
aaae9d4622d48f82,hespress,هسبريس,أخنوش بأولاد تايمة: لا تلتفتوا للمشوّشين.. وزيادات الأجور راعت التوازنات,https://www.hespress.com/%D8%A3%D8%AE%D9%86%D9%88%D8%B4-%D8%A8%D8%A3%D9%88%D9%84%D8%A7%D8%AF-%D8%AA%D8%A7%D9%8A%D9%85%D8%A9-%D9%84%D8%A7-%D8%AA%D9%84%D8%AA%D9%81%D8%AA%D9%88%D8%A7-%D9%84%D9%84%D9%85%D8%B4%D9%88%D9%91%D8%B4-1809185.html,هسبريس من أكادير,2026-09-16,2026-09-18T04:48:57.977792+00:00,2026-09-18T04:48:57.977792+00:00,ar,بدعوته إلى عدم الالتفات إلى “المشوّشين”، بتوصيفه، أنهى الرئيس السابق وعضو المكتب السياسي لحزب التجمع الوطني للأحرار ورئيس الحكومة، عزيز أخنوش، كلمة خطابية ألقاها أمام,516,"{""region"": ""سوس ماسة"", ""primary_provinces"": [""تارودانت""], ""primary_places"": [""أولاد تايمة""], ""secondary_provinces"": [""اشتوكة أيت باها""], ""secondary_places"": [""تارودانت"", ""أولوز"", ""أيت باها"", ""الكردان"", ""ماسة""]}","{""primary"": [{""id"": ""RNI"", ""name"": ""التجمع الوطني للأحرار""}], ""secondary"": []}","{""primary"": [{""id"": ""person_001"", ""name"": ""عزيز أخنوش"", ""tier"": ""priority""}], ""secondary"": []}","{""primary"": [{""id"": ""government_politics"", ""name"": ""السياسات والحصيلة الحكومية"", ""hits"": [""رئيس الحكومة"", ""الحصيلة الحكومية""]}], ""secondary"": [{""id"": ""candidacy_nomination"", ""name"": ""الترشح والتزكية"", ""hits"": [""الترشح"", ""رأس اللائحة""]}, {""id"": ""electoral_campaign"", ""name"": ""الحملة الانتخابية"", ""hits"": [""الحملة الانتخابية""]}, {""id"": ""elections"", ""name"": ""الانتخابات والاقتراع"", ""hits"": [""اللوائح الانتخابية""]}, {""id"": ""political_statements"", ""name"": ""التصريحات والمواقف السياسية"", ""hits"": [""اعتبر""]}]}","{""level"": ""strong"", ""geographic_score"": 4, ""political_score"": 5, ""decision_reason"": ""صلة جغرافية وسياسية قوية"", ""geographic_reasons"": [""إقليم رئيسي داخل سوس ماسة"", ""مدينة أو مكان رئيسي داخل سوس ماسة""], ""political_reasons"": [""أحزاب رئيسية: التجمع الوطني للأحرار"", ""شخصيات رئيسية: عزيز أخنوش"", ""مواضيع سياسية: السياسات والحصيلة الحكومية""], ""accepted"": true}","[{""target_id"": ""RNI"", ""target_type"": ""party"", ""target_name"": ""التجمع الوطني للأحرار"", ""label"": ""neutral"", ""label_ar"": ""محايد أو إخباري"", ""confidence"": ""low"", ""positive_score"": 0, ""negative_score"": 0, ""mention_count"": 1, ""editorial_segment_count"": 0, ""reported_segment_count"": 1, ""evidence"": []}, {""target_id"": ""person_001"", ""target_type"": ""person"", ""target_name"": ""عزيز أخنوش"", ""label"": ""neutral"", ""label_ar"": ""محايد أو إخباري"", ""confidence"": ""medium"", ""positive_score"": 0, ""negative_score"": 0, ""mention_count"": 6, ""editorial_segment_count"": 2, ""reported_segment_count"": 4, ""evidence"": []}]",evt_aaae9d4622d4,2026-09-18T04:48:57.977792+00:00
b3888d4240436382,le360,Le360,المهاجري يطالب أخنوش بالرد على قضية «الفايق وشوكي و7 ملايير» ويواجهه بقرض أكادير,https://ar.le360.ma/politique/SGZ3YDQY3VBORDQ42LQ7SRSHNM,هيئة التحرير,2026-09-16,2026-09-18T04:48:57.977792+00:00,2026-09-18T04:48:57.977792+00:00,ar,واعتبر المهاجري، في كلمة ألقاها في لقاء حزبي بإقليم شيشاوة، أن المسار القضائي تحكمه قرينة البراءة والقواعد القانونية، فيما يبقى، حسب موقفه، الجواب السياسي مطلوبا,745,"{""region"": ""سوس ماسة"", ""primary_provinces"": [""أكادير إداوتنان""], ""primary_places"": [""أكادير""], ""secondary_provinces"": [], ""secondary_places"": []}","{""primary"": [{""id"": ""PAM"", ""name"": ""حزب الأصالة والمعاصرة""}], ""secondary"": []}","{""primary"": [{""id"": ""person_001"", ""name"": ""عزيز أخنوش"", ""tier"": ""priority""}], ""secondary"": []}","{""primary"": [{""id"": ""political_statements"", ""name"": ""التصريحات والمواقف السياسية"", ""hits"": [""اعتبر"", ""أكد""]}, {""id"": ""government_politics"", ""name"": ""السياسات والحصيلة الحكومية"", ""hits"": [""رئيس الحكومة""]}], ""secondary"": [{""id"": ""electoral_campaign"", ""name"": ""الحملة الانتخابية"", ""hits"": [""تجمع انتخابي""]}, {""id"": ""elected_councils"", ""name"": ""المجالس المنتخبة والتدبير المحلي"", ""hits"": [""المجلس الجماعي""]}]}","{""level"": ""strong"", ""geographic_score"": 4, ""political_score"": 6, ""decision_reason"": ""صلة جغرافية وسياسية قوية"", ""geographic_reasons"": [""إقليم رئيسي داخل سوس ماسة"", ""مدينة أو مكان رئيسي داخل سوس ماسة""], ""political_reasons"": [""أحزاب رئيسية: حزب الأصالة والمعاصرة"", ""شخصيات رئيسية: عزيز أخنوش"", ""مواضيع سياسية: التصريحات والمواقف السياسية, السياسات والحصيلة الحكومية""], ""accepted"": true}","[{""target_id"": ""PAM"", ""target_type"": ""party"", ""target_name"": ""حزب الأصالة والمعاصرة"", ""label"": ""neutral"", ""label_ar"": ""محايد أو إخباري"", ""confidence"": ""medium"", ""positive_score"": 0, ""negative_score"": 0, ""mention_count"": 2, ""editorial_segment_count"": 0, ""reported_segment_count"": 2, ""evidence"": []}, {""target_id"": ""person_001"", ""target_type"": ""person"", ""target_name"": ""عزيز أخنوش"", ""label"": ""neutral"", ""label_ar"": ""محايد أو إخباري"", ""confidence"": ""medium"", ""positive_score"": 0, ""negative_score"": 0, ""mention_count"": 6, ""editorial_segment_count"": 2, ""reported_segment_count"": 4, ""evidence"": []}]",evt_b3888d424043,2026-09-18T04:48:57.977792+00:00
4a20fac5ca3f0627,hespress,هسبريس,"المنصوري تتعهد بالقطع مع الوسطاء وترفض الرد على ""شيطنة البام""",https://www.hespress.com/%D8%A7%D9%84%D9%85%D9%86%D8%B5%D9%88%D8%B1%D9%8A-%D8%AA%D8%AA%D8%B9%D9%87%D8%AF-%D8%A8%D8%A7%D9%84%D9%82%D8%B7%D8%B9-%D9%85%D8%B9-%D8%A7%D9%84%D9%88%D8%B3%D8%B7%D8%A7%D8%A1-%D9%88%D8%AA%D8%B1%D9%81-1808511.html,هسبريس,2026-09-15,2026-09-16T21:21:49.471590+00:00,2026-09-16T21:21:49.471590+00:00,ar,قالت فاطمة الزهراء المنصوري، المنسقة الوطنية للقيادة الجماعية لحزب الأصالة والمعاصرة، إن حزبها قرر عدم الرد على الأحزاب السياسية التي تقوم حملاتها الانتخابية على شيطنة,573,"{""region"": ""سوس ماسة"", ""primary_provinces"": [""إنزكان أيت ملول""], ""primary_places"": [""إنزكان""], ""secondary_provinces"": [], ""secondary_places"": []}","{""primary"": [{""id"": ""PAM"", ""name"": ""حزب الأصالة والمعاصرة""}], ""secondary"": []}","{""primary"": [{""id"": ""person_023"", ""name"": ""فاطمة الزهراء المنصوري"", ""tier"": ""priority""}], ""secondary"": []}","{""primary"": [{""id"": ""elections"", ""name"": ""الانتخابات والاقتراع"", ""hits"": [""انتخابات"", ""التصويت"", ""صناديق الاقتراع""]}], ""secondary"": [{""id"": ""candidacy_nomination"", ""name"": ""الترشح والتزكية"", ""hits"": [""مرشحة""]}, {""id"": ""electoral_campaign"", ""name"": ""الحملة الانتخابية"", ""hits"": [""برنامج انتخابي""]}]}","{""level"": ""strong"", ""geographic_score"": 4, ""political_score"": 6, ""decision_reason"": ""صلة جغرافية وسياسية قوية"", ""geographic_reasons"": [""إقليم رئيسي داخل سوس ماسة"", ""مدينة أو مكان رئيسي داخل سوس ماسة""], ""political_reasons"": [""أحزاب رئيسية: حزب الأصالة والمعاصرة"", ""شخصيات رئيسية: فاطمة الزهراء المنصوري"", ""مواضيع سياسية: الانتخابات والاقتراع""], ""accepted"": true}","[{""target_id"": ""PAM"", ""target_type"": ""party"", ""target_name"": ""حزب الأصالة والمعاصرة"", ""label"": ""neutral"", ""label_ar"": ""محايد أو إخباري"", ""confidence"": ""medium"", ""positive_score"": 0, ""negative_score"": 0, ""mention_count"": 11, ""editorial_segment_count"": 2, ""reported_segment_count"": 9, ""evidence"": []}, {""target_id"": ""person_023"", ""target_type"": ""person"", ""target_name"": ""فاطمة الزهراء المنصوري"", ""label"": ""neutral"", ""label_ar"": ""محايد أو إخباري"", ""confidence"": ""low"", ""positive_score"": 0, ""negative_score"": 0, ""mention_count"": 1, ""editorial_segment_count"": 0, ""reported_segment_count"": 1, ""evidence"": []}]",evt_4a20fac5ca3f,2026-09-16T21:21:49.471590+00:00
5df21ed890c25bca,le360,Le360,Agadir: un prêt d’un milliard de dirhams ravive les tensions entre le PAM et le RNI,https://fr.le360.ma/politique/agadir-un-pret-dun-milliard-de-dirhams-ravive-les-tensions-entre-le-pam-et-le-rni_N6ENJ2FY7ZCG5NOFBJJVPJE3M4,La Rédaction,2026-09-15,2026-09-16T21:21:49.471590+00:00,2026-09-16T21:21:49.471590+00:00,fr,"Au cours d’un meeting électoral, Hicham Mhajri, mandataire de liste du PAM dans la circonscription de Chichaoua, s’est attaqué au président du RNI, Mohamed Chouki,",273,"{""region"": ""سوس ماسة"", ""primary_provinces"": [""أكادير إداوتنان""], ""primary_places"": [""أكادير""], ""secondary_provinces"": [], ""secondary_places"": []}","{""primary"": [{""id"": ""RNI"", ""name"": ""التجمع الوطني للأحرار""}, {""id"": ""PAM"", ""name"": ""حزب الأصالة والمعاصرة""}], ""secondary"": []}","{""primary"": [{""id"": ""person_001"", ""name"": ""عزيز أخنوش"", ""tier"": ""priority""}], ""secondary"": []}","{""primary"": [{""id"": ""elected_councils"", ""name"": ""المجالس المنتخبة والتدبير المحلي"", ""hits"": [""commune"", ""collectivités territoriales""]}, {""id"": ""government_politics"", ""name"": ""السياسات والحصيلة الحكومية"", ""hits"": [""chef du gouvernement"", ""gouvernement""]}, {""id"": ""elections"", ""name"": ""الانتخابات والاقتراع"", ""hits"": [""électoral""]}, {""id"": ""alliances_conflicts"", ""name"": ""التحالفات والخلافات السياسية"", ""hits"": [""tensions""]}], ""secondary"": [{""id"": ""electoral_campaign"", ""name"": ""الحملة الانتخابية"", ""hits"": [""meeting électoral""]}]}","{""level"": ""strong"", ""geographic_score"": 4, ""political_score"": 7, ""decision_reason"": ""صلة جغرافية وسياسية قوية"", ""geographic_reasons"": [""إقليم رئيسي داخل سوس ماسة"", ""مدينة أو مكان رئيسي داخل سوس ماسة""], ""political_reasons"": [""أحزاب رئيسية: التجمع الوطني للأحرار, حزب الأصالة والمعاصرة"", ""شخصيات رئيسية: عزيز أخنوش"", ""مواضيع سياسية: المجالس المنتخبة والتدبير المحلي, السياسات والحصيلة الحكومية, الانتخابات والاقتراع, التحالفات والخلافات السياسية""], ""accepted"": true}","[{""target_id"": ""RNI"", ""target_type"": ""party"", ""target_name"": ""التجمع الوطني للأحرار"", ""label"": ""neutral"", ""label_ar"": ""محايد أو إخباري"", ""confidence"": ""medium"", ""positive_score"": 0, ""negative_score"": 0, ""mention_count"": 2, ""editorial_segment_count"": 2, ""reported_segment_count"": 0, ""evidence"": []}, {""target_id"": ""PAM"", ""target_type"": ""party"", ""target_name"": ""حزب الأصالة والمعاصرة"", ""label"": ""neutral"", ""label_ar"": ""محايد أو إخباري"", ""confidence"": ""medium"", ""positive_score"": 0, ""negative_score"": 0, ""mention_count"": 2, ""editorial_segment_count"": 2, ""reported_segment_count"": 0, ""evidence"": []}, {""target_id"": ""person_001"", ""target_type"": ""person"", ""target_name"": ""عزيز أخنوش"", ""label"": ""neutral"", ""label_ar"": ""محايد أو إخباري"", ""confidence"": ""medium"", ""positive_score"": 0, ""negative_score"": 0, ""mention_count"": 2, ""editorial_segment_count"": 1, ""reported_segment_count"": 1, ""evidence"": []}]",evt_5df21ed890c2,2026-09-16T21:21:49.471590+00:00
a2dcf5ab74137383,agadir24,أكادير24,"أكادير.. ""الأحرار"" يواصل حملته الميدانية ويعرض حصيلة أوراشه على الساكنة | agadir24.info",https://agadir24.info/%D8%A3%D9%83%D8%A7%D8%AF%D9%8A%D8%B1-%D8%A7%D9%84%D8%A3%D8%AD%D8%B1%D8%A7%D8%B1-%D9%8A%D9%88%D8%A7%D8%B5%D9%84-%D8%AD%D9%85%D9%84%D8%AA%D9%87-%D8%A7%D9%84%D9%85%D9%8A%D8%AF%D8%A7%D9%86%D9%8A.html,أكادير,2026-09-15,2026-09-17T04:57:00.071727+00:00,2026-09-17T04:57:00.071727+00:00,ar,تتواصل بمدينة أكادير الدينامية الميدانية للحملة الانتخابية لحزب التجمع الوطني للأحرار، من خلال تنظيم جولات واسعة شملت مختلف الأحياء والمناطق، في أجواء طبعها التفاعل المباشر,126,"{""region"": ""سوس ماسة"", ""primary_provinces"": [""أكادير إداوتنان""], ""primary_places"": [""أكادير""], ""secondary_provinces"": [], ""secondary_places"": []}","{""primary"": [{""id"": ""RNI"", ""name"": ""التجمع الوطني للأحرار""}], ""secondary"": []}","{""primary"": [], ""secondary"": []}","{""primary"": [], ""secondary"": []}","{""level"": ""medium"", ""geographic_score"": 4, ""political_score"": 2, ""decision_reason"": ""صلة جغرافية وسياسية مقبولة"", ""geographic_reasons"": [""إقليم رئيسي داخل سوس ماسة"", ""مدينة أو مكان رئيسي داخل سوس ماسة""], ""political_reasons"": [""أحزاب رئيسية: التجمع الوطني للأحرار""], ""accepted"": true}","[{""target_id"": ""RNI"", ""target_type"": ""party"", ""target_name"": ""التجمع الوطني للأحرار"", ""label"": ""neutral"", ""label_ar"": ""محايد أو إخباري"", ""confidence"": ""medium"", ""positive_score"": 0, ""negative_score"": 0, ""mention_count"": 2, ""editorial_segment_count"": 2, ""reported_segment_count"": 0, ""evidence"": []}]",evt_a2dcf5ab7413,2026-09-17T04:57:00.071727+00:00
b3a182037e2c2ebb,hespress,هسبريس,من تافراوت.. أخنوش يبرز المنجزات الحكومية ويدعو إلى التجديد السياسي,https://www.hespress.com/%D9%85%D9%86-%D8%AA%D8%A7%D9%81%D8%B1%D8%A7%D9%88%D8%AA-%D8%A3%D8%AE%D9%86%D9%88%D8%B4-%D9%8A%D8%A8%D8%B1%D8%B2-%D8%A7%D9%84%D9%85%D9%86%D8%AC%D8%B2%D8%A7%D8%AA-%D8%A7%D9%84%D8%AD%D9%83%D9%88%D9%85-1808567.html,هسبريس من الرباط,2026-09-15,2026-09-17T04:57:00.071727+00:00,2026-09-17T04:57:00.071727+00:00,ar,حل عزيز أخنوش، رئيس الحكومة والقيادي بحزب التجمع الوطني للأحرار، بمسقط رأسه بتافراوت، الأربعاء، في إطار الحملة الانتخابية للاستحقاقات التشريعية المقبلة، حيث استعرض حصيلة عدد,403,"{""region"": ""سوس ماسة"", ""primary_provinces"": [""تزنيت""], ""primary_places"": [""تافراوت""], ""secondary_provinces"": [""اشتوكة أيت باها""], ""secondary_places"": [""تزنيت"", ""ماسة""]}","{""primary"": [{""id"": ""RNI"", ""name"": ""التجمع الوطني للأحرار""}], ""secondary"": []}","{""primary"": [{""id"": ""person_001"", ""name"": ""عزيز أخنوش"", ""tier"": ""priority""}], ""secondary"": [{""id"": ""person_084"", ""name"": ""عبد الله غازي"", ""tier"": ""secondary""}]}","{""primary"": [{""id"": ""elected_councils"", ""name"": ""المجالس المنتخبة والتدبير المحلي"", ""hits"": [""المجلس الإقليمي"", ""مجلس الجهة""]}], ""secondary"": [{""id"": ""elections"", ""name"": ""الانتخابات والاقتراع"", ""hits"": [""استحقاقات""]}, {""id"": ""candidacy_nomination"", ""name"": ""الترشح والتزكية"", ""hits"": [""مرشح"", ""مرشحة""]}, {""id"": ""electoral_campaign"", ""name"": ""الحملة الانتخابية"", ""hits"": [""الحملة الانتخابية""]}, {""id"": ""party_activity"", ""name"": ""الأنشطة والتنظيمات الحزبية"", ""hits"": [""لقاء تواصلي""]}, {""id"": ""political_statements"", ""name"": ""التصريحات والمواقف السياسية"", ""hits"": [""أكد"", ""اعتبر""]}, {""id"": ""government_politics"", ""name"": ""السياسات والحصيلة الحكومية"", ""hits"": [""رئيس الحكومة""]}]}","{""level"": ""strong"", ""geographic_score"": 4, ""political_score"": 5, ""decision_reason"": ""صلة جغرافية وسياسية قوية"", ""geographic_reasons"": [""إقليم رئيسي داخل سوس ماسة"", ""مدينة أو مكان رئيسي داخل سوس ماسة""], ""political_reasons"": [""أحزاب رئيسية: التجمع الوطني للأحرار"", ""شخصيات رئيسية: عزيز أخنوش"", ""مواضيع سياسية: المجالس المنتخبة والتدبير المحلي""], ""accepted"": true}","[{""target_id"": ""RNI"", ""target_type"": ""party"", ""target_name"": ""التجمع الوطني للأحرار"", ""label"": ""neutral"", ""label_ar"": ""محايد أو إخباري"", ""confidence"": ""medium"", ""positive_score"": 0, ""negative_score"": 0, ""mention_count"": 2, ""editorial_segment_count"": 0, ""reported_segment_count"": 2, ""evidence"": []}, {""target_id"": ""person_001"", ""target_type"": ""person"", ""target_name"": ""عزيز أخنوش"", ""label"": ""neutral"", ""label_ar"": ""محايد أو إخباري"", ""confidence"": ""medium"", ""positive_score"": 0, ""negative_score"": 0, ""mention_count"": 7, ""editorial_segment_count"": 2, ""reported_segment_count"": 5, ""evidence"": []}, {""target_id"": ""person_084"", ""target_type"": ""person"", ""target_name"": ""عبد الله غازي"", ""label"": ""neutral"", ""label_ar"": ""محايد أو إخباري"", ""confidence"": ""low"", ""positive_score"": 0, ""negative_score"": 0, ""mention_count"": 1, ""editorial_segment_count"": 0, ""reported_segment_count"": 1, ""evidence"": []}]",evt_b3a182037e2c,2026-09-17T04:57:00.071727+00:00
e8fa58ca8022ec20,agadir24,أكادير24,انتخابات 23 شتنبر بأكادير: العدالة والتنمية يكشف لوائحه الانتخابية ويدشن برنامجه بـ 467 إجراًء | agadir24.info,https://agadir24.info/%D8%A7%D9%86%D8%AA%D8%AE%D8%A7%D8%A8%D8%A7%D8%AA-23-%D8%B4%D8%AA%D9%86%D8%A8%D8%B1-%D8%A8%D8%A3%D9%83%D8%A7%D8%AF%D9%8A%D8%B1-%D8%A7%D9%84%D8%B9%D8%AF%D8%A7%D9%84%D8%A9-%D9%88%D8%A7%D9%84%D8%AA%D9%86.html,أكادير,2026-09-14,2026-09-15T21:24:49.153488+00:00,2026-09-15T21:24:49.153488+00:00,ar,عقد المكتب الإقليمي لحزب العدالة والتنمية بأكادير إداوتنان، يوم الإثنين 14 شتنبر 2026، ندوة صحفية بفضاء سينما صحراء بحي تالبرجت، خُصصت لتقديم أسماء مرشحيه في,299,"{""region"": ""سوس ماسة"", ""primary_provinces"": [""أكادير إداوتنان""], ""primary_places"": [""أكادير""], ""secondary_provinces"": [], ""secondary_places"": []}","{""primary"": [{""id"": ""PJD"", ""name"": ""حزب العدالة والتنمية""}], ""secondary"": []}","{""primary"": [{""id"": ""person_099"", ""name"": ""سناء عكي"", ""tier"": ""secondary""}, {""id"": ""person_103"", ""name"": ""محمد باكيري"", ""tier"": ""manual_unverified""}], ""secondary"": []}","{""primary"": [{""id"": ""elections"", ""name"": ""الانتخابات والاقتراع"", ""hits"": [""انتخابات"", ""الاستحقاقات""]}, {""id"": ""party_activity"", ""name"": ""الأنشطة والتنظيمات الحزبية"", ""hits"": [""المكتب الإقليمي"", ""الفرع الإقليمي""]}], ""secondary"": [{""id"": ""political_statements"", ""name"": ""التصريحات والمواقف السياسية"", ""hits"": [""أكد""]}]}","{""level"": ""strong"", ""geographic_score"": 4, ""political_score"": 7, ""decision_reason"": ""صلة جغرافية وسياسية قوية"", ""geographic_reasons"": [""إقليم رئيسي داخل سوس ماسة"", ""مدينة أو مكان رئيسي داخل سوس ماسة""], ""political_reasons"": [""أحزاب رئيسية: حزب العدالة والتنمية"", ""شخصيات رئيسية: سناء عكي, محمد باكيري"", ""مواضيع سياسية: الانتخابات والاقتراع, الأنشطة والتنظيمات الحزبية""], ""accepted"": true}","[{""target_id"": ""PJD"", ""target_type"": ""party"", ""target_name"": ""حزب العدالة والتنمية"", ""label"": ""neutral"", ""label_ar"": ""محايد أو إخباري"", ""confidence"": ""medium"", ""positive_score"": 0, ""negative_score"": 0, ""mention_count"": 2, ""editorial_segment_count"": 2, ""reported_segment_count"": 0, ""evidence"": []}, {""target_id"": ""person_099"", ""target_type"": ""person"", ""target_name"": ""سناء عكي"", ""label"": ""neutral"", ""label_ar"": ""محايد أو إخباري"", ""confidence"": ""low"", ""positive_score"": 0, ""negative_score"": 0, ""mention_count"": 1, ""editorial_segment_count"": 1, ""reported_segment_count"": 0, ""evidence"": []}, {""target_id"": ""person_103"", ""target_type"": ""person"", ""target_name"": ""محمد باكيري"", ""label"": ""neutral"", ""label_ar"": ""محايد أو إخباري"", ""confidence"": ""medium"", ""positive_score"": 0, ""negative_score"": 0, ""mention_count"": 2, ""editorial_segment_count"": 1, ""reported_segment_count"": 1, ""evidence"": []}]",evt_e8fa58ca8022,2026-09-15T21:24:49.153488+00:00
1b0b219b494414bf,agadirinfo,أكادير أنفو,عمر أمين مرشح حزب الأحرار يكثف لقاءاته بالدشيرة ومختلف مناطق إنزكان - أكادير انفو - Agadir info,https://agadirinfo.ma/134438.html,اكادير انفو,2026-09-14,2026-09-15T21:24:49.153488+00:00,2026-09-15T21:24:49.153488+00:00,ar,أكادير والجهةعمر أمين مرشح حزب الأحرار يكثف لقاءاته بالدشيرة ومختلف مناطق إنزكان يواصل عمر أمين، مرشح حزب التجمع الوطني للأحرار بدائرة إنزكان، تعزيز حضوره الميداني,211,"{""region"": ""سوس ماسة"", ""primary_provinces"": [""أكادير إداوتنان"", ""إنزكان أيت ملول""], ""primary_places"": [""أكادير""], ""secondary_provinces"": [], ""secondary_places"": [""إنزكان"", ""الدشيرة الجهادية""]}","{""primary"": [{""id"": ""RNI"", ""name"": ""التجمع الوطني للأحرار""}], ""secondary"": []}","{""primary"": [{""id"": ""person_052"", ""name"": ""عمر أمين"", ""tier"": ""secondary""}], ""secondary"": []}","{""primary"": [{""id"": ""candidacy_nomination"", ""name"": ""الترشح والتزكية"", ""hits"": [""مرشح""]}, {""id"": ""elections"", ""name"": ""الانتخابات والاقتراع"", ""hits"": [""استحقاقات"", ""الاستحقاقات الانتخابية"", ""الاستحقاقات""]}, {""id"": ""elected_councils"", ""name"": ""المجالس المنتخبة والتدبير المحلي"", ""hits"": [""المجلس الجماعي"", ""رئيس المجلس""]}, {""id"": ""electoral_campaign"", ""name"": ""الحملة الانتخابية"", ""hits"": [""الحملة الانتخابية""]}], ""secondary"": []}","{""level"": ""strong"", ""geographic_score"": 4, ""political_score"": 7, ""decision_reason"": ""صلة جغرافية وسياسية قوية"", ""geographic_reasons"": [""إقليم رئيسي داخل سوس ماسة"", ""مدينة أو مكان رئيسي داخل سوس ماسة""], ""political_reasons"": [""أحزاب رئيسية: التجمع الوطني للأحرار"", ""شخصيات رئيسية: عمر أمين"", ""مواضيع سياسية: الترشح والتزكية, الانتخابات والاقتراع, المجالس المنتخبة والتدبير المحلي, الحملة الانتخابية""], ""accepted"": true}","[{""target_id"": ""RNI"", ""target_type"": ""party"", ""target_name"": ""التجمع الوطني للأحرار"", ""label"": ""neutral"", ""label_ar"": ""محايد أو إخباري"", ""confidence"": ""medium"", ""positive_score"": 0, ""negative_score"": 0, ""mention_count"": 3, ""editorial_segment_count"": 3, ""reported_segment_count"": 0, ""evidence"": []}, {""target_id"": ""person_052"", ""target_type"": ""person"", ""target_name"": ""عمر أمين"", ""label"": ""neutral"", ""label_ar"": ""محايد أو إخباري"", ""confidence"": ""medium"", ""positive_score"": 0, ""negative_score"": 0, ""mention_count"": 3, ""editorial_segment_count"": 2, ""reported_segment_count"": 1, ""evidence"": []}]",evt_1b0b219b4944,2026-09-15T21:24:49.153488+00:00
d8a210ef69371779,thepress,ThePress,"الانتخابات التشريعية.. صراع ""الأحرار"" و""البام"" ينتقل إلى مرحلة الطعون",https://thepress.ma/%D8%A7%D9%84%D8%A7%D9%86%D8%AA%D8%AE%D8%A7%D8%A8%D8%A7%D8%AA-%D8%A7%D9%84%D8%AA%D8%B4%D8%B1%D9%8A%D8%B9%D9%8A%D8%A9-%D8%B5%D8%B1%D8%A7%D8%B9-%D8%A7%D9%84%D8%A3%D8%AD%D8%B1%D8%A7%D8%B1-%D9%88,,2026-09-14,2026-09-15T21:24:49.153488+00:00,2026-09-15T21:24:49.153488+00:00,ar,فاطمة الزهراء – قارا تصاعد الجدل بين حزبي التجمع الوطني للأحرار والأصالة والمعاصرة، خلال الأيام الأخيرة، مع اقتراب الاستحقاقات الانتخابية، لينتقل الخلاف بين الطرفين إلى,167,"{""region"": ""سوس ماسة"", ""primary_provinces"": [""تارودانت""], ""primary_places"": [""تارودانت""], ""secondary_provinces"": [], ""secondary_places"": []}","{""primary"": [{""id"": ""RNI"", ""name"": ""التجمع الوطني للأحرار""}, {""id"": ""PAM"", ""name"": ""حزب الأصالة والمعاصرة""}], ""secondary"": []}","{""primary"": [{""id"": ""person_001"", ""name"": ""عزيز أخنوش"", ""tier"": ""priority""}], ""secondary"": []}","{""primary"": [{""id"": ""elections"", ""name"": ""الانتخابات والاقتراع"", ""hits"": [""الاستحقاقات الانتخابية"", ""الاستحقاقات""]}, {""id"": ""electoral_campaign"", ""name"": ""الحملة الانتخابية"", ""hits"": [""تجمع انتخابي""]}, {""id"": ""alliances_conflicts"", ""name"": ""التحالفات والخلافات السياسية"", ""hits"": [""صراع""]}], ""secondary"": [{""id"": ""political_statements"", ""name"": ""التصريحات والمواقف السياسية"", ""hits"": [""اعتبر""]}, {""id"": ""candidacy_nomination"", ""name"": ""الترشح والتزكية"", ""hits"": [""الترشح""]}, {""id"": ""resignation_defection"", ""name"": ""الاستقالة وتغيير الانتماء"", ""hits"": [""استقالته""]}]}","{""level"": ""strong"", ""geographic_score"": 4, ""political_score"": 7, ""decision_reason"": ""صلة جغرافية وسياسية قوية"", ""geographic_reasons"": [""إقليم رئيسي داخل سوس ماسة"", ""مدينة أو مكان رئيسي داخل سوس ماسة""], ""political_reasons"": [""أحزاب رئيسية: التجمع الوطني للأحرار, حزب الأصالة والمعاصرة"", ""شخصيات رئيسية: عزيز أخنوش"", ""مواضيع سياسية: الانتخابات والاقتراع, الحملة الانتخابية, التحالفات والخلافات السياسية""], ""accepted"": true}","[{""target_id"": ""RNI"", ""target_type"": ""party"", ""target_name"": ""التجمع الوطني للأحرار"", ""label"": ""neutral"", ""label_ar"": ""محايد أو إخباري"", ""confidence"": ""medium"", ""positive_score"": 0, ""negative_score"": 0, ""mention_count"": 3, ""editorial_segment_count"": 2, ""reported_segment_count"": 1, ""evidence"": []}, {""target_id"": ""PAM"", ""target_type"": ""party"", ""target_name"": ""حزب الأصالة والمعاصرة"", ""label"": ""neutral"", ""label_ar"": ""محايد أو إخباري"", ""confidence"": ""medium"", ""positive_score"": 0, ""negative_score"": 0, ""mention_count"": 3, ""editorial_segment_count"": 2, ""reported_segment_count"": 1, ""evidence"": []}, {""target_id"": ""person_001"", ""target_type"": ""person"", ""target_name"": ""عزيز أخنوش"", ""label"": ""neutral"", ""label_ar"": ""محايد أو إخباري"", ""confidence"": ""medium"", ""positive_score"": 0, ""negative_score"": 0, ""mention_count"": 2, ""editorial_segment_count"": 0, ""reported_segment_count"": 2, ""evidence"": []}]",evt_d8a210ef6937,2026-09-15T21:24:49.153488+00:00
f0cc6c4d493e84bd,le360,Le360,Fouzi Lekjaa à Zagora et Taliouine: «Les intérêts des Marocains d’abord»,https://fr.le360.ma/politique/fouzi-lekjaa-a-zagora-et-taliouine-les-interets-des-marocains-dabord_BGZUGZXCLFDYXIIK5NYGDJXCQ4,La Rédaction,2026-09-13,2026-09-14T12:54:38.784930+00:00,2026-09-14T12:54:38.784930+00:00,fr,"«Nous mettrons tous nos efforts et toutes nos forces au service des intérêts des Marocains et du Maroc.» À Zagora, Fouzi Lekjaa a résumé en",695,"{""region"": ""سوس ماسة"", ""primary_provinces"": [""تارودانت""], ""primary_places"": [""تالوين""], ""secondary_provinces"": [], ""secondary_places"": []}","{""primary"": [{""id"": ""PAM"", ""name"": ""حزب الأصالة والمعاصرة""}], ""secondary"": []}","{""primary"": [{""id"": ""person_031"", ""name"": ""فوزي لقجع"", ""tier"": ""priority""}], ""secondary"": []}","{""primary"": [{""id"": ""elections"", ""name"": ""الانتخابات والاقتراع"", ""hits"": [""élections"", ""législatives"", ""scrutin"", ""vote""]}], ""secondary"": [{""id"": ""candidacy_nomination"", ""name"": ""الترشح والتزكية"", ""hits"": [""candidat""]}]}","{""level"": ""strong"", ""geographic_score"": 4, ""political_score"": 6, ""decision_reason"": ""صلة جغرافية وسياسية قوية"", ""geographic_reasons"": [""إقليم رئيسي داخل سوس ماسة"", ""مدينة أو مكان رئيسي داخل سوس ماسة""], ""political_reasons"": [""أحزاب رئيسية: حزب الأصالة والمعاصرة"", ""شخصيات رئيسية: فوزي لقجع"", ""مواضيع سياسية: الانتخابات والاقتراع""], ""accepted"": true}","[{""target_id"": ""PAM"", ""target_type"": ""party"", ""target_name"": ""حزب الأصالة والمعاصرة"", ""label"": ""neutral"", ""label_ar"": ""محايد أو إخباري"", ""confidence"": ""medium"", ""positive_score"": 0, ""negative_score"": 0, ""mention_count"": 9, ""editorial_segment_count"": 7, ""reported_segment_count"": 2, ""evidence"": []}, {""target_id"": ""person_031"", ""target_type"": ""person"", ""target_name"": ""فوزي لقجع"", ""label"": ""neutral"", ""label_ar"": ""محايد أو إخباري"", ""confidence"": ""medium"", ""positive_score"": 0, ""negative_score"": 0, ""mention_count"": 9, ""editorial_segment_count"": 4, ""reported_segment_count"": 5, ""evidence"": []}]",evt_f0cc6c4d493e,2026-09-14T12:54:38.784930+00:00
6dd07b7b16acd5f0,al3omk,العمق المغربي,المعجم السياسي المغربي: من صراع الأفكار إلى لغة الشارع,https://al3omk.com/1187659.html,حمزة الشواي,2026-09-13,2026-09-14T12:54:38.784930+00:00,2026-09-14T12:54:38.784930+00:00,ar,المعجم السياسي المغربي: من صراع الأفكار إلى لغة الشارع تراجع «المثقف المناضل» وصعود «المقاول السياسي».. قراءة في تحول النخب بالمغرب تقف التجربة السياسية والدستورية المغربية,2107,"{""region"": ""سوس ماسة"", ""primary_provinces"": [""تارودانت""], ""primary_places"": [""تارودانت""], ""secondary_provinces"": [], ""secondary_places"": []}","{""primary"": [{""id"": ""PAM"", ""name"": ""حزب الأصالة والمعاصرة""}, {""id"": ""PJD"", ""name"": ""حزب العدالة والتنمية""}], ""secondary"": [{""id"": ""PI"", ""name"": ""حزب الاستقلال""}]}","{""primary"": [{""id"": ""person_020"", ""name"": ""إدريس لشكر"", ""tier"": ""priority""}, {""id"": ""person_022"", ""name"": ""عبد الإله بنكيران"", ""tier"": ""priority""}, {""id"": ""person_001"", ""name"": ""عزيز أخنوش"", ""tier"": ""priority""}], ""secondary"": [{""id"": ""person_028"", ""name"": ""رشيد الطالبي العلمي"", ""tier"": ""priority""}, {""id"": ""person_002"", ""name"": ""عبد اللطيف وهبي"", ""tier"": ""priority""}, {""id"": ""person_024"", ""name"": ""محمد أوزين"", ""tier"": ""priority""}, {""id"": ""person_021"", ""name"": ""نبيل بنعبد الله"", ""tier"": ""priority""}, {""id"": ""person_026"", ""name"": ""نبيلة منيب"", ""tier"": ""priority""}]}","{""primary"": [{""id"": ""alliances_conflicts"", ""name"": ""التحالفات والخلافات السياسية"", ""hits"": [""صراع"", ""التحالفات"", ""معارضة""]}, {""id"": ""political_statements"", ""name"": ""التصريحات والمواقف السياسية"", ""hits"": [""صرح"", ""اعتبر"", ""بلاغ""]}], ""secondary"": [{""id"": ""elections"", ""name"": ""الانتخابات والاقتراع"", ""hits"": [""انتخابات""]}, {""id"": ""party_activity"", ""name"": ""الأنشطة والتنظيمات الحزبية"", ""hits"": [""لقاء تواصلي""]}, {""id"": ""legal_accountability"", ""name"": ""المتابعات والعزل والمحاسبة"", ""hits"": [""ربط المسؤولية بالمحاسبة""]}, {""id"": ""government_politics"", ""name"": ""السياسات والحصيلة الحكومية"", ""hits"": [""رئيس الحكومة""]}]}","{""level"": ""strong"", ""geographic_score"": 4, ""political_score"": 6, ""decision_reason"": ""صلة جغرافية وسياسية قوية"", ""geographic_reasons"": [""إقليم رئيسي داخل سوس ماسة"", ""مدينة أو مكان رئيسي داخل سوس ماسة""], ""political_reasons"": [""أحزاب رئيسية: حزب الأصالة والمعاصرة, حزب العدالة والتنمية"", ""شخصيات رئيسية: إدريس لشكر, عبد الإله بنكيران, عزيز أخنوش"", ""مواضيع سياسية: التحالفات والخلافات السياسية, التصريحات والمواقف السياسية""], ""accepted"": true}","[{""target_id"": ""PAM"", ""target_type"": ""party"", ""target_name"": ""حزب الأصالة والمعاصرة"", ""label"": ""neutral"", ""label_ar"": ""محايد أو إخباري"", ""confidence"": ""medium"", ""positive_score"": 0, ""negative_score"": 0, ""mention_count"": 2, ""editorial_segment_count"": 0, ""reported_segment_count"": 2, ""evidence"": []}, {""target_id"": ""PJD"", ""target_type"": ""party"", ""target_name"": ""حزب العدالة والتنمية"", ""label"": ""unclear"", ""label_ar"": ""غير واضح"", ""confidence"": ""low"", ""positive_score"": 0, ""negative_score"": 1, ""mention_count"": 1, ""editorial_segment_count"": 1, ""reported_segment_count"": 0, ""evidence"": [""تراجع""]}, {""target_id"": ""PI"", ""target_type"": ""party"", ""target_name"": ""حزب الاستقلال"", ""label"": ""neutral"", ""label_ar"": ""محايد أو إخباري"", ""confidence"": ""low"", ""positive_score"": 0, ""negative_score"": 0, ""mention_count"": 1, ""editorial_segment_count"": 0, ""reported_segment_count"": 1, ""evidence"": []}, {""target_id"": ""person_020"", ""target_type"": ""person"", ""target_name"": ""إدريس لشكر"", ""label"": ""neutral"", ""label_ar"": ""محايد أو إخباري"", ""confidence"": ""low"", ""positive_score"": 0, ""negative_score"": 0, ""mention_count"": 1, ""editorial_segment_count"": 0, ""reported_segment_count"": 1, ""evidence"": []}, {""target_id"": ""person_022"", ""target_type"": ""person"", ""target_name"": ""عبد الإله بنكيران"", ""label"": ""neutral"", ""label_ar"": ""محايد أو إخباري"", ""confidence"": ""medium"", ""positive_score"": 0, ""negative_score"": 0, ""mention_count"": 6, ""editorial_segment_count"": 0, ""reported_segment_count"": 6, ""evidence"": []}, {""target_id"": ""person_001"", ""target_type"": ""person"", ""target_name"": ""عزيز أخنوش"", ""label"": ""neutral"", ""label_ar"": ""محايد أو إخباري"", ""confidence"": ""low"", ""positive_score"": 0, ""negative_score"": 0, ""mention_count"": 1, ""editorial_segment_count"": 0, ""reported_segment_count"": 1, ""evidence"": []}, {""target_id"": ""person_028"", ""target_type"": ""person"", ""target_name"": ""رشيد الطالبي العلمي"", ""label"": ""neutral"", ""label_ar"": ""محايد أو إخباري"", ""confidence"": ""low"", ""positive_score"": 0, ""negative_score"": 0, ""mention_count"": 1, ""editorial_segment_count"": 0, ""reported_segment_count"": 1, ""evidence"": []}, {""target_id"": ""person_002"", ""target_type"": ""person"", ""target_name"": ""عبد اللطيف وهبي"", ""label"": ""neutral"", ""label_ar"": ""محايد أو إخباري"", ""confidence"": ""low"", ""positive_score"": 0, ""negative_score"": 0, ""mention_count"": 1, ""editorial_segment_count"": 0, ""reported_segment_count"": 1, ""evidence"": []}, {""target_id"": ""person_024"", ""target_type"": ""person"", ""target_name"": ""محمد أوزين"", ""label"": ""neutral"", ""label_ar"": ""محايد أو إخباري"", ""confidence"": ""low"", ""positive_score"": 0, ""negative_score"": 0, ""mention_count"": 1, ""editorial_segment_count"": 0, ""reported_segment_count"": 1, ""evidence"": []}, {""target_id"": ""person_021"", ""target_type"": ""person"", ""target_name"": ""نبيل بنعبد الله"", ""label"": ""neutral"", ""label_ar"": ""محايد أو إخباري"", ""confidence"": ""low"", ""positive_score"": 0, ""negative_score"": 0, ""mention_count"": 1, ""editorial_segment_count"": 0, ""reported_segment_count"": 1, ""evidence"": []}, {""target_id"": ""person_026"", ""target_type"": ""person"", ""target_name"": ""نبيلة منيب"", ""label"": ""neutral"", ""label_ar"": ""محايد أو إخباري"", ""confidence"": ""low"", ""positive_score"": 0, ""negative_score"": 0, ""mention_count"": 1, ""editorial_segment_count"": 0, ""reported_segment_count"": 1, ""evidence"": []}]",evt_6dd07b7b16ac,2026-09-14T12:54:38.784930+00:00
f9a356b71b049ee7,agadirinfo,أكادير أنفو,فتح بحث قضائي بشأن ادعاءات أمين عام حزب الحركة الشعبية باستهداف حزبه بالتجسس على الهواتف - أكادير انفو - Agadir info,https://agadirinfo.ma/134418.html,اكادير انفو,2026-09-13,2026-09-14T21:52:26.848698+00:00,2026-09-14T21:52:26.848698+00:00,ar,خبار بلاديفتح بحث قضائي بشأن ادعاءات أمين عام حزب الحركة الشعبية باستهداف حزبه بالتجسس على الهواتف أعلن الوكيل العام للملك لدى محكمة الاستئناف بالدار البيضاء،,170,"{""region"": ""سوس ماسة"", ""primary_provinces"": [""أكادير إداوتنان""], ""primary_places"": [""أكادير""], ""secondary_provinces"": [], ""secondary_places"": []}","{""primary"": [{""id"": ""MP"", ""name"": ""الحركة الشعبية""}], ""secondary"": []}","{""primary"": [{""id"": ""person_024"", ""name"": ""محمد أوزين"", ""tier"": ""priority""}], ""secondary"": []}","{""primary"": [{""id"": ""political_statements"", ""name"": ""التصريحات والمواقف السياسية"", ""hits"": [""صرح"", ""بلاغ""]}], ""secondary"": []}","{""level"": ""strong"", ""geographic_score"": 4, ""political_score"": 5, ""decision_reason"": ""صلة جغرافية وسياسية قوية"", ""geographic_reasons"": [""إقليم رئيسي داخل سوس ماسة"", ""مدينة أو مكان رئيسي داخل سوس ماسة""], ""political_reasons"": [""أحزاب رئيسية: الحركة الشعبية"", ""شخصيات رئيسية: محمد أوزين"", ""مواضيع سياسية: التصريحات والمواقف السياسية""], ""accepted"": true}","[{""target_id"": ""MP"", ""target_type"": ""party"", ""target_name"": ""الحركة الشعبية"", ""label"": ""neutral"", ""label_ar"": ""محايد أو إخباري"", ""confidence"": ""medium"", ""positive_score"": 0, ""negative_score"": 0, ""mention_count"": 2, ""editorial_segment_count"": 1, ""reported_segment_count"": 1, ""evidence"": []}, {""target_id"": ""person_024"", ""target_type"": ""person"", ""target_name"": ""محمد أوزين"", ""label"": ""neutral"", ""label_ar"": ""محايد أو إخباري"", ""confidence"": ""low"", ""positive_score"": 0, ""negative_score"": 0, ""mention_count"": 1, ""editorial_segment_count"": 0, ""reported_segment_count"": 1, ""evidence"": []}]",evt_f9a356b71b04,2026-09-14T21:52:26.848698+00:00
7f11e0a9a3ead88b,hespress,هسبريس,"""الأحرار"" ينتقد نمط تسيير ""الأصالة والمعاصرة"" لجهة بني ملال ـ خنيفرة",https://www.hespress.com/%D8%A7%D9%84%D8%A3%D8%AD%D8%B1%D8%A7%D8%B1-%D9%8A%D8%B7%D9%84%D8%A8%D9%88%D9%86-%D8%A5%D9%86%D9%87%D8%A7%D8%A1-%D8%AA%D9%87%D9%85%D9%8A%D8%B4-%D8%A7%D9%84%D8%AC%D9%85%D8%A7%D8%B9%D8%A7%D8%AA-1807408.html,هسبريس من بني ملال,2026-09-13,2026-09-14T21:52:26.848698+00:00,2026-09-14T21:52:26.848698+00:00,ar,أكد مصطفى الرداد، البرلماني وعضو المكتب السياسي لحزب التجمع الوطني للأحرار ومرشحه في دائرة أزيلال، أن إقليم أزيلال الذي ينتمي إليه “متشبثٌ بمؤسساته وناضل من,530,"{""region"": ""سوس ماسة"", ""primary_provinces"": [""اشتوكة أيت باها""], ""primary_places"": [""ماسة""], ""secondary_provinces"": [], ""secondary_places"": []}","{""primary"": [{""id"": ""RNI"", ""name"": ""التجمع الوطني للأحرار""}, {""id"": ""PAM"", ""name"": ""حزب الأصالة والمعاصرة""}], ""secondary"": []}","{""primary"": [{""id"": ""person_001"", ""name"": ""عزيز أخنوش"", ""tier"": ""priority""}], ""secondary"": []}","{""primary"": [{""id"": ""political_statements"", ""name"": ""التصريحات والمواقف السياسية"", ""hits"": [""أكد"", ""اعتبر"", ""انتقد""]}, {""id"": ""elections"", ""name"": ""الانتخابات والاقتراع"", ""hits"": [""انتخابات""]}, {""id"": ""government_politics"", ""name"": ""السياسات والحصيلة الحكومية"", ""hits"": [""رئيس الحكومة""]}], ""secondary"": [{""id"": ""party_activity"", ""name"": ""الأنشطة والتنظيمات الحزبية"", ""hits"": [""لقاء تواصلي""]}, {""id"": ""candidacy_nomination"", ""name"": ""الترشح والتزكية"", ""hits"": [""مرشح""]}, {""id"": ""electoral_campaign"", ""name"": ""الحملة الانتخابية"", ""hits"": [""الحملة الانتخابية""]}, {""id"": ""elected_councils"", ""name"": ""المجالس المنتخبة والتدبير المحلي"", ""hits"": [""مجلس الجهة""]}]}","{""level"": ""strong"", ""geographic_score"": 4, ""political_score"": 7, ""decision_reason"": ""صلة جغرافية وسياسية قوية"", ""geographic_reasons"": [""إقليم رئيسي داخل سوس ماسة"", ""مدينة أو مكان رئيسي داخل سوس ماسة""], ""political_reasons"": [""أحزاب رئيسية: التجمع الوطني للأحرار, حزب الأصالة والمعاصرة"", ""شخصيات رئيسية: عزيز أخنوش"", ""مواضيع سياسية: التصريحات والمواقف السياسية, الانتخابات والاقتراع, السياسات والحصيلة الحكومية""], ""accepted"": true}","[{""target_id"": ""RNI"", ""target_type"": ""party"", ""target_name"": ""التجمع الوطني للأحرار"", ""label"": ""neutral"", ""label_ar"": ""محايد أو إخباري"", ""confidence"": ""medium"", ""positive_score"": 0, ""negative_score"": 0, ""mention_count"": 6, ""editorial_segment_count"": 1, ""reported_segment_count"": 5, ""evidence"": []}, {""target_id"": ""PAM"", ""target_type"": ""party"", ""target_name"": ""حزب الأصالة والمعاصرة"", ""label"": ""neutral"", ""label_ar"": ""محايد أو إخباري"", ""confidence"": ""medium"", ""positive_score"": 0, ""negative_score"": 0, ""mention_count"": 2, ""editorial_segment_count"": 1, ""reported_segment_count"": 1, ""evidence"": []}, {""target_id"": ""person_001"", ""target_type"": ""person"", ""target_name"": ""عزيز أخنوش"", ""label"": ""neutral"", ""label_ar"": ""محايد أو إخباري"", ""confidence"": ""low"", ""positive_score"": 0, ""negative_score"": 0, ""mention_count"": 1, ""editorial_segment_count"": 0, ""reported_segment_count"": 1, ""evidence"": []}]",evt_7f11e0a9a3ea,2026-09-14T21:52:26.848698+00:00
1ba5eaf4d2ad8caf,le360,Le360,RNI-PAM: la bataille des listes se déplace sur le terrain des recours,https://fr.le360.ma/politique/rni-pam-la-bataille-des-listes-se-deplace-sur-le-terrain-des-recours_SY262DSVJBEUPNN32J2LDPAVVQ,Hassan Benadad,2026-09-13,2026-09-14T21:52:26.848698+00:00,2026-09-14T21:52:26.848698+00:00,fr,"La polémique entre le RNI et le PAM est montée d’un cran ces derniers jours. Après les passes d’armes politiques, les deux formations semblent désormais",503,"{""region"": ""سوس ماسة"", ""primary_provinces"": [""تارودانت""], ""primary_places"": [""تارودانت""], ""secondary_provinces"": [], ""secondary_places"": []}","{""primary"": [{""id"": ""RNI"", ""name"": ""التجمع الوطني للأحرار""}, {""id"": ""PAM"", ""name"": ""حزب الأصالة والمعاصرة""}], ""secondary"": []}","{""primary"": [{""id"": ""person_001"", ""name"": ""عزيز أخنوش"", ""tier"": ""priority""}], ""secondary"": []}","{""primary"": [{""id"": ""candidacy_nomination"", ""name"": ""الترشح والتزكية"", ""hits"": [""candidatures"", ""candidats"", ""candidat"", ""candidature""]}], ""secondary"": [{""id"": ""elections"", ""name"": ""الانتخابات والاقتراع"", ""hits"": [""électorales"", ""listes électorales""]}, {""id"": ""alliances_conflicts"", ""name"": ""التحالفات والخلافات السياسية"", ""hits"": [""tensions""]}, {""id"": ""resignation_defection"", ""name"": ""الاستقالة وتغيير الانتماء"", ""hits"": [""démission""]}, {""id"": ""party_activity"", ""name"": ""الأنشطة والتنظيمات الحزبية"", ""hits"": [""bureau politique""]}, {""id"": ""political_statements"", ""name"": ""التصريحات والمواقف السياسية"", ""hits"": [""accuse""]}]}","{""level"": ""strong"", ""geographic_score"": 4, ""political_score"": 6, ""decision_reason"": ""صلة جغرافية وسياسية قوية"", ""geographic_reasons"": [""إقليم رئيسي داخل سوس ماسة"", ""مدينة أو مكان رئيسي داخل سوس ماسة""], ""political_reasons"": [""أحزاب رئيسية: التجمع الوطني للأحرار, حزب الأصالة والمعاصرة"", ""شخصيات رئيسية: عزيز أخنوش"", ""مواضيع سياسية: الترشح والتزكية""], ""accepted"": true}","[{""target_id"": ""RNI"", ""target_type"": ""party"", ""target_name"": ""التجمع الوطني للأحرار"", ""label"": ""neutral"", ""label_ar"": ""محايد أو إخباري"", ""confidence"": ""medium"", ""positive_score"": 0, ""negative_score"": 0, ""mention_count"": 6, ""editorial_segment_count"": 4, ""reported_segment_count"": 2, ""evidence"": []}, {""target_id"": ""PAM"", ""target_type"": ""party"", ""target_name"": ""حزب الأصالة والمعاصرة"", ""label"": ""neutral"", ""label_ar"": ""محايد أو إخباري"", ""confidence"": ""medium"", ""positive_score"": 0, ""negative_score"": 0, ""mention_count"": 6, ""editorial_segment_count"": 4, ""reported_segment_count"": 2, ""evidence"": []}, {""target_id"": ""person_001"", ""target_type"": ""person"", ""target_name"": ""عزيز أخنوش"", ""label"": ""neutral"", ""label_ar"": ""محايد أو إخباري"", ""confidence"": ""medium"", ""positive_score"": 0, ""negative_score"": 0, ""mention_count"": 3, ""editorial_segment_count"": 1, ""reported_segment_count"": 2, ""evidence"": []}]",evt_1ba5eaf4d2ad,2026-09-14T21:52:26.848698+00:00
c602d7e5dd5d20a7,le360,Le360,لقجع يكشف معادلة «البام» لإنعاش القدرة الشرائية: 70 مليارا سنويا وصفر درهم ضرائب,https://ar.le360.ma/politique/AOXGVOVLNRARTAJB27BHPVBEJE,هيئة التحرير,2026-09-12,2026-09-13T11:57:26.969659+00:00,2026-09-13T11:57:26.969659+00:00,ar,واستندت هذه الهندسة المالية، بحسب ما أكده لقجع في لقاء حزبي يوم السبت بأكادير، إلى قراءة لواقع المغاربة سنة 2026 بغية رسم ملامح مغرب 2031.,271,"{""region"": ""سوس ماسة"", ""primary_provinces"": [""أكادير إداوتنان""], ""primary_places"": [""أكادير""], ""secondary_provinces"": [], ""secondary_places"": []}","{""primary"": [{""id"": ""PAM"", ""name"": ""حزب الأصالة والمعاصرة""}], ""secondary"": []}","{""primary"": [{""id"": ""person_031"", ""name"": ""فوزي لقجع"", ""tier"": ""priority""}], ""secondary"": []}","{""primary"": [], ""secondary"": [{""id"": ""elections"", ""name"": ""الانتخابات والاقتراع"", ""hits"": [""التصويت""]}]}","{""level"": ""medium"", ""geographic_score"": 4, ""political_score"": 3, ""decision_reason"": ""صلة جغرافية وسياسية مقبولة"", ""geographic_reasons"": [""إقليم رئيسي داخل سوس ماسة"", ""مدينة أو مكان رئيسي داخل سوس ماسة""], ""political_reasons"": [""أحزاب رئيسية: حزب الأصالة والمعاصرة"", ""شخصيات رئيسية: فوزي لقجع""], ""accepted"": true}","[{""target_id"": ""PAM"", ""target_type"": ""party"", ""target_name"": ""حزب الأصالة والمعاصرة"", ""label"": ""neutral"", ""label_ar"": ""محايد أو إخباري"", ""confidence"": ""medium"", ""positive_score"": 0, ""negative_score"": 0, ""mention_count"": 2, ""editorial_segment_count"": 1, ""reported_segment_count"": 1, ""evidence"": []}, {""target_id"": ""person_031"", ""target_type"": ""person"", ""target_name"": ""فوزي لقجع"", ""label"": ""neutral"", ""label_ar"": ""محايد أو إخباري"", ""confidence"": ""medium"", ""positive_score"": 0, ""negative_score"": 0, ""mention_count"": 4, ""editorial_segment_count"": 2, ""reported_segment_count"": 2, ""evidence"": []}]",evt_c602d7e5dd5d,2026-09-13T11:57:26.969659+00:00
779f1b0f4ac499c5,agadir24,أكادير24,كريم أشنكلي: التجمع الوطني للأحرار يقود تحول أكادير ويدعم تمكين المرأة في انتخابات 2026 | agadir24.info,https://agadir24.info/%D9%83%D8%B1%D9%8A%D9%85-%D8%A3%D8%B4%D9%86%D9%83%D9%84%D9%8A-%D8%A7%D9%84%D8%AA%D8%AC%D9%85%D8%B9-%D8%A7%D9%84%D9%88%D8%B7%D9%86%D9%8A-%D9%84%D9%84%D8%A3%D8%AD%D8%B1%D8%A7%D8%B1-%D9%8A%D9%82%D9%88.html,أكادير,2026-09-12,2026-09-13T16:22:46.268178+00:00,2026-09-13T16:22:46.268178+00:00,ar,أكد كريم أشنكلي، المنسق الجهوي لحزب التجمع الوطني للأحرار، أن مدينة أكادير شهدت تحولاً ملموساً وواضحاً بفضل الرؤية الميدانية للرئيس عزيز أخنوش والجهود المتواصلة لنساء,149,"{""region"": ""سوس ماسة"", ""primary_provinces"": [""أكادير إداوتنان""], ""primary_places"": [""أكادير""], ""secondary_provinces"": [], ""secondary_places"": []}","{""primary"": [{""id"": ""RNI"", ""name"": ""التجمع الوطني للأحرار""}], ""secondary"": []}","{""primary"": [{""id"": ""person_001"", ""name"": ""عزيز أخنوش"", ""tier"": ""priority""}, {""id"": ""person_003"", ""name"": ""كريم أشنكلي"", ""tier"": ""priority""}], ""secondary"": []}","{""primary"": [{""id"": ""elections"", ""name"": ""الانتخابات والاقتراع"", ""hits"": [""انتخابات"", ""التصويت""]}], ""secondary"": [{""id"": ""candidacy_nomination"", ""name"": ""الترشح والتزكية"", ""hits"": [""ترشح""]}, {""id"": ""political_statements"", ""name"": ""التصريحات والمواقف السياسية"", ""hits"": [""أكد""]}]}","{""level"": ""strong"", ""geographic_score"": 4, ""political_score"": 6, ""decision_reason"": ""صلة جغرافية وسياسية قوية"", ""geographic_reasons"": [""إقليم رئيسي داخل سوس ماسة"", ""مدينة أو مكان رئيسي داخل سوس ماسة""], ""political_reasons"": [""أحزاب رئيسية: التجمع الوطني للأحرار"", ""شخصيات رئيسية: عزيز أخنوش, كريم أشنكلي"", ""مواضيع سياسية: الانتخابات والاقتراع""], ""accepted"": true}","[{""target_id"": ""RNI"", ""target_type"": ""party"", ""target_name"": ""التجمع الوطني للأحرار"", ""label"": ""neutral"", ""label_ar"": ""محايد أو إخباري"", ""confidence"": ""medium"", ""positive_score"": 0, ""negative_score"": 0, ""mention_count"": 2, ""editorial_segment_count"": 1, ""reported_segment_count"": 1, ""evidence"": []}, {""target_id"": ""person_001"", ""target_type"": ""person"", ""target_name"": ""عزيز أخنوش"", ""label"": ""neutral"", ""label_ar"": ""محايد أو إخباري"", ""confidence"": ""low"", ""positive_score"": 0, ""negative_score"": 0, ""mention_count"": 1, ""editorial_segment_count"": 0, ""reported_segment_count"": 1, ""evidence"": []}, {""target_id"": ""person_003"", ""target_type"": ""person"", ""target_name"": ""كريم أشنكلي"", ""label"": ""neutral"", ""label_ar"": ""محايد أو إخباري"", ""confidence"": ""medium"", ""positive_score"": 0, ""negative_score"": 0, ""mention_count"": 2, ""editorial_segment_count"": 1, ""reported_segment_count"": 1, ""evidence"": []}]",evt_779f1b0f4ac4,2026-09-13T16:22:46.268178+00:00
14dc75d4690b28ec,agadir24,أكادير24,العدالة والتنمية بأكادير يفكك برنامجه الانتخابي و يقدم مرشحيه في ندوة صحفية مفتوحة | agadir24.info,https://agadir24.info/%D8%A7%D9%84%D8%B9%D8%AF%D8%A7%D9%84%D8%A9-%D9%88%D8%A7%D9%84%D8%AA%D9%86%D9%85%D9%8A%D8%A9-%D8%A8%D8%A3%D9%83%D8%A7%D8%AF%D9%8A%D8%B1-%D9%8A%D9%81%D9%83%D9%83-%D8%A8%D8%B1%D9%86%D8%A7%D9%85%D8%AC.html,أكادير,2026-09-12,2026-09-13T16:22:46.268178+00:00,2026-09-13T16:22:46.268178+00:00,ar,من المرتقب أن يشهد مسرح “سينما صحراء” يوم الإثنين 14 شتنبر 2026، ابتداءً من الساعة الخامسة والنصف عصراً، ندوة صحفية ينظمها حزب العدالة والتنمية للحديث,89,"{""region"": ""سوس ماسة"", ""primary_provinces"": [""أكادير إداوتنان""], ""primary_places"": [""أكادير""], ""secondary_provinces"": [], ""secondary_places"": []}","{""primary"": [{""id"": ""PJD"", ""name"": ""حزب العدالة والتنمية""}], ""secondary"": []}","{""primary"": [], ""secondary"": []}","{""primary"": [], ""secondary"": [{""id"": ""elections"", ""name"": ""الانتخابات والاقتراع"", ""hits"": [""استحقاقات""]}]}","{""level"": ""medium"", ""geographic_score"": 4, ""political_score"": 2, ""decision_reason"": ""صلة جغرافية وسياسية مقبولة"", ""geographic_reasons"": [""إقليم رئيسي داخل سوس ماسة"", ""مدينة أو مكان رئيسي داخل سوس ماسة""], ""political_reasons"": [""أحزاب رئيسية: حزب العدالة والتنمية""], ""accepted"": true}","[{""target_id"": ""PJD"", ""target_type"": ""party"", ""target_name"": ""حزب العدالة والتنمية"", ""label"": ""neutral"", ""label_ar"": ""محايد أو إخباري"", ""confidence"": ""medium"", ""positive_score"": 0, ""negative_score"": 0, ""mention_count"": 2, ""editorial_segment_count"": 1, ""reported_segment_count"": 1, ""evidence"": []}]",evt_14dc75d4690b,2026-09-13T16:22:46.268178+00:00
d7be21fa4b3e7394,le360,Le360,لقجع يستعرض من أكادير الخطوط العريضة لبرنامج «البام» في تشريعيات شتنبر 2026,https://ar.le360.ma/politique/P3DN37UEMVAMHFHHVYA52Z75YU,امحند أوبركة,2026-09-12,2026-09-13T16:22:46.268178+00:00,2026-09-13T16:22:46.268178+00:00,ar,وأكد فوزي لقجع خلال اللقاء الذي حضره عدد من أعضاء المكتب السياسي للحزب على غرار عبد اللطيف وهبي ويونس السكوري وغيرهم ومرشحي البام بأقاليم جهة,239,"{""region"": ""سوس ماسة"", ""primary_provinces"": [""أكادير إداوتنان"", ""اشتوكة أيت باها""], ""primary_places"": [""أكادير""], ""secondary_provinces"": [], ""secondary_places"": [""ماسة""]}","{""primary"": [{""id"": ""PAM"", ""name"": ""حزب الأصالة والمعاصرة""}], ""secondary"": []}","{""primary"": [{""id"": ""person_031"", ""name"": ""فوزي لقجع"", ""tier"": ""priority""}, {""id"": ""person_002"", ""name"": ""عبد اللطيف وهبي"", ""tier"": ""priority""}], ""secondary"": []}","{""primary"": [{""id"": ""elections"", ""name"": ""الانتخابات والاقتراع"", ""hits"": [""تشريعيات""]}, {""id"": ""political_statements"", ""name"": ""التصريحات والمواقف السياسية"", ""hits"": [""أكد""]}], ""secondary"": []}","{""level"": ""strong"", ""geographic_score"": 4, ""political_score"": 7, ""decision_reason"": ""صلة جغرافية وسياسية قوية"", ""geographic_reasons"": [""إقليم رئيسي داخل سوس ماسة"", ""مدينة أو مكان رئيسي داخل سوس ماسة""], ""political_reasons"": [""أحزاب رئيسية: حزب الأصالة والمعاصرة"", ""شخصيات رئيسية: فوزي لقجع, عبد اللطيف وهبي"", ""مواضيع سياسية: الانتخابات والاقتراع, التصريحات والمواقف السياسية""], ""accepted"": true}","[{""target_id"": ""PAM"", ""target_type"": ""party"", ""target_name"": ""حزب الأصالة والمعاصرة"", ""label"": ""neutral"", ""label_ar"": ""محايد أو إخباري"", ""confidence"": ""medium"", ""positive_score"": 0, ""negative_score"": 0, ""mention_count"": 2, ""editorial_segment_count"": 1, ""reported_segment_count"": 1, ""evidence"": []}, {""target_id"": ""person_031"", ""target_type"": ""person"", ""target_name"": ""فوزي لقجع"", ""label"": ""neutral"", ""label_ar"": ""محايد أو إخباري"", ""confidence"": ""medium"", ""positive_score"": 0, ""negative_score"": 0, ""mention_count"": 4, ""editorial_segment_count"": 2, ""reported_segment_count"": 2, ""evidence"": []}, {""target_id"": ""person_002"", ""target_type"": ""person"", ""target_name"": ""عبد اللطيف وهبي"", ""label"": ""neutral"", ""label_ar"": ""محايد أو إخباري"", ""confidence"": ""low"", ""positive_score"": 0, ""negative_score"": 0, ""mention_count"": 1, ""editorial_segment_count"": 0, ""reported_segment_count"": 1, ""evidence"": []}]",evt_d7be21fa4b3e,2026-09-13T16:22:46.268178+00:00
d12f88553608aba2,le360,Le360,"De la retraite aux salaires, Fouzi Lekjaa détaille le programme social du PAM à Agadir",https://fr.le360.ma/societe/de-la-retraite-aux-salaires-fouzi-lekjaa-detaille-le-programme-social-du-pam-a-agadir_WWP3LGEFYRC7NC7FZ2WYZ75S6Q,M'hand Oubarka,2026-09-12,2026-09-13T16:22:46.268178+00:00,2026-09-13T16:22:46.268178+00:00,fr,"3.000 dirhams de retraite minimum, jusqu’à 4.000 dirhams de hausse mensuelle pour certains actifs, pension intégrale pour les veuves… À Agadir, Fouzi Lekjaa a détaillé",603,"{""region"": ""سوس ماسة"", ""primary_provinces"": [""أكادير إداوتنان"", ""اشتوكة أيت باها""], ""primary_places"": [""أكادير""], ""secondary_provinces"": [], ""secondary_places"": [""ماسة""]}","{""primary"": [{""id"": ""PAM"", ""name"": ""حزب الأصالة والمعاصرة""}], ""secondary"": []}","{""primary"": [{""id"": ""person_031"", ""name"": ""فوزي لقجع"", ""tier"": ""priority""}, {""id"": ""person_002"", ""name"": ""عبد اللطيف وهبي"", ""tier"": ""priority""}], ""secondary"": []}","{""primary"": [{""id"": ""elections"", ""name"": ""الانتخابات والاقتراع"", ""hits"": [""élections"", ""législatives""]}], ""secondary"": [{""id"": ""candidacy_nomination"", ""name"": ""الترشح والتزكية"", ""hits"": [""candidats""]}, {""id"": ""political_statements"", ""name"": ""التصريحات والمواقف السياسية"", ""hits"": [""estime""]}]}","{""level"": ""strong"", ""geographic_score"": 4, ""political_score"": 6, ""decision_reason"": ""صلة جغرافية وسياسية قوية"", ""geographic_reasons"": [""إقليم رئيسي داخل سوس ماسة"", ""مدينة أو مكان رئيسي داخل سوس ماسة""], ""political_reasons"": [""أحزاب رئيسية: حزب الأصالة والمعاصرة"", ""شخصيات رئيسية: فوزي لقجع, عبد اللطيف وهبي"", ""مواضيع سياسية: الانتخابات والاقتراع""], ""accepted"": true}","[{""target_id"": ""PAM"", ""target_type"": ""party"", ""target_name"": ""حزب الأصالة والمعاصرة"", ""label"": ""favorable"", ""label_ar"": ""إيجابي أو داعم"", ""confidence"": ""medium"", ""positive_score"": 2, ""negative_score"": 0, ""mention_count"": 8, ""editorial_segment_count"": 7, ""reported_segment_count"": 1, ""evidence"": [""remporte""]}, {""target_id"": ""person_031"", ""target_type"": ""person"", ""target_name"": ""فوزي لقجع"", ""label"": ""favorable"", ""label_ar"": ""إيجابي أو داعم"", ""confidence"": ""medium"", ""positive_score"": 2, ""negative_score"": 0, ""mention_count"": 8, ""editorial_segment_count"": 5, ""reported_segment_count"": 3, ""evidence"": [""remporte""]}, {""target_id"": ""person_002"", ""target_type"": ""person"", ""target_name"": ""عبد اللطيف وهبي"", ""label"": ""neutral"", ""label_ar"": ""محايد أو إخباري"", ""confidence"": ""low"", ""positive_score"": 0, ""negative_score"": 0, ""mention_count"": 1, ""editorial_segment_count"": 1, ""reported_segment_count"": 0, ""evidence"": []}]",evt_d12f88553608,2026-09-13T16:22:46.268178+00:00
b6cb6dedf68a14df,agadirino,أكاديرينو,"بمشاركة أزيد من 2000 مناضل.. ""الأحرار"" يلهب الحملة الانتخابية بأكادير تحت شعار ""كرامة وفرص للجميع"" - agadirino.ma",https://agadirino.ma/2026/09/13/%D8%A8%D9%85%D8%B4%D8%A7%D8%B1%D9%83%D8%A9-%D8%A3%D8%B2%D9%8A%D8%AF-%D9%85%D9%86-2000-%D9%85%D9%86%D8%A7%D8%B6%D9%84-%D8%A7%D9%84%D8%A3%D8%AD%D8%B1%D8%A7%D8%B1-%D9%8A%D9%84%D9%87%D8%A8-%D8%A7,Driss Driss,2026-09-12,2026-09-13T20:53:31.434875+00:00,2026-09-13T20:53:31.434875+00:00,ar,احتضنت مدينة أكادير، اليوم الأحد، لقاءً تواصلياً في إطار الحملة الانتخابية لحزب التجمع الوطني للأحرار، أطره كريم أشنكلي، المنسق الجهوي للحزب وعضو المكتب السياسي، إلى,126,"{""region"": ""سوس ماسة"", ""primary_provinces"": [""أكادير إداوتنان""], ""primary_places"": [""أكادير""], ""secondary_provinces"": [""اشتوكة أيت باها""], ""secondary_places"": [""ماسة""]}","{""primary"": [{""id"": ""RNI"", ""name"": ""التجمع الوطني للأحرار""}], ""secondary"": []}","{""primary"": [{""id"": ""person_003"", ""name"": ""كريم أشنكلي"", ""tier"": ""priority""}], ""secondary"": []}","{""primary"": [{""id"": ""electoral_campaign"", ""name"": ""الحملة الانتخابية"", ""hits"": [""الحملة الانتخابية""]}], ""secondary"": [{""id"": ""political_statements"", ""name"": ""التصريحات والمواقف السياسية"", ""hits"": [""أكد""]}]}","{""level"": ""strong"", ""geographic_score"": 4, ""political_score"": 5, ""decision_reason"": ""صلة جغرافية وسياسية قوية"", ""geographic_reasons"": [""إقليم رئيسي داخل سوس ماسة"", ""مدينة أو مكان رئيسي داخل سوس ماسة""], ""political_reasons"": [""أحزاب رئيسية: التجمع الوطني للأحرار"", ""شخصيات رئيسية: كريم أشنكلي"", ""مواضيع سياسية: الحملة الانتخابية""], ""accepted"": true}","[{""target_id"": ""RNI"", ""target_type"": ""party"", ""target_name"": ""التجمع الوطني للأحرار"", ""label"": ""neutral"", ""label_ar"": ""محايد أو إخباري"", ""confidence"": ""medium"", ""positive_score"": 0, ""negative_score"": 0, ""mention_count"": 3, ""editorial_segment_count"": 2, ""reported_segment_count"": 1, ""evidence"": []}, {""target_id"": ""person_003"", ""target_type"": ""person"", ""target_name"": ""كريم أشنكلي"", ""label"": ""neutral"", ""label_ar"": ""محايد أو إخباري"", ""confidence"": ""low"", ""positive_score"": 0, ""negative_score"": 0, ""mention_count"": 1, ""editorial_segment_count"": 1, ""reported_segment_count"": 0, ""evidence"": []}]",evt_b6cb6dedf68a,2026-09-13T20:53:31.434875+00:00
4dec5ba227d093cf,chtoukapress,اشتوكة بريس,التجمع الوطني للأحرار يعقد لقاء تواصليا بأكادير بمشاركة أزيد من 2000 مناضل ومناضلة,https://www.chtoukapress.com/306753.html,Chtouka,2026-09-12,2026-09-13T20:53:31.434875+00:00,2026-09-13T20:53:31.434875+00:00,ar,احتضنت مدينة أكادير، اليوم الأحد، لقاء تواصليا في إطار الحملة الانتخابية لحزب التجمع الوطني للأحرار، أطره كريم أشنكلي، المنسق الجهوي للحزب وعضو المكتب السياسي، إلى,168,"{""region"": ""سوس ماسة"", ""primary_provinces"": [""أكادير إداوتنان""], ""primary_places"": [""أكادير""], ""secondary_provinces"": [""اشتوكة أيت باها""], ""secondary_places"": [""ماسة""]}","{""primary"": [{""id"": ""RNI"", ""name"": ""التجمع الوطني للأحرار""}], ""secondary"": []}","{""primary"": [{""id"": ""person_003"", ""name"": ""كريم أشنكلي"", ""tier"": ""priority""}], ""secondary"": []}","{""primary"": [], ""secondary"": [{""id"": ""electoral_campaign"", ""name"": ""الحملة الانتخابية"", ""hits"": [""الحملة الانتخابية""]}]}","{""level"": ""medium"", ""geographic_score"": 4, ""political_score"": 3, ""decision_reason"": ""صلة جغرافية وسياسية مقبولة"", ""geographic_reasons"": [""إقليم رئيسي داخل سوس ماسة"", ""مدينة أو مكان رئيسي داخل سوس ماسة""], ""political_reasons"": [""أحزاب رئيسية: التجمع الوطني للأحرار"", ""شخصيات رئيسية: كريم أشنكلي""], ""accepted"": true}","[{""target_id"": ""RNI"", ""target_type"": ""party"", ""target_name"": ""التجمع الوطني للأحرار"", ""label"": ""neutral"", ""label_ar"": ""محايد أو إخباري"", ""confidence"": ""medium"", ""positive_score"": 0, ""negative_score"": 0, ""mention_count"": 3, ""editorial_segment_count"": 2, ""reported_segment_count"": 1, ""evidence"": []}, {""target_id"": ""person_003"", ""target_type"": ""person"", ""target_name"": ""كريم أشنكلي"", ""label"": ""neutral"", ""label_ar"": ""محايد أو إخباري"", ""confidence"": ""low"", ""positive_score"": 0, ""negative_score"": 0, ""mention_count"": 1, ""editorial_segment_count"": 1, ""reported_segment_count"": 0, ""evidence"": []}]",evt_4dec5ba227d0,2026-09-13T20:53:31.434875+00:00
700463903f5ad11c,agadirinfo,أكادير أنفو,لقاء تواصلي ناجح لأحرار أكادير أطره أشنكلي وبحضور زكية الدريوش وكيلة اللائحة الجهوية بسوس وزينة إد حلي وكيلة لائحة الحزب بأكادير إداوتنان ومرشحات اللائحة الجهوية … - أكادير انفو - Agadir info,https://agadirinfo.ma/134389.html,اكادير انفو,2026-09-12,2026-09-13T20:53:31.434875+00:00,2026-09-13T20:53:31.434875+00:00,ar,أكادير والجهةلقاء تواصلي ناجح لأحرار أكادير أطره أشنكلي وبحضور زكية الدريوش وكيلة اللائحة الجهوية بسوس وزينة إد حلي وكيلة لائحة الحزب بأكادير إداوتنان ومرشحات اللائحة,195,"{""region"": ""سوس ماسة"", ""primary_provinces"": [""أكادير إداوتنان""], ""primary_places"": [""أكادير""], ""secondary_provinces"": [""اشتوكة أيت باها""], ""secondary_places"": [""ماسة""]}","{""primary"": [{""id"": ""RNI"", ""name"": ""التجمع الوطني للأحرار""}], ""secondary"": []}","{""primary"": [{""id"": ""person_003"", ""name"": ""كريم أشنكلي"", ""tier"": ""priority""}], ""secondary"": []}","{""primary"": [{""id"": ""party_activity"", ""name"": ""الأنشطة والتنظيمات الحزبية"", ""hits"": [""لقاء تواصلي""]}], ""secondary"": [{""id"": ""electoral_campaign"", ""name"": ""الحملة الانتخابية"", ""hits"": [""الحملة الانتخابية""]}]}","{""level"": ""strong"", ""geographic_score"": 4, ""political_score"": 6, ""decision_reason"": ""صلة جغرافية وسياسية قوية"", ""geographic_reasons"": [""إقليم رئيسي داخل سوس ماسة"", ""مدينة أو مكان رئيسي داخل سوس ماسة""], ""political_reasons"": [""أحزاب رئيسية: التجمع الوطني للأحرار"", ""شخصيات رئيسية: كريم أشنكلي"", ""مواضيع سياسية: الأنشطة والتنظيمات الحزبية""], ""accepted"": true}","[{""target_id"": ""RNI"", ""target_type"": ""party"", ""target_name"": ""التجمع الوطني للأحرار"", ""label"": ""neutral"", ""label_ar"": ""محايد أو إخباري"", ""confidence"": ""medium"", ""positive_score"": 0, ""negative_score"": 0, ""mention_count"": 2, ""editorial_segment_count"": 1, ""reported_segment_count"": 1, ""evidence"": []}, {""target_id"": ""person_003"", ""target_type"": ""person"", ""target_name"": ""كريم أشنكلي"", ""label"": ""neutral"", ""label_ar"": ""محايد أو إخباري"", ""confidence"": ""low"", ""positive_score"": 0, ""negative_score"": 0, ""mention_count"": 1, ""editorial_segment_count"": 1, ""reported_segment_count"": 0, ""evidence"": []}]",evt_700463903f5a,2026-09-13T20:53:31.434875+00:00
ab34672c5069c6ed,agadir24,أكادير24,أمل ماهر من أكادير: الثقة تُكسب بالعمل والمحافظة عليها بالوفاء، و الأحرار يستحق المرتبة الأولى | agadir24.info,https://agadir24.info/%D8%A3%D9%85%D9%84-%D9%85%D8%A7%D9%87%D8%B1-%D9%85%D9%86-%D8%A3%D9%83%D8%A7%D8%AF%D9%8A%D8%B1-%D8%A7%D9%84%D8%AB%D9%82%D8%A9-%D8%AA%D9%8F%D9%83%D8%B3%D8%A8-%D8%A8%D8%A7%D9%84%D8%B9%D9%85%D9%84-%D9%88.html,أكادير,2026-09-12,2026-09-13T20:53:31.434875+00:00,2026-09-13T20:53:31.434875+00:00,ar,أكدت الفاعلة السياسية أمل ماهر، خلال اللقاء التواصلي الحاشد الذي نظمه حزب التجمع الوطني للأحرار بمدينة أكادير اليوم الأحد 13 شتنبر 2026 ، أن الحضور,228,"{""region"": ""سوس ماسة"", ""primary_provinces"": [""أكادير إداوتنان""], ""primary_places"": [""أكادير""], ""secondary_provinces"": [""اشتوكة أيت باها""], ""secondary_places"": [""ماسة""]}","{""primary"": [{""id"": ""RNI"", ""name"": ""التجمع الوطني للأحرار""}], ""secondary"": []}","{""primary"": [{""id"": ""person_001"", ""name"": ""عزيز أخنوش"", ""tier"": ""priority""}], ""secondary"": [{""id"": ""person_003"", ""name"": ""كريم أشنكلي"", ""tier"": ""priority""}]}","{""primary"": [], ""secondary"": []}","{""level"": ""medium"", ""geographic_score"": 4, ""political_score"": 3, ""decision_reason"": ""صلة جغرافية وسياسية مقبولة"", ""geographic_reasons"": [""إقليم رئيسي داخل سوس ماسة"", ""مدينة أو مكان رئيسي داخل سوس ماسة""], ""political_reasons"": [""أحزاب رئيسية: التجمع الوطني للأحرار"", ""شخصيات رئيسية: عزيز أخنوش""], ""accepted"": true}","[{""target_id"": ""RNI"", ""target_type"": ""party"", ""target_name"": ""التجمع الوطني للأحرار"", ""label"": ""neutral"", ""label_ar"": ""محايد أو إخباري"", ""confidence"": ""medium"", ""positive_score"": 0, ""negative_score"": 0, ""mention_count"": 4, ""editorial_segment_count"": 3, ""reported_segment_count"": 1, ""evidence"": []}, {""target_id"": ""person_001"", ""target_type"": ""person"", ""target_name"": ""عزيز أخنوش"", ""label"": ""neutral"", ""label_ar"": ""محايد أو إخباري"", ""confidence"": ""low"", ""positive_score"": 0, ""negative_score"": 0, ""mention_count"": 1, ""editorial_segment_count"": 1, ""reported_segment_count"": 0, ""evidence"": []}, {""target_id"": ""person_003"", ""target_type"": ""person"", ""target_name"": ""كريم أشنكلي"", ""label"": ""favorable"", ""label_ar"": ""إيجابي أو داعم"", ""confidence"": ""medium"", ""positive_score"": 2, ""negative_score"": 0, ""mention_count"": 1, ""editorial_segment_count"": 1, ""reported_segment_count"": 0, ""evidence"": [""ثقة""]}]",evt_ab34672c5069,2026-09-13T20:53:31.434875+00:00
f02a5fe75a10fb34,agadir24,أكادير24,"زكية الدريويش من أكادير: ""غادي نحمر الوجه للمرأة السوسية"" | agadir24.info",https://agadir24.info/%D8%B2%D9%83%D9%8A%D8%A9-%D8%A7%D9%84%D8%AF%D8%B1%D9%8A%D9%88%D9%8A%D8%B4-%D9%85%D9%86-%D8%A3%D9%83%D8%A7%D8%AF%D9%8A%D8%B1-%D8%BA%D8%A7%D8%AF%D9%8A-%D9%86%D8%AD%D9%85%D8%B1-%D8%A7%D9%84%D9%88.html,أكادير,2026-09-12,2026-09-13T20:53:31.434875+00:00,2026-09-13T20:53:31.434875+00:00,ar,وجهت زكية الدريويش، وكيلة اللائحة الجهوية لحزب التجمع الوطني للأحرار بأكادير إداوتنان، خطاباً محفزاً يضع المرأة السوسية في قلب الرهانات السياسية والاقتصادية القادمة. وأكدت الدريويش,146,"{""region"": ""سوس ماسة"", ""primary_provinces"": [""أكادير إداوتنان""], ""primary_places"": [""أكادير""], ""secondary_provinces"": [""اشتوكة أيت باها""], ""secondary_places"": [""ماسة""]}","{""primary"": [{""id"": ""RNI"", ""name"": ""التجمع الوطني للأحرار""}], ""secondary"": []}","{""primary"": [], ""secondary"": []}","{""primary"": [], ""secondary"": []}","{""level"": ""medium"", ""geographic_score"": 4, ""political_score"": 2, ""decision_reason"": ""صلة جغرافية وسياسية مقبولة"", ""geographic_reasons"": [""إقليم رئيسي داخل سوس ماسة"", ""مدينة أو مكان رئيسي داخل سوس ماسة""], ""political_reasons"": [""أحزاب رئيسية: التجمع الوطني للأحرار""], ""accepted"": true}","[{""target_id"": ""RNI"", ""target_type"": ""party"", ""target_name"": ""التجمع الوطني للأحرار"", ""label"": ""neutral"", ""label_ar"": ""محايد أو إخباري"", ""confidence"": ""low"", ""positive_score"": 0, ""negative_score"": 0, ""mention_count"": 1, ""editorial_segment_count"": 1, ""reported_segment_count"": 0, ""evidence"": []}]",evt_f02a5fe75a10,2026-09-13T20:53:31.434875+00:00
41b0b4667fcd3974,agadir24,أكادير24,"زينة إدحلي تتعهد بمواصلة التنمية وتؤكد: ""أنا إبنة أكادير وقادرة على المسؤولية"" | agadir24.info",https://agadir24.info/%D8%B2%D9%8A%D9%86%D8%A9-%D8%A5%D8%AF%D8%AD%D9%84%D9%8A-%D8%AA%D8%AA%D8%B9%D9%87%D8%AF-%D8%A8%D9%85%D9%88%D8%A7%D8%B5%D9%84%D8%A9-%D8%A7%D9%84%D8%AA%D9%86%D9%85%D9%8A%D8%A9-%D9%88%D8%AA%D8%A4%D9%83.html,أكادير,2026-09-12,2026-09-13T20:53:31.434875+00:00,2026-09-13T20:53:31.434875+00:00,ar,شهد اللقاء التواصلي لحزب التجمع الوطني للأحرار المنعقد بمدينة أكادير اليوم الأحد 13 شتنبر 2026 محطة سياسية بارزة تمثلت في الكلمة التي ألقتها زينة إدحلي،,137,"{""region"": ""سوس ماسة"", ""primary_provinces"": [""أكادير إداوتنان""], ""primary_places"": [""أكادير""], ""secondary_provinces"": [], ""secondary_places"": []}","{""primary"": [{""id"": ""RNI"", ""name"": ""التجمع الوطني للأحرار""}], ""secondary"": []}","{""primary"": [], ""secondary"": []}","{""primary"": [], ""secondary"": [{""id"": ""candidacy_nomination"", ""name"": ""الترشح والتزكية"", ""hits"": [""ترشحها""]}]}","{""level"": ""medium"", ""geographic_score"": 4, ""political_score"": 2, ""decision_reason"": ""صلة جغرافية وسياسية مقبولة"", ""geographic_reasons"": [""إقليم رئيسي داخل سوس ماسة"", ""مدينة أو مكان رئيسي داخل سوس ماسة""], ""political_reasons"": [""أحزاب رئيسية: التجمع الوطني للأحرار""], ""accepted"": true}","[{""target_id"": ""RNI"", ""target_type"": ""party"", ""target_name"": ""التجمع الوطني للأحرار"", ""label"": ""neutral"", ""label_ar"": ""محايد أو إخباري"", ""confidence"": ""low"", ""positive_score"": 0, ""negative_score"": 0, ""mention_count"": 1, ""editorial_segment_count"": 1, ""reported_segment_count"": 0, ""evidence"": []}]",evt_41b0b4667fcd,2026-09-13T20:53:31.434875+00:00
e82da964fc233682,chtoukapress,اشتوكة بريس,بعد خلاف عرضي..الشرطة توقف شقيقين بأكادير في قضية ضرب وجرح مفضٍ للموت,https://www.chtoukapress.com/306778.html,Chtouka,2026-09-12,2026-09-14T05:01:29.333965+00:00,2026-09-14T05:01:29.333965+00:00,ar,تمكنت عناصر الشرطة بولاية أمن أكادير، بتنسيق مع مصالح المديرية العامة لمراقبة التراب الوطني، زوال اليوم الأحد 13 شتنبر 2026، من توقيف شقيقين يبلغان من,149,"{""region"": ""سوس ماسة"", ""primary_provinces"": [""أكادير إداوتنان""], ""primary_places"": [""أكادير""], ""secondary_provinces"": [], ""secondary_places"": []}","{""primary"": [], ""secondary"": []}","{""primary"": [], ""secondary"": []}","{""primary"": [{""id"": ""alliances_conflicts"", ""name"": ""التحالفات والخلافات السياسية"", ""hits"": [""خلاف""]}], ""secondary"": [{""id"": ""political_statements"", ""name"": ""التصريحات والمواقف السياسية"", ""hits"": [""بلاغ""]}]}","{""level"": ""medium"", ""geographic_score"": 4, ""political_score"": 2, ""decision_reason"": ""صلة جغرافية وسياسية مقبولة"", ""geographic_reasons"": [""إقليم رئيسي داخل سوس ماسة"", ""مدينة أو مكان رئيسي داخل سوس ماسة""], ""political_reasons"": [""مواضيع سياسية: التحالفات والخلافات السياسية""], ""accepted"": true}",[],evt_e82da964fc23,2026-09-14T05:01:29.333965+00:00
004ce6bf62e8d088,agadirinfo,أكادير أنفو,جمال ديواني مرشح الاستقلال بأكادير : ساكنة أكادير كتحتاج تشوف الأثر اليومي للعمل السياسي والحزبي - أكادير انفو - Agadir info,https://agadirinfo.ma/134355.html,اكادير انفو,2026-09-11,2026-09-12T15:34:44.668429+00:00,2026-09-12T15:34:44.668429+00:00,ar,أكادير والجهةجمال ديواني مرشح الاستقلال بأكادير : ساكنة أكادير كتحتاج تشوف الأثر اليومي للعمل السياسي والحزبي افتتحت الحملة الانتخابية للدكتور جمال ديواني، والذي رشحته قيادات,423,"{""region"": ""سوس ماسة"", ""primary_provinces"": [""أكادير إداوتنان""], ""primary_places"": [""أكادير""], ""secondary_provinces"": [""اشتوكة أيت باها""], ""secondary_places"": [""ماسة""]}","{""primary"": [{""id"": ""PI"", ""name"": ""حزب الاستقلال""}], ""secondary"": []}","{""primary"": [{""id"": ""person_038"", ""name"": ""جمال ديواني"", ""tier"": ""secondary""}], ""secondary"": [{""id"": ""person_005"", ""name"": ""زينب قيوح"", ""tier"": ""priority""}, {""id"": ""person_004"", ""name"": ""عبد الصمد قيوح"", ""tier"": ""priority""}]}","{""primary"": [{""id"": ""candidacy_nomination"", ""name"": ""الترشح والتزكية"", ""hits"": [""مرشح"", ""مرشحا""]}], ""secondary"": [{""id"": ""elections"", ""name"": ""الانتخابات والاقتراع"", ""hits"": [""تشريعيات"", ""استحقاقات""]}, {""id"": ""electoral_campaign"", ""name"": ""الحملة الانتخابية"", ""hits"": [""الحملة الانتخابية""]}, {""id"": ""party_activity"", ""name"": ""الأنشطة والتنظيمات الحزبية"", ""hits"": [""لقاء تواصلي""]}, {""id"": ""elected_councils"", ""name"": ""المجالس المنتخبة والتدبير المحلي"", ""hits"": [""المجلس الجماعي""]}]}","{""level"": ""strong"", ""geographic_score"": 4, ""political_score"": 6, ""decision_reason"": ""صلة جغرافية وسياسية قوية"", ""geographic_reasons"": [""إقليم رئيسي داخل سوس ماسة"", ""مدينة أو مكان رئيسي داخل سوس ماسة""], ""political_reasons"": [""أحزاب رئيسية: حزب الاستقلال"", ""شخصيات رئيسية: جمال ديواني"", ""مواضيع سياسية: الترشح والتزكية""], ""accepted"": true}","[{""target_id"": ""PI"", ""target_type"": ""party"", ""target_name"": ""حزب الاستقلال"", ""label"": ""neutral"", ""label_ar"": ""محايد أو إخباري"", ""confidence"": ""medium"", ""positive_score"": 0, ""negative_score"": 0, ""mention_count"": 4, ""editorial_segment_count"": 4, ""reported_segment_count"": 0, ""evidence"": []}, {""target_id"": ""person_038"", ""target_type"": ""person"", ""target_name"": ""جمال ديواني"", ""label"": ""favorable"", ""label_ar"": ""إيجابي أو داعم"", ""confidence"": ""medium"", ""positive_score"": 2, ""negative_score"": 0, ""mention_count"": 4, ""editorial_segment_count"": 4, ""reported_segment_count"": 0, ""evidence"": [""إنجازات""]}, {""target_id"": ""person_005"", ""target_type"": ""person"", ""target_name"": ""زينب قيوح"", ""label"": ""neutral"", ""label_ar"": ""محايد أو إخباري"", ""confidence"": ""low"", ""positive_score"": 0, ""negative_score"": 0, ""mention_count"": 1, ""editorial_segment_count"": 1, ""reported_segment_count"": 0, ""evidence"": []}, {""target_id"": ""person_004"", ""target_type"": ""person"", ""target_name"": ""عبد الصمد قيوح"", ""label"": ""neutral"", ""label_ar"": ""محايد أو إخباري"", ""confidence"": ""medium"", ""positive_score"": 0, ""negative_score"": 0, ""mention_count"": 2, ""editorial_segment_count"": 2, ""reported_segment_count"": 0, ""evidence"": []}]",evt_004ce6bf62e8,2026-09-12T15:34:44.668429+00:00
74310ace9f14bd29,chtoukapress,اشتوكة بريس,التجمع الوطني للأحرار بتارودانت يهاجم «محاولات التشويش» بأساكي ويرد على اتهامات عضو جماعي,https://www.chtoukapress.com/306738.html,Chtouka,2026-09-11,2026-09-12T20:35:55.058055+00:00,2026-09-12T20:35:55.058055+00:00,ar,خرجت المنسقية الإقليمية لحزب التجمع الوطني للأحرار بتارودانت الشمالية عن صمتها، رداً على ما وصفته بـ«الادعاءات الكاذبة» التي صدرت عن أحد أعضاء المجلس الجماعي لجماعة,577,"{""region"": ""سوس ماسة"", ""primary_provinces"": [""تارودانت""], ""primary_places"": [""تارودانت""], ""secondary_provinces"": [], ""secondary_places"": []}","{""primary"": [{""id"": ""RNI"", ""name"": ""التجمع الوطني للأحرار""}], ""secondary"": []}","{""primary"": [], ""secondary"": []}","{""primary"": [{""id"": ""political_statements"", ""name"": ""التصريحات والمواقف السياسية"", ""hits"": [""بلاغ"", ""أكد"", ""اعتبر""]}], ""secondary"": [{""id"": ""elections"", ""name"": ""الانتخابات والاقتراع"", ""hits"": [""انتخابية"", ""صناديق الاقتراع""]}, {""id"": ""elected_councils"", ""name"": ""المجالس المنتخبة والتدبير المحلي"", ""hits"": [""المجلس الجماعي""]}]}","{""level"": ""strong"", ""geographic_score"": 4, ""political_score"": 4, ""decision_reason"": ""صلة جغرافية وسياسية قوية"", ""geographic_reasons"": [""إقليم رئيسي داخل سوس ماسة"", ""مدينة أو مكان رئيسي داخل سوس ماسة""], ""political_reasons"": [""أحزاب رئيسية: التجمع الوطني للأحرار"", ""مواضيع سياسية: التصريحات والمواقف السياسية""], ""accepted"": true}","[{""target_id"": ""RNI"", ""target_type"": ""party"", ""target_name"": ""التجمع الوطني للأحرار"", ""label"": ""neutral"", ""label_ar"": ""محايد أو إخباري"", ""confidence"": ""medium"", ""positive_score"": 0, ""negative_score"": 0, ""mention_count"": 6, ""editorial_segment_count"": 3, ""reported_segment_count"": 3, ""evidence"": []}]",evt_74310ace9f14,2026-09-12T20:35:55.058055+00:00
e49f835e1fa7c336,agadirinfo,أكادير أنفو,المنسقية الإقليمية لحزب التجمع الوطني للأحرار بتارودانت الشمالية : الجواب الحقيقي عن كل محاولات التشويش سيظل هو العمل الميداني وصناديق الاقتراع والإنصات للساكنة والترافع - أكادير انفو - Agadir info,https://agadirinfo.ma/134374.html,اكادير انفو,2026-09-11,2026-09-12T20:35:55.058055+00:00,2026-09-12T20:35:55.058055+00:00,ar,أكادير والجهةالمنسقية الإقليمية لحزب التجمع الوطني للأحرار بتارودانت الشمالية : الجواب الحقيقي عن كل محاولات التشويش سيظل هو العمل الميداني وصناديق الاقتراع والإنصات للساكنة والترافع,524,"{""region"": ""سوس ماسة"", ""primary_provinces"": [""تارودانت""], ""primary_places"": [""تارودانت""], ""secondary_provinces"": [""أكادير إداوتنان""], ""secondary_places"": [""أكادير""]}","{""primary"": [{""id"": ""RNI"", ""name"": ""التجمع الوطني للأحرار""}], ""secondary"": []}","{""primary"": [], ""secondary"": []}","{""primary"": [{""id"": ""elections"", ""name"": ""الانتخابات والاقتراع"", ""hits"": [""صناديق الاقتراع"", ""انتخابية""]}, {""id"": ""elected_councils"", ""name"": ""المجالس المنتخبة والتدبير المحلي"", ""hits"": [""المجلس الجماعي""]}], ""secondary"": []}","{""level"": ""strong"", ""geographic_score"": 4, ""political_score"": 6, ""decision_reason"": ""صلة جغرافية وسياسية قوية"", ""geographic_reasons"": [""إقليم رئيسي داخل سوس ماسة"", ""مدينة أو مكان رئيسي داخل سوس ماسة""], ""political_reasons"": [""أحزاب رئيسية: التجمع الوطني للأحرار"", ""مواضيع سياسية: الانتخابات والاقتراع, المجالس المنتخبة والتدبير المحلي""], ""accepted"": true}","[{""target_id"": ""RNI"", ""target_type"": ""party"", ""target_name"": ""التجمع الوطني للأحرار"", ""label"": ""neutral"", ""label_ar"": ""محايد أو إخباري"", ""confidence"": ""medium"", ""positive_score"": 0, ""negative_score"": 0, ""mention_count"": 6, ""editorial_segment_count"": 6, ""reported_segment_count"": 0, ""evidence"": []}]",evt_e49f835e1fa7,2026-09-12T20:35:55.058055+00:00
4443359ca845ce68,agadir24,أكادير24,"أكادير : سمير كودار يهاجم النقاشات الهامشية ويؤكد: وهبي الأمين العام الدائم لـ ""البام""، والحلم بالمونديال حق لكل المغاربة | agadir24.info",https://agadir24.info/%D8%A3%D9%83%D8%A7%D8%AF%D9%8A%D8%B1-%D8%B3%D9%85%D9%8A%D8%B1-%D9%83%D9%88%D8%AF%D8%A7%D8%B1-%D9%8A%D9%87%D8%A7%D8%AC%D9%85-%D8%A7%D9%84%D9%86%D9%82%D8%A7%D8%B4%D8%A7%D8%AA-%D8%A7%D9%84%D9%87%D8%A7.html,أكادير,2026-09-11,2026-09-12T20:35:55.058055+00:00,2026-09-12T20:35:55.058055+00:00,ar,جدد سمير كودار، رئيس قطب التنظيم وعضو المكتب السياسي لحزب الأصالة والمعاصرة، التأكيد على التوابث السياسية للحزب والتزامه بالعمل الميداني بعيداً عن الصدامات العبثية، وذلك,126,"{""region"": ""سوس ماسة"", ""primary_provinces"": [""أكادير إداوتنان"", ""اشتوكة أيت باها""], ""primary_places"": [""أكادير""], ""secondary_provinces"": [], ""secondary_places"": [""ماسة""]}","{""primary"": [{""id"": ""PAM"", ""name"": ""حزب الأصالة والمعاصرة""}], ""secondary"": []}","{""primary"": [{""id"": ""person_002"", ""name"": ""عبد اللطيف وهبي"", ""tier"": ""priority""}], ""secondary"": []}","{""primary"": [], ""secondary"": [{""id"": ""political_statements"", ""name"": ""التصريحات والمواقف السياسية"", ""hits"": [""اعتبر""]}]}","{""level"": ""medium"", ""geographic_score"": 4, ""political_score"": 3, ""decision_reason"": ""صلة جغرافية وسياسية مقبولة"", ""geographic_reasons"": [""إقليم رئيسي داخل سوس ماسة"", ""مدينة أو مكان رئيسي داخل سوس ماسة""], ""political_reasons"": [""أحزاب رئيسية: حزب الأصالة والمعاصرة"", ""شخصيات رئيسية: عبد اللطيف وهبي""], ""accepted"": true}","[{""target_id"": ""PAM"", ""target_type"": ""party"", ""target_name"": ""حزب الأصالة والمعاصرة"", ""label"": ""neutral"", ""label_ar"": ""محايد أو إخباري"", ""confidence"": ""medium"", ""positive_score"": 0, ""negative_score"": 0, ""mention_count"": 3, ""editorial_segment_count"": 2, ""reported_segment_count"": 1, ""evidence"": []}, {""target_id"": ""person_002"", ""target_type"": ""person"", ""target_name"": ""عبد اللطيف وهبي"", ""label"": ""neutral"", ""label_ar"": ""محايد أو إخباري"", ""confidence"": ""low"", ""positive_score"": 0, ""negative_score"": 0, ""mention_count"": 1, ""editorial_segment_count"": 0, ""reported_segment_count"": 1, ""evidence"": []}]",evt_4443359ca845,2026-09-12T20:35:55.058055+00:00
9319120a65969cc9,agadir24,أكادير24,لقجع من أكادير: حزب الأصالة والمعاصرة يطرح برنامجا لـ2031 بـ70 مليارا سنويا لرفع أجور المتقاعدين ودعم القدرة الشرائية | agadir24.info,https://agadir24.info/%D9%84%D9%82%D8%AC%D8%B9-%D9%85%D9%86-%D8%A3%D9%83%D8%A7%D8%AF%D9%8A%D8%B1-%D8%AD%D8%B2%D8%A8-%D8%A7%D9%84%D8%A3%D8%B5%D8%A7%D9%84%D8%A9-%D9%88%D8%A7%D9%84%D9%85%D8%B9%D8%A7%D8%B5%D8%B1%D8%A9-%D9%8A.html,أكادير,2026-09-11,2026-09-12T20:35:55.058055+00:00,2026-09-12T20:35:55.058055+00:00,ar,أكد فوزي لقجع، خلال اللقاء التواصلي الذي نظمه حزب الأصالة والمعاصرة بجهة سوس ماسة بمسرح الهواء الطلق، على أهمية المبادرات والتضحيات التي يقدمها قياديو الحزب,183,"{""region"": ""سوس ماسة"", ""primary_provinces"": [""أكادير إداوتنان"", ""اشتوكة أيت باها""], ""primary_places"": [""أكادير""], ""secondary_provinces"": [], ""secondary_places"": [""ماسة""]}","{""primary"": [{""id"": ""PAM"", ""name"": ""حزب الأصالة والمعاصرة""}], ""secondary"": []}","{""primary"": [{""id"": ""person_031"", ""name"": ""فوزي لقجع"", ""tier"": ""priority""}, {""id"": ""person_002"", ""name"": ""عبد اللطيف وهبي"", ""tier"": ""priority""}], ""secondary"": []}","{""primary"": [], ""secondary"": [{""id"": ""political_statements"", ""name"": ""التصريحات والمواقف السياسية"", ""hits"": [""أكد""]}, {""id"": ""elections"", ""name"": ""الانتخابات والاقتراع"", ""hits"": [""التصويت""]}]}","{""level"": ""medium"", ""geographic_score"": 4, ""political_score"": 3, ""decision_reason"": ""صلة جغرافية وسياسية مقبولة"", ""geographic_reasons"": [""إقليم رئيسي داخل سوس ماسة"", ""مدينة أو مكان رئيسي داخل سوس ماسة""], ""political_reasons"": [""أحزاب رئيسية: حزب الأصالة والمعاصرة"", ""شخصيات رئيسية: فوزي لقجع, عبد اللطيف وهبي""], ""accepted"": true}","[{""target_id"": ""PAM"", ""target_type"": ""party"", ""target_name"": ""حزب الأصالة والمعاصرة"", ""label"": ""neutral"", ""label_ar"": ""محايد أو إخباري"", ""confidence"": ""medium"", ""positive_score"": 0, ""negative_score"": 0, ""mention_count"": 2, ""editorial_segment_count"": 1, ""reported_segment_count"": 1, ""evidence"": []}, {""target_id"": ""person_031"", ""target_type"": ""person"", ""target_name"": ""فوزي لقجع"", ""label"": ""neutral"", ""label_ar"": ""محايد أو إخباري"", ""confidence"": ""medium"", ""positive_score"": 0, ""negative_score"": 0, ""mention_count"": 3, ""editorial_segment_count"": 1, ""reported_segment_count"": 2, ""evidence"": []}, {""target_id"": ""person_002"", ""target_type"": ""person"", ""target_name"": ""عبد اللطيف وهبي"", ""label"": ""neutral"", ""label_ar"": ""محايد أو إخباري"", ""confidence"": ""low"", ""positive_score"": 0, ""negative_score"": 0, ""mention_count"": 1, ""editorial_segment_count"": 1, ""reported_segment_count"": 0, ""evidence"": []}]",evt_9319120a6596,2026-09-12T20:35:55.058055+00:00
bd3447e3a771d2f2,agadir24,أكادير24,"عبد اللطيف وهبي في أكادير: بين فلسفة الحرية وروح كرة القدم نحو ""مغرب جديد | agadir24.info",https://agadir24.info/%D8%B9%D8%A8%D8%AF-%D8%A7%D9%84%D9%84%D8%B7%D9%8A%D9%81-%D9%88%D9%87%D8%A8%D9%8A-%D9%81%D9%8A-%D8%A3%D9%83%D8%A7%D8%AF%D9%8A%D8%B1-%D8%A8%D9%8A%D9%86-%D9%81%D9%84%D8%B3%D9%81%D8%A9-%D8%A7%D9%84%D8%AD.html,أكادير,2026-09-11,2026-09-12T20:35:55.058055+00:00,2026-09-12T20:35:55.058055+00:00,ar,في خطابٍ يمزج بين النقد السياسي والرؤية الإصلاحية، شخّص عبد اللطيف وهبي، الأمين العام السابق لحزب الأصالة والمعاصرة، واقع الممارسة السياسية والقانونية بالمغرب خلال اللقاء,157,"{""region"": ""سوس ماسة"", ""primary_provinces"": [""أكادير إداوتنان"", ""اشتوكة أيت باها""], ""primary_places"": [""أكادير""], ""secondary_provinces"": [], ""secondary_places"": [""ماسة""]}","{""primary"": [{""id"": ""PAM"", ""name"": ""حزب الأصالة والمعاصرة""}], ""secondary"": []}","{""primary"": [{""id"": ""person_002"", ""name"": ""عبد اللطيف وهبي"", ""tier"": ""priority""}], ""secondary"": []}","{""primary"": [], ""secondary"": [{""id"": ""political_statements"", ""name"": ""التصريحات والمواقف السياسية"", ""hits"": [""اعتبر""]}]}","{""level"": ""medium"", ""geographic_score"": 4, ""political_score"": 3, ""decision_reason"": ""صلة جغرافية وسياسية مقبولة"", ""geographic_reasons"": [""إقليم رئيسي داخل سوس ماسة"", ""مدينة أو مكان رئيسي داخل سوس ماسة""], ""political_reasons"": [""أحزاب رئيسية: حزب الأصالة والمعاصرة"", ""شخصيات رئيسية: عبد اللطيف وهبي""], ""accepted"": true}","[{""target_id"": ""PAM"", ""target_type"": ""party"", ""target_name"": ""حزب الأصالة والمعاصرة"", ""label"": ""neutral"", ""label_ar"": ""محايد أو إخباري"", ""confidence"": ""low"", ""positive_score"": 0, ""negative_score"": 0, ""mention_count"": 1, ""editorial_segment_count"": 1, ""reported_segment_count"": 0, ""evidence"": []}, {""target_id"": ""person_002"", ""target_type"": ""person"", ""target_name"": ""عبد اللطيف وهبي"", ""label"": ""neutral"", ""label_ar"": ""محايد أو إخباري"", ""confidence"": ""medium"", ""positive_score"": 0, ""negative_score"": 0, ""mention_count"": 2, ""editorial_segment_count"": 2, ""reported_segment_count"": 0, ""evidence"": []}]",evt_bd3447e3a771,2026-09-12T20:35:55.058055+00:00
11955329989e8692,agadir24,أكادير24,الأصالة والمعاصرة بسوس ماسة: حميد وهبي يتعهد بإنهاء التهميش بالجهة والتنافس على رئاسة الحكومة | agadir24.info,https://agadir24.info/%D8%A7%D9%84%D8%A3%D8%B5%D8%A7%D9%84%D8%A9-%D9%88%D8%A7%D9%84%D9%85%D8%B9%D8%A7%D8%B5%D8%B1%D8%A9-%D8%A8%D8%B3%D9%88%D8%B3-%D9%85%D8%A7%D8%B3%D8%A9-%D8%AD%D9%85%D9%8A%D8%AF-%D9%88%D9%87%D8%A8%D9%8A.html,أكادير,2026-09-11,2026-09-12T20:35:55.058055+00:00,2026-09-12T20:35:55.058055+00:00,ar,شهد مسرح الهواء الطلق بمدينة أكادير، يوم السبت 12 شتنبر 2026، تنظيم لقاء تواصلي حاشد لحزب الأصالة والمعاصرة بجهة سوس ماسة، تميز بحضور أعضاء القيادة,186,"{""region"": ""سوس ماسة"", ""primary_provinces"": [""أكادير إداوتنان"", ""اشتوكة أيت باها""], ""primary_places"": [""ماسة""], ""secondary_provinces"": [], ""secondary_places"": [""أكادير""]}","{""primary"": [{""id"": ""PAM"", ""name"": ""حزب الأصالة والمعاصرة""}], ""secondary"": []}","{""primary"": [{""id"": ""person_014"", ""name"": ""حميد وهبي"", ""tier"": ""priority""}, {""id"": ""person_031"", ""name"": ""فوزي لقجع"", ""tier"": ""priority""}], ""secondary"": []}","{""primary"": [{""id"": ""internal_party_election"", ""name"": ""انتخاب المسؤولين والهياكل الحزبية"", ""hits"": [""الأمين الجهوي""]}], ""secondary"": [{""id"": ""party_activity"", ""name"": ""الأنشطة والتنظيمات الحزبية"", ""hits"": [""لقاء تواصلي""]}, {""id"": ""elections"", ""name"": ""الانتخابات والاقتراع"", ""hits"": [""انتخابات""]}]}","{""level"": ""strong"", ""geographic_score"": 4, ""political_score"": 5, ""decision_reason"": ""صلة جغرافية وسياسية قوية"", ""geographic_reasons"": [""إقليم رئيسي داخل سوس ماسة"", ""مدينة أو مكان رئيسي داخل سوس ماسة""], ""political_reasons"": [""أحزاب رئيسية: حزب الأصالة والمعاصرة"", ""شخصيات رئيسية: حميد وهبي, فوزي لقجع"", ""مواضيع سياسية: انتخاب المسؤولين والهياكل الحزبية""], ""accepted"": true}","[{""target_id"": ""PAM"", ""target_type"": ""party"", ""target_name"": ""حزب الأصالة والمعاصرة"", ""label"": ""neutral"", ""label_ar"": ""محايد أو إخباري"", ""confidence"": ""medium"", ""positive_score"": 0, ""negative_score"": 0, ""mention_count"": 3, ""editorial_segment_count"": 2, ""reported_segment_count"": 1, ""evidence"": []}, {""target_id"": ""person_014"", ""target_type"": ""person"", ""target_name"": ""حميد وهبي"", ""label"": ""neutral"", ""label_ar"": ""محايد أو إخباري"", ""confidence"": ""medium"", ""positive_score"": 0, ""negative_score"": 0, ""mention_count"": 2, ""editorial_segment_count"": 2, ""reported_segment_count"": 0, ""evidence"": []}, {""target_id"": ""person_031"", ""target_type"": ""person"", ""target_name"": ""فوزي لقجع"", ""label"": ""unclear"", ""label_ar"": ""غير واضح"", ""confidence"": ""low"", ""positive_score"": 1, ""negative_score"": 0, ""mention_count"": 1, ""editorial_segment_count"": 1, ""reported_segment_count"": 0, ""evidence"": [""إنجاز""]}]",evt_11955329989e,2026-09-12T20:35:55.058055+00:00
696fb1a4c6b8b8de,agadir24,أكادير24,"توضيح حازم من التجمع الوطني للأحرار بتارودانت الشمالية يكشف كواليس ""التشويش الانتخابي"" بأساكي | agadir24.info",https://agadir24.info/%D8%AA%D9%88%D8%B6%D9%8A%D8%AD-%D8%AD%D8%A7%D8%B2%D9%85-%D9%85%D9%86-%D8%A7%D9%84%D8%AA%D8%AC%D9%85%D8%B9-%D8%A7%D9%84%D9%88%D8%B7%D9%86%D9%8A-%D9%84%D9%84%D8%A3%D8%AD%D8%B1%D8%A7%D8%B1-%D8%A8%D8%AA.html,أكادير,2026-09-11,2026-09-12T20:35:55.058055+00:00,2026-09-12T20:35:55.058055+00:00,ar,خرجت المنسقية الإقليمية لحزب التجمع الوطني للأحرار بتارودانت الشمالية ببيان حازم لتنوير الرأي العام، وذلك على خلفية الادعاءات المغرضة التي أطلقها أحد أعضاء المجلس الجماعي,237,"{""region"": ""سوس ماسة"", ""primary_provinces"": [""تارودانت""], ""primary_places"": [""تارودانت""], ""secondary_provinces"": [""أكادير إداوتنان""], ""secondary_places"": [""أكادير""]}","{""primary"": [{""id"": ""RNI"", ""name"": ""التجمع الوطني للأحرار""}], ""secondary"": []}","{""primary"": [], ""secondary"": []}","{""primary"": [], ""secondary"": [{""id"": ""elections"", ""name"": ""الانتخابات والاقتراع"", ""hits"": [""انتخابية"", ""صناديق الاقتراع""]}, {""id"": ""elected_councils"", ""name"": ""المجالس المنتخبة والتدبير المحلي"", ""hits"": [""المجلس الجماعي""]}, {""id"": ""political_statements"", ""name"": ""التصريحات والمواقف السياسية"", ""hits"": [""بيان""]}]}","{""level"": ""medium"", ""geographic_score"": 4, ""political_score"": 2, ""decision_reason"": ""صلة جغرافية وسياسية مقبولة"", ""geographic_reasons"": [""إقليم رئيسي داخل سوس ماسة"", ""مدينة أو مكان رئيسي داخل سوس ماسة""], ""political_reasons"": [""أحزاب رئيسية: التجمع الوطني للأحرار""], ""accepted"": true}","[{""target_id"": ""RNI"", ""target_type"": ""party"", ""target_name"": ""التجمع الوطني للأحرار"", ""label"": ""neutral"", ""label_ar"": ""محايد أو إخباري"", ""confidence"": ""medium"", ""positive_score"": 0, ""negative_score"": 0, ""mention_count"": 3, ""editorial_segment_count"": 2, ""reported_segment_count"": 1, ""evidence"": []}]",evt_696fb1a4c6b8,2026-09-12T20:35:55.058055+00:00
a2f7133d68aa44b5,le360,Le360,انشقاقات تعصف بحزب التجمع الوطني للأحرار بأكادير,https://ar.le360.ma/politique/RVXW2TBIPBD5NJRTQFI3FLE4G4,امحند أوبركة,2026-09-11,2026-09-12T20:35:55.058055+00:00,2026-09-12T20:35:55.058055+00:00,ar,وقال بوعيشي في تدوينة له على صفحته الرسمية على موقع فيسبوك: «ما بغاش يديني النعاس! ما درت والو! أو تمت معاقبتي من طرف المنسق ديال,312,"{""region"": ""سوس ماسة"", ""primary_provinces"": [""أكادير إداوتنان"", ""اشتوكة أيت باها""], ""primary_places"": [""أكادير""], ""secondary_provinces"": [], ""secondary_places"": [""أورير"", ""الدراركة"", ""تغازوت"", ""ماسة""]}","{""primary"": [{""id"": ""RNI"", ""name"": ""التجمع الوطني للأحرار""}], ""secondary"": []}","{""primary"": [], ""secondary"": []}","{""primary"": [], ""secondary"": [{""id"": ""elections"", ""name"": ""الانتخابات والاقتراع"", ""hits"": [""انتخابات""]}, {""id"": ""electoral_campaign"", ""name"": ""الحملة الانتخابية"", ""hits"": [""الحملة الانتخابية""]}, {""id"": ""resignation_defection"", ""name"": ""الاستقالة وتغيير الانتماء"", ""hits"": [""استقالة""]}]}","{""level"": ""medium"", ""geographic_score"": 4, ""political_score"": 2, ""decision_reason"": ""صلة جغرافية وسياسية مقبولة"", ""geographic_reasons"": [""إقليم رئيسي داخل سوس ماسة"", ""مدينة أو مكان رئيسي داخل سوس ماسة""], ""political_reasons"": [""أحزاب رئيسية: التجمع الوطني للأحرار""], ""accepted"": true}","[{""target_id"": ""RNI"", ""target_type"": ""party"", ""target_name"": ""التجمع الوطني للأحرار"", ""label"": ""neutral"", ""label_ar"": ""محايد أو إخباري"", ""confidence"": ""medium"", ""positive_score"": 0, ""negative_score"": 0, ""mention_count"": 3, ""editorial_segment_count"": 1, ""reported_segment_count"": 2, ""evidence"": []}]",evt_a2f7133d68aa,2026-09-12T20:35:55.058055+00:00
17b4d6a4d92df9c1,agadir24,أكادير24,قيوح يدعو لمشاركة مكثفة في اقتراع 23 سبتمبر لرسم معالم المغرب التنموي والجيو-سياسي | agadir24.info,https://agadir24.info/%D9%82%D9%8A%D9%88%D8%AD-%D9%8A%D8%AF%D8%B9%D9%88-%D9%84%D9%85%D8%B4%D8%A7%D8%B1%D9%83%D8%A9-%D9%85%D9%83%D8%AB%D9%81%D8%A9-%D9%81%D9%8A-%D8%A7%D9%82%D8%AA%D8%B1%D8%A7%D8%B9-23-%D8%B3%D8%A8%D8%AA.html,أكادير,2026-09-11,2026-09-13T04:53:12.195828+00:00,2026-09-13T04:53:12.195828+00:00,ar,وجه عبد الصمد قيوح، عضو اللجنة التنفيذية لحزب الاستقلال ووكيل لائحة الحزب بدائرة تارودانت الجنوبية، نداءً وطنياً حاراً إلى كافة الناخبات والناخبين للمشاركة المكثفة والقوية,204,"{""region"": ""سوس ماسة"", ""primary_provinces"": [""تارودانت""], ""primary_places"": [""تارودانت""], ""secondary_provinces"": [], ""secondary_places"": []}","{""primary"": [{""id"": ""PI"", ""name"": ""حزب الاستقلال""}], ""secondary"": []}","{""primary"": [{""id"": ""person_004"", ""name"": ""عبد الصمد قيوح"", ""tier"": ""priority""}], ""secondary"": []}","{""primary"": [{""id"": ""elections"", ""name"": ""الانتخابات والاقتراع"", ""hits"": [""اقتراع"", ""الاستحقاقات""]}], ""secondary"": [{""id"": ""political_statements"", ""name"": ""التصريحات والمواقف السياسية"", ""hits"": [""أكد""]}]}","{""level"": ""strong"", ""geographic_score"": 4, ""political_score"": 6, ""decision_reason"": ""صلة جغرافية وسياسية قوية"", ""geographic_reasons"": [""إقليم رئيسي داخل سوس ماسة"", ""مدينة أو مكان رئيسي داخل سوس ماسة""], ""political_reasons"": [""أحزاب رئيسية: حزب الاستقلال"", ""شخصيات رئيسية: عبد الصمد قيوح"", ""مواضيع سياسية: الانتخابات والاقتراع""], ""accepted"": true}","[{""target_id"": ""PI"", ""target_type"": ""party"", ""target_name"": ""حزب الاستقلال"", ""label"": ""neutral"", ""label_ar"": ""محايد أو إخباري"", ""confidence"": ""medium"", ""positive_score"": 0, ""negative_score"": 0, ""mention_count"": 2, ""editorial_segment_count"": 1, ""reported_segment_count"": 1, ""evidence"": []}, {""target_id"": ""person_004"", ""target_type"": ""person"", ""target_name"": ""عبد الصمد قيوح"", ""label"": ""neutral"", ""label_ar"": ""محايد أو إخباري"", ""confidence"": ""low"", ""positive_score"": 0, ""negative_score"": 0, ""mention_count"": 1, ""editorial_segment_count"": 1, ""reported_segment_count"": 0, ""evidence"": []}]",evt_17b4d6a4d92d,2026-09-13T04:53:12.195828+00:00
5b3f5d539bfa7bb5,agadirinfo,أكادير أنفو,زينة ادحلي مرشحة الأحرار : سنواصل الترافع والدفاع عن مصالح ساكنة أكادير إداوتنان - أكادير انفو - Agadir info,https://agadirinfo.ma/134380.html,اكادير انفو,2026-09-11,2026-09-13T04:53:12.195828+00:00,2026-09-13T04:53:12.195828+00:00,ar,أكادير والجهةزينة ادحلي مرشحة الأحرار : سنواصل الترافع والدفاع عن مصالح ساكنة أكادير إداوتنان أكدت زينة ادحلي، مرشحة حزب التجمع الوطني للأحرار بدائرة أكادير إداوتنان،,187,"{""region"": ""سوس ماسة"", ""primary_provinces"": [""أكادير إداوتنان""], ""primary_places"": [""أكادير""], ""secondary_provinces"": [], ""secondary_places"": [""أورير""]}","{""primary"": [{""id"": ""RNI"", ""name"": ""التجمع الوطني للأحرار""}], ""secondary"": []}","{""primary"": [], ""secondary"": []}","{""primary"": [{""id"": ""elections"", ""name"": ""الانتخابات والاقتراع"", ""hits"": [""الاستحقاقات الانتخابية"", ""الاستحقاقات"", ""استحقاقات""]}, {""id"": ""candidacy_nomination"", ""name"": ""الترشح والتزكية"", ""hits"": [""مرشحة""]}], ""secondary"": [{""id"": ""party_activity"", ""name"": ""الأنشطة والتنظيمات الحزبية"", ""hits"": [""لقاء تواصلي""]}]}","{""level"": ""strong"", ""geographic_score"": 4, ""political_score"": 6, ""decision_reason"": ""صلة جغرافية وسياسية قوية"", ""geographic_reasons"": [""إقليم رئيسي داخل سوس ماسة"", ""مدينة أو مكان رئيسي داخل سوس ماسة""], ""political_reasons"": [""أحزاب رئيسية: التجمع الوطني للأحرار"", ""مواضيع سياسية: الانتخابات والاقتراع, الترشح والتزكية""], ""accepted"": true}","[{""target_id"": ""RNI"", ""target_type"": ""party"", ""target_name"": ""التجمع الوطني للأحرار"", ""label"": ""neutral"", ""label_ar"": ""محايد أو إخباري"", ""confidence"": ""medium"", ""positive_score"": 0, ""negative_score"": 0, ""mention_count"": 2, ""editorial_segment_count"": 2, ""reported_segment_count"": 0, ""evidence"": []}]",evt_5b3f5d539bfa,2026-09-13T04:53:12.195828+00:00
35b3d912771c318b,hespress,هسبريس,"لقجع يكشف وصفة ""البام"" لتمويل 350 مليار درهم دون إثقال جيوب المغاربة",https://www.hespress.com/%D9%84%D9%82%D8%AC%D8%B9-%D9%8A%D9%83%D8%B4%D9%81-%D9%88%D8%B5%D9%81%D8%A9-%D8%A7%D9%84%D8%A8%D8%A7%D9%85-%D9%84%D8%AA%D9%85%D9%88%D9%8A%D9%84-350-%D9%85%D9%84%D9%8A%D8%A7%D8%B1-%D8%AF%D8%B1%D9%87-1806431.html,هسبريس من الرباط,2026-09-11,2026-09-13T04:53:12.195828+00:00,2026-09-13T04:53:12.195828+00:00,ar,بسط فوزي لقجع، عضو المكتب السياسي لحزب الأصالة والمعاصرة والوزير المنتدب المكلف بالميزانية، اليوم السبت بأكادير، الخطوط الكبرى للتصور الاقتصادي والاجتماعي الذي يخوض به الحزب,500,"{""region"": ""سوس ماسة"", ""primary_provinces"": [""أكادير إداوتنان""], ""primary_places"": [""أكادير""], ""secondary_provinces"": [], ""secondary_places"": []}","{""primary"": [{""id"": ""PAM"", ""name"": ""حزب الأصالة والمعاصرة""}], ""secondary"": []}","{""primary"": [{""id"": ""person_031"", ""name"": ""فوزي لقجع"", ""tier"": ""priority""}], ""secondary"": []}","{""primary"": [{""id"": ""elections"", ""name"": ""الانتخابات والاقتراع"", ""hits"": [""انتخابات"", ""اقتراع"", ""التصويت""]}], ""secondary"": []}","{""level"": ""strong"", ""geographic_score"": 4, ""political_score"": 6, ""decision_reason"": ""صلة جغرافية وسياسية قوية"", ""geographic_reasons"": [""إقليم رئيسي داخل سوس ماسة"", ""مدينة أو مكان رئيسي داخل سوس ماسة""], ""political_reasons"": [""أحزاب رئيسية: حزب الأصالة والمعاصرة"", ""شخصيات رئيسية: فوزي لقجع"", ""مواضيع سياسية: الانتخابات والاقتراع""], ""accepted"": true}","[{""target_id"": ""PAM"", ""target_type"": ""party"", ""target_name"": ""حزب الأصالة والمعاصرة"", ""label"": ""neutral"", ""label_ar"": ""محايد أو إخباري"", ""confidence"": ""medium"", ""positive_score"": 0, ""negative_score"": 0, ""mention_count"": 5, ""editorial_segment_count"": 1, ""reported_segment_count"": 4, ""evidence"": []}, {""target_id"": ""person_031"", ""target_type"": ""person"", ""target_name"": ""فوزي لقجع"", ""label"": ""neutral"", ""label_ar"": ""محايد أو إخباري"", ""confidence"": ""medium"", ""positive_score"": 0, ""negative_score"": 0, ""mention_count"": 8, ""editorial_segment_count"": 3, ""reported_segment_count"": 5, ""evidence"": []}]",evt_35b3d912771c,2026-09-13T04:53:12.195828+00:00
02dea3079bfc49ae,hespress,هسبريس,قيوح: المشاركة المكثفة في انتخابات 23 شتنبر رسالة قوية إلى العالم,https://www.hespress.com/%D9%82%D9%8A%D9%88%D8%AD-%D9%8A%D9%86%D8%A7%D8%AF%D9%8A-%D8%A8%D8%A7%D9%84%D9%85%D8%B4%D8%A7%D8%B1%D9%83%D8%A9-%D8%A7%D9%84%D9%85%D9%83%D8%AB%D9%81%D8%A9-%D9%81%D9%8A-%D8%A7%D9%84%D8%A7%D9%86%D8%AA-1806336.html,هسبريس من الرباط,2026-09-11,2026-09-13T04:53:12.195828+00:00,2026-09-13T04:53:12.195828+00:00,ar,في كلمة وجهها إلى كافة الناخبات والناخبين المسجلين في اللوائح الانتخابية، دعا عبد الصمد قيوح، وكيل لائحة حزب الاستقلال بدائرة تارودانت الجنوبية، المواطنات والمواطنين إلى,225,"{""region"": ""سوس ماسة"", ""primary_provinces"": [""تارودانت""], ""primary_places"": [""تارودانت""], ""secondary_provinces"": [], ""secondary_places"": []}","{""primary"": [{""id"": ""PI"", ""name"": ""حزب الاستقلال""}], ""secondary"": []}","{""primary"": [{""id"": ""person_004"", ""name"": ""عبد الصمد قيوح"", ""tier"": ""priority""}], ""secondary"": []}","{""primary"": [{""id"": ""elections"", ""name"": ""الانتخابات والاقتراع"", ""hits"": [""انتخابات"", ""الاستحقاقات الانتخابية"", ""اقتراع"", ""التصويت"", ""اللوائح الانتخابية""]}], ""secondary"": [{""id"": ""candidacy_nomination"", ""name"": ""الترشح والتزكية"", ""hits"": [""مرشح""]}, {""id"": ""political_statements"", ""name"": ""التصريحات والمواقف السياسية"", ""hits"": [""أكد""]}]}","{""level"": ""strong"", ""geographic_score"": 4, ""political_score"": 6, ""decision_reason"": ""صلة جغرافية وسياسية قوية"", ""geographic_reasons"": [""إقليم رئيسي داخل سوس ماسة"", ""مدينة أو مكان رئيسي داخل سوس ماسة""], ""political_reasons"": [""أحزاب رئيسية: حزب الاستقلال"", ""شخصيات رئيسية: عبد الصمد قيوح"", ""مواضيع سياسية: الانتخابات والاقتراع""], ""accepted"": true}","[{""target_id"": ""PI"", ""target_type"": ""party"", ""target_name"": ""حزب الاستقلال"", ""label"": ""neutral"", ""label_ar"": ""محايد أو إخباري"", ""confidence"": ""medium"", ""positive_score"": 0, ""negative_score"": 0, ""mention_count"": 2, ""editorial_segment_count"": 1, ""reported_segment_count"": 1, ""evidence"": []}, {""target_id"": ""person_004"", ""target_type"": ""person"", ""target_name"": ""عبد الصمد قيوح"", ""label"": ""neutral"", ""label_ar"": ""محايد أو إخباري"", ""confidence"": ""low"", ""positive_score"": 0, ""negative_score"": 0, ""mention_count"": 1, ""editorial_segment_count"": 0, ""reported_segment_count"": 1, ""evidence"": []}]",evt_02dea3079bfc,2026-09-13T04:53:12.195828+00:00
188bc75fbd9d6f9f,lesiteinfo,LeSiteInfo,Agadir: Fouzi Lekjaa met en avant l’engagement du PAM à Souss-Massa (VIDEO),https://www.lesiteinfo.com/politique/681772-agadir-fouzi-lekjaa-met-en-avant-lengagement-du-pam-a-souss-massa-video.html,Rédaction N,2026-09-11,2026-09-13T04:53:12.195828+00:00,2026-09-13T04:53:12.195828+00:00,fr,"Fouzi Lekjaa, membre du bureau politique du Parti authenticité et modernité (PAM), a salué le travail accompli par Hamid Ouahbi, candidat du parti aux élections",200,"{""region"": ""سوس ماسة"", ""primary_provinces"": [""أكادير إداوتنان""], ""primary_places"": [""أكادير""], ""secondary_provinces"": [""اشتوكة أيت باها""], ""secondary_places"": [""ماسة""]}","{""primary"": [{""id"": ""PAM"", ""name"": ""حزب الأصالة والمعاصرة""}], ""secondary"": []}","{""primary"": [{""id"": ""person_031"", ""name"": ""فوزي لقجع"", ""tier"": ""priority""}, {""id"": ""person_014"", ""name"": ""حميد وهبي"", ""tier"": ""priority""}], ""secondary"": [{""id"": ""person_002"", ""name"": ""عبد اللطيف وهبي"", ""tier"": ""priority""}]}","{""primary"": [{""id"": ""party_activity"", ""name"": ""الأنشطة والتنظيمات الحزبية"", ""hits"": [""bureau politique"", ""secrétariat""]}, {""id"": ""elections"", ""name"": ""الانتخابات والاقتراع"", ""hits"": [""élections"", ""législatives""]}], ""secondary"": [{""id"": ""candidacy_nomination"", ""name"": ""الترشح والتزكية"", ""hits"": [""candidat""]}, {""id"": ""government_politics"", ""name"": ""السياسات والحصيلة الحكومية"", ""hits"": [""gouvernement""]}]}","{""level"": ""strong"", ""geographic_score"": 4, ""political_score"": 7, ""decision_reason"": ""صلة جغرافية وسياسية قوية"", ""geographic_reasons"": [""إقليم رئيسي داخل سوس ماسة"", ""مدينة أو مكان رئيسي داخل سوس ماسة""], ""political_reasons"": [""أحزاب رئيسية: حزب الأصالة والمعاصرة"", ""شخصيات رئيسية: فوزي لقجع, حميد وهبي"", ""مواضيع سياسية: الأنشطة والتنظيمات الحزبية, الانتخابات والاقتراع""], ""accepted"": true}","[{""target_id"": ""PAM"", ""target_type"": ""party"", ""target_name"": ""حزب الأصالة والمعاصرة"", ""label"": ""favorable"", ""label_ar"": ""إيجابي أو داعم"", ""confidence"": ""medium"", ""positive_score"": 5, ""negative_score"": 0, ""mention_count"": 2, ""editorial_segment_count"": 2, ""reported_segment_count"": 0, ""evidence"": [""engagement"", ""salué""]}, {""target_id"": ""person_031"", ""target_type"": ""person"", ""target_name"": ""فوزي لقجع"", ""label"": ""favorable"", ""label_ar"": ""إيجابي أو داعم"", ""confidence"": ""medium"", ""positive_score"": 5, ""negative_score"": 0, ""mention_count"": 5, ""editorial_segment_count"": 2, ""reported_segment_count"": 3, ""evidence"": [""engagement"", ""salué""]}, {""target_id"": ""person_014"", ""target_type"": ""person"", ""target_name"": ""حميد وهبي"", ""label"": ""favorable"", ""label_ar"": ""إيجابي أو داعم"", ""confidence"": ""medium"", ""positive_score"": 3, ""negative_score"": 0, ""mention_count"": 2, ""editorial_segment_count"": 2, ""reported_segment_count"": 0, ""evidence"": [""salué"", ""engagement""]}, {""target_id"": ""person_002"", ""target_type"": ""person"", ""target_name"": ""عبد اللطيف وهبي"", ""label"": ""neutral"", ""label_ar"": ""محايد أو إخباري"", ""confidence"": ""medium"", ""positive_score"": 0, ""negative_score"": 0, ""mention_count"": 2, ""editorial_segment_count"": 0, ""reported_segment_count"": 2, ""evidence"": []}]",evt_188bc75fbd9d,2026-09-13T04:53:12.195828+00:00
f80ef5fc58e378f2,lesiteinfo,LeSiteInfo,Fouzi Lekjaa à Agadir: « Le pouvoir d’achat doit être une priorité » (VIDEO),https://www.lesiteinfo.com/politique/681767-fouzi-lekjaa-a-agadir-le-pouvoir-dachat-doit-etre-une-priorite-video.html,Rédaction N,2026-09-11,2026-09-13T04:53:12.195828+00:00,2026-09-13T04:53:12.195828+00:00,fr,"Fouzi Lekjaa, membre du bureau politique du Parti Authenticité et Modernité (PAM), a affirmé que le Maroc s’apprête à entrer dans une nouvelle phase qui",380,"{""region"": ""سوس ماسة"", ""primary_provinces"": [""أكادير إداوتنان""], ""primary_places"": [""أكادير""], ""secondary_provinces"": [], ""secondary_places"": []}","{""primary"": [{""id"": ""PAM"", ""name"": ""حزب الأصالة والمعاصرة""}], ""secondary"": []}","{""primary"": [{""id"": ""person_031"", ""name"": ""فوزي لقجع"", ""tier"": ""priority""}], ""secondary"": []}","{""primary"": [], ""secondary"": [{""id"": ""party_activity"", ""name"": ""الأنشطة والتنظيمات الحزبية"", ""hits"": [""bureau politique""]}]}","{""level"": ""medium"", ""geographic_score"": 4, ""political_score"": 3, ""decision_reason"": ""صلة جغرافية وسياسية مقبولة"", ""geographic_reasons"": [""إقليم رئيسي داخل سوس ماسة"", ""مدينة أو مكان رئيسي داخل سوس ماسة""], ""political_reasons"": [""أحزاب رئيسية: حزب الأصالة والمعاصرة"", ""شخصيات رئيسية: فوزي لقجع""], ""accepted"": true}","[{""target_id"": ""PAM"", ""target_type"": ""party"", ""target_name"": ""حزب الأصالة والمعاصرة"", ""label"": ""neutral"", ""label_ar"": ""محايد أو إخباري"", ""confidence"": ""medium"", ""positive_score"": 0, ""negative_score"": 0, ""mention_count"": 2, ""editorial_segment_count"": 1, ""reported_segment_count"": 1, ""evidence"": []}, {""target_id"": ""person_031"", ""target_type"": ""person"", ""target_name"": ""فوزي لقجع"", ""label"": ""neutral"", ""label_ar"": ""محايد أو إخباري"", ""confidence"": ""medium"", ""positive_score"": 0, ""negative_score"": 0, ""mention_count"": 5, ""editorial_segment_count"": 3, ""reported_segment_count"": 2, ""evidence"": []}]",evt_f80ef5fc58e3,2026-09-13T04:53:12.195828+00:00
4efc3b6f9f5c2d75,assahifa,الصحيفة,لقجع: سنرفع الحد الأدنى للمعاش إلى 3000 درهم ونمنح الأرملة معاشا كاملا مع مراجعة شاملة للضريبة على الدخل,https://www.assahifa.com/%D9%84%D9%82%D8%AC%D8%B9-%D8%B3%D9%86%D8%B1%D9%81%D8%B9-%D8%A7%D9%84%D8%AD%D8%AF-%D8%A7%D9%84%D8%A3%D8%AF%D9%86%D9%89-%D9%84%D9%84%D9%85%D8%B9%D8%A7%D8%B4-%D8%A5%D9%84%D9%89-3000-%D8%AF%D8%B1%D9%87,,2026-09-11,2026-09-13T04:53:12.195828+00:00,2026-09-13T04:53:12.195828+00:00,ar,لقجع: سنرفع الحد الأدنى للمعاش إلى 3000 درهم ونمنح الأرملة معاشا كاملا مع مراجعة شاملة للضريبة على الدخل قدّم فوزي لقجع، عضو المكتب السياسي لحزب,507,"{""region"": ""سوس ماسة"", ""primary_provinces"": [""أكادير إداوتنان""], ""primary_places"": [""أكادير""], ""secondary_provinces"": [], ""secondary_places"": []}","{""primary"": [{""id"": ""PAM"", ""name"": ""حزب الأصالة والمعاصرة""}], ""secondary"": []}","{""primary"": [{""id"": ""person_031"", ""name"": ""فوزي لقجع"", ""tier"": ""priority""}], ""secondary"": []}","{""primary"": [{""id"": ""elections"", ""name"": ""الانتخابات والاقتراع"", ""hits"": [""انتخابات"", ""اقتراع"", ""التصويت""]}], ""secondary"": [{""id"": ""political_statements"", ""name"": ""التصريحات والمواقف السياسية"", ""hits"": [""أكد""]}]}","{""level"": ""strong"", ""geographic_score"": 4, ""political_score"": 6, ""decision_reason"": ""صلة جغرافية وسياسية قوية"", ""geographic_reasons"": [""إقليم رئيسي داخل سوس ماسة"", ""مدينة أو مكان رئيسي داخل سوس ماسة""], ""political_reasons"": [""أحزاب رئيسية: حزب الأصالة والمعاصرة"", ""شخصيات رئيسية: فوزي لقجع"", ""مواضيع سياسية: الانتخابات والاقتراع""], ""accepted"": true}","[{""target_id"": ""PAM"", ""target_type"": ""party"", ""target_name"": ""حزب الأصالة والمعاصرة"", ""label"": ""neutral"", ""label_ar"": ""محايد أو إخباري"", ""confidence"": ""medium"", ""positive_score"": 0, ""negative_score"": 0, ""mention_count"": 4, ""editorial_segment_count"": 0, ""reported_segment_count"": 4, ""evidence"": []}, {""target_id"": ""person_031"", ""target_type"": ""person"", ""target_name"": ""فوزي لقجع"", ""label"": ""neutral"", ""label_ar"": ""محايد أو إخباري"", ""confidence"": ""medium"", ""positive_score"": 0, ""negative_score"": 0, ""mention_count"": 7, ""editorial_segment_count"": 2, ""reported_segment_count"": 5, ""evidence"": []}]",evt_4efc3b6f9f5c,2026-09-13T04:53:12.195828+00:00
e6c0e32423b3c076,lesiteinfo,LeSiteInfo,"لقجع يثني على وهبي: ""جرأته السياسية وتحمله مسؤولية قناعاته كلفاه الكثير"" -فيديو",https://ar.lesiteinfo.com/politique/%D9%84%D9%82%D8%AC%D8%B9-%D9%8A%D8%AB%D9%86%D9%8A-%D8%B9%D9%84%D9%89-%D9%88%D9%87%D8%A8%D9%8A-%D8%AC%D8%B1%D8%A3%D8%AA%D9%87-%D8%A7%D9%84%D8%B3%D9%8A%D8%A7%D8%B3%D9%8A%D8%A9-%D9%88%D8%AA%D8%AD-1020308.html,ياسين كوسكار,2026-09-11,2026-09-17T11:47:08.799675+00:00,2026-09-17T11:47:08.799675+00:00,ar,أشاد فوزي لقجع، عضو المكتب السياسي لحزب الأصالة والمعاصرة، بالدور الذي يقوم به حميد وهبي، مرشح الحزب في الانتخابات التشريعية بدائرة أكادير إداوتنان، إلى جانب,152,"{""region"": ""سوس ماسة"", ""primary_provinces"": [""أكادير إداوتنان""], ""primary_places"": [""أكادير""], ""secondary_provinces"": [""اشتوكة أيت باها""], ""secondary_places"": [""ماسة""]}","{""primary"": [{""id"": ""PAM"", ""name"": ""حزب الأصالة والمعاصرة""}], ""secondary"": []}","{""primary"": [{""id"": ""person_031"", ""name"": ""فوزي لقجع"", ""tier"": ""priority""}, {""id"": ""person_014"", ""name"": ""حميد وهبي"", ""tier"": ""priority""}], ""secondary"": [{""id"": ""person_002"", ""name"": ""عبد اللطيف وهبي"", ""tier"": ""priority""}]}","{""primary"": [], ""secondary"": [{""id"": ""candidacy_nomination"", ""name"": ""الترشح والتزكية"", ""hits"": [""مرشح""]}, {""id"": ""political_statements"", ""name"": ""التصريحات والمواقف السياسية"", ""hits"": [""أكد""]}]}","{""level"": ""medium"", ""geographic_score"": 4, ""political_score"": 3, ""decision_reason"": ""صلة جغرافية وسياسية مقبولة"", ""geographic_reasons"": [""إقليم رئيسي داخل سوس ماسة"", ""مدينة أو مكان رئيسي داخل سوس ماسة""], ""political_reasons"": [""أحزاب رئيسية: حزب الأصالة والمعاصرة"", ""شخصيات رئيسية: فوزي لقجع, حميد وهبي""], ""accepted"": true}","[{""target_id"": ""PAM"", ""target_type"": ""party"", ""target_name"": ""حزب الأصالة والمعاصرة"", ""label"": ""favorable"", ""label_ar"": ""إيجابي أو داعم"", ""confidence"": ""medium"", ""positive_score"": 2, ""negative_score"": 0, ""mention_count"": 1, ""editorial_segment_count"": 1, ""reported_segment_count"": 0, ""evidence"": [""أشاد""]}, {""target_id"": ""person_031"", ""target_type"": ""person"", ""target_name"": ""فوزي لقجع"", ""label"": ""favorable"", ""label_ar"": ""إيجابي أو داعم"", ""confidence"": ""medium"", ""positive_score"": 2, ""negative_score"": 0, ""mention_count"": 5, ""editorial_segment_count"": 2, ""reported_segment_count"": 3, ""evidence"": [""أشاد""]}, {""target_id"": ""person_014"", ""target_type"": ""person"", ""target_name"": ""حميد وهبي"", ""label"": ""favorable"", ""label_ar"": ""إيجابي أو داعم"", ""confidence"": ""medium"", ""positive_score"": 2, ""negative_score"": 0, ""mention_count"": 2, ""editorial_segment_count"": 1, ""reported_segment_count"": 1, ""evidence"": [""أشاد""]}, {""target_id"": ""person_002"", ""target_type"": ""person"", ""target_name"": ""عبد اللطيف وهبي"", ""label"": ""neutral"", ""label_ar"": ""محايد أو إخباري"", ""confidence"": ""medium"", ""positive_score"": 0, ""negative_score"": 0, ""mention_count"": 2, ""editorial_segment_count"": 0, ""reported_segment_count"": 2, ""evidence"": []}]",evt_e6c0e32423b3,2026-09-17T11:47:08.799675+00:00
7ba974a17d1e986b,agadir24,أكادير24,"بقيادة لقجع .. قيادات بارزة من ""البام"" تحل بأكادير لإطلاق رسائل سياسية حاسمة والتعريف ببرنامجه ومرشحيه | agadir24.info",https://agadir24.info/%D8%A8%D9%82%D9%8A%D8%A7%D8%AF%D8%A9-%D9%84%D9%82%D8%AC%D8%B9-%D9%82%D9%8A%D8%A7%D8%AF%D8%A7%D8%AA-%D8%A8%D8%A7%D8%B1%D8%B2%D8%A9-%D9%85%D9%86-%D8%A7%D9%84%D8%A8%D8%A7%D9%85-%D8%AA%D8%AD%D9%84.html,أكادير,2026-09-10,2026-09-11T11:26:59.868114+00:00,2026-09-11T11:26:59.868114+00:00,ar,تتجه أنظار المتتبعين للشأن السياسي والمحلي يوم غذ السبت 12 شتنبر 2026 نحو مدينة أكادير، حيث ستنظم الأمانة العامة لحزب الأصالة والمعاصرة بجهة سوس ماسة,145,"{""region"": ""سوس ماسة"", ""primary_provinces"": [""أكادير إداوتنان"", ""اشتوكة أيت باها""], ""primary_places"": [""أكادير""], ""secondary_provinces"": [], ""secondary_places"": [""ماسة""]}","{""primary"": [{""id"": ""PAM"", ""name"": ""حزب الأصالة والمعاصرة""}], ""secondary"": []}","{""primary"": [{""id"": ""person_031"", ""name"": ""فوزي لقجع"", ""tier"": ""priority""}, {""id"": ""person_002"", ""name"": ""عبد اللطيف وهبي"", ""tier"": ""priority""}, {""id"": ""person_023"", ""name"": ""فاطمة الزهراء المنصوري"", ""tier"": ""priority""}], ""secondary"": []}","{""primary"": [], ""secondary"": []}","{""level"": ""medium"", ""geographic_score"": 4, ""political_score"": 3, ""decision_reason"": ""صلة جغرافية وسياسية مقبولة"", ""geographic_reasons"": [""إقليم رئيسي داخل سوس ماسة"", ""مدينة أو مكان رئيسي داخل سوس ماسة""], ""political_reasons"": [""أحزاب رئيسية: حزب الأصالة والمعاصرة"", ""شخصيات رئيسية: فوزي لقجع, عبد اللطيف وهبي, فاطمة الزهراء المنصوري""], ""accepted"": true}","[{""target_id"": ""PAM"", ""target_type"": ""party"", ""target_name"": ""حزب الأصالة والمعاصرة"", ""label"": ""neutral"", ""label_ar"": ""محايد أو إخباري"", ""confidence"": ""medium"", ""positive_score"": 0, ""negative_score"": 0, ""mention_count"": 2, ""editorial_segment_count"": 2, ""reported_segment_count"": 0, ""evidence"": []}, {""target_id"": ""person_031"", ""target_type"": ""person"", ""target_name"": ""فوزي لقجع"", ""label"": ""neutral"", ""label_ar"": ""محايد أو إخباري"", ""confidence"": ""medium"", ""positive_score"": 0, ""negative_score"": 0, ""mention_count"": 2, ""editorial_segment_count"": 2, ""reported_segment_count"": 0, ""evidence"": []}, {""target_id"": ""person_002"", ""target_type"": ""person"", ""target_name"": ""عبد اللطيف وهبي"", ""label"": ""neutral"", ""label_ar"": ""محايد أو إخباري"", ""confidence"": ""low"", ""positive_score"": 0, ""negative_score"": 0, ""mention_count"": 1, ""editorial_segment_count"": 1, ""reported_segment_count"": 0, ""evidence"": []}, {""target_id"": ""person_023"", ""target_type"": ""person"", ""target_name"": ""فاطمة الزهراء المنصوري"", ""label"": ""neutral"", ""label_ar"": ""محايد أو إخباري"", ""confidence"": ""low"", ""positive_score"": 0, ""negative_score"": 0, ""mention_count"": 1, ""editorial_segment_count"": 1, ""reported_segment_count"": 0, ""evidence"": []}]",evt_7ba974a17d1e,2026-09-11T11:26:59.868114+00:00
dde68ff3bfe0e980,hespress,هسبريس,قرار التصويت بناء على القبلية .. الولاءات تغيب مفعول البرامج الانتخابية,https://www.hespress.com/%D9%82%D8%B1%D8%A7%D8%B1-%D8%A7%D9%84%D8%AA%D8%B5%D9%88%D9%8A%D8%AA-%D8%A8%D9%86%D8%A7%D8%A1-%D8%B9%D9%84%D9%89-%D8%A7%D9%84%D9%82%D8%A8%D9%84%D9%8A%D8%A9-%D8%A7%D9%84%D9%88%D9%84%D8%A7%D8%A1%D8%A7-1798542.html,هسبريس,2026-09-10,2026-09-11T11:26:59.868114+00:00,2026-09-11T11:26:59.868114+00:00,ar,مع تبقي أيام قليلة على توجه المواطنين المغاربة صوب صناديق الاقتراع لاختيار نواب الأمة يبرز الاستحقاق التشريعي المرتقب باعتباره محطة ديمقراطية بارزة، في ظل تجدد,1041,"{""region"": ""سوس ماسة"", ""primary_provinces"": [""تارودانت""], ""primary_places"": [""تارودانت""], ""secondary_provinces"": [], ""secondary_places"": []}","{""primary"": [], ""secondary"": []}","{""primary"": [], ""secondary"": []}","{""primary"": [{""id"": ""elections"", ""name"": ""الانتخابات والاقتراع"", ""hits"": [""التصويت"", ""صناديق الاقتراع"", ""انتخابية""]}], ""secondary"": [{""id"": ""candidacy_nomination"", ""name"": ""الترشح والتزكية"", ""hits"": [""مرشح"", ""تزكية""]}, {""id"": ""results_polls"", ""name"": ""النتائج والاستطلاعات الانتخابية"", ""hits"": [""نتائج الانتخابات"", ""المقاعد""]}, {""id"": ""political_statements"", ""name"": ""التصريحات والمواقف السياسية"", ""hits"": [""أكد"", ""اعتبر""]}]}","{""level"": ""medium"", ""geographic_score"": 4, ""political_score"": 3, ""decision_reason"": ""صلة جغرافية وسياسية مقبولة"", ""geographic_reasons"": [""إقليم رئيسي داخل سوس ماسة"", ""مدينة أو مكان رئيسي داخل سوس ماسة""], ""political_reasons"": [""مواضيع سياسية: الانتخابات والاقتراع""], ""accepted"": true}",[],evt_dde68ff3bfe0,2026-09-11T11:26:59.868114+00:00
f1a3f5b03da87869,al3omk,العمق المغربي,السعدي يوضح حقيقة منشورات انتخابية منسوبة إليه بدائرة تارودانت الشمالية,https://al3omk.com/1187101.html,هاجر غريوة- صحافية متدربة,2026-09-10,2026-09-11T16:32:02.626151+00:00,2026-09-11T16:32:02.626151+00:00,ar,أصدر لحسن السعدي، وكيل لائحة حزب التجمع الوطني للأحرار بالدائرة الانتخابية تارودانت الشمالية، بلاغا توضيحيا بشأن منشورات وصور ومحتويات رقمية يتم تداولها خلال الحملة الانتخابية،,200,"{""region"": ""سوس ماسة"", ""primary_provinces"": [""تارودانت""], ""primary_places"": [""تارودانت""], ""secondary_provinces"": [], ""secondary_places"": []}","{""primary"": [{""id"": ""RNI"", ""name"": ""التجمع الوطني للأحرار""}], ""secondary"": []}","{""primary"": [{""id"": ""person_006"", ""name"": ""لحسن السعدي"", ""tier"": ""priority""}], ""secondary"": []}","{""primary"": [{""id"": ""elections"", ""name"": ""الانتخابات والاقتراع"", ""hits"": [""انتخابية"", ""استحقاقات""]}, {""id"": ""candidacy_nomination"", ""name"": ""الترشح والتزكية"", ""hits"": [""وكيل اللائحة""]}, {""id"": ""electoral_campaign"", ""name"": ""الحملة الانتخابية"", ""hits"": [""الحملة الانتخابية""]}], ""secondary"": [{""id"": ""political_statements"", ""name"": ""التصريحات والمواقف السياسية"", ""hits"": [""أكد""]}]}","{""level"": ""strong"", ""geographic_score"": 4, ""political_score"": 7, ""decision_reason"": ""صلة جغرافية وسياسية قوية"", ""geographic_reasons"": [""إقليم رئيسي داخل سوس ماسة"", ""مدينة أو مكان رئيسي داخل سوس ماسة""], ""political_reasons"": [""أحزاب رئيسية: التجمع الوطني للأحرار"", ""شخصيات رئيسية: لحسن السعدي"", ""مواضيع سياسية: الانتخابات والاقتراع, الترشح والتزكية, الحملة الانتخابية""], ""accepted"": true}","[{""target_id"": ""RNI"", ""target_type"": ""party"", ""target_name"": ""التجمع الوطني للأحرار"", ""label"": ""neutral"", ""label_ar"": ""محايد أو إخباري"", ""confidence"": ""medium"", ""positive_score"": 0, ""negative_score"": 0, ""mention_count"": 2, ""editorial_segment_count"": 1, ""reported_segment_count"": 1, ""evidence"": []}, {""target_id"": ""person_006"", ""target_type"": ""person"", ""target_name"": ""لحسن السعدي"", ""label"": ""neutral"", ""label_ar"": ""محايد أو إخباري"", ""confidence"": ""low"", ""positive_score"": 0, ""negative_score"": 0, ""mention_count"": 1, ""editorial_segment_count"": 1, ""reported_segment_count"": 0, ""evidence"": []}]",evt_f1a3f5b03da8,2026-09-11T16:32:02.626151+00:00
af3e94007497a1e3,agadirinfo,أكادير أنفو,الانتخابات التشريعية.. هذه هي اللوائح الحزبية التي تتنافس على المقاعد البرلمانية الأربعة بدائرة أكادير إداوتنان - أكادير انفو - Agadir info,https://agadirinfo.ma/134323.html,اكادير انفو,2026-09-09,2026-09-10T16:27:36.729475+00:00,2026-09-10T16:27:36.729475+00:00,ar,أكادير والجهةالانتخابات التشريعية.. هذه هي اللوائح الحزبية التي تتنافس على المقاعد البرلمانية الأربعة بدائرة أكادير إداوتنان تتنافس 20 لائحة حزبية برسم الانتخابات التشريعية المقررة يوم,189,"{""region"": ""سوس ماسة"", ""primary_provinces"": [""أكادير إداوتنان""], ""primary_places"": [""أكادير""], ""secondary_provinces"": [], ""secondary_places"": []}","{""primary"": [{""id"": ""RNI"", ""name"": ""التجمع الوطني للأحرار""}, {""id"": ""PAM"", ""name"": ""حزب الأصالة والمعاصرة""}, {""id"": ""PI"", ""name"": ""حزب الاستقلال""}, {""id"": ""PPS"", ""name"": ""حزب التقدم والاشتراكية""}, {""id"": ""PJD"", ""name"": ""حزب العدالة والتنمية""}, {""id"": ""USFP"", ""name"": ""الاتحاد الاشتراكي للقوات الشعبية""}, {""id"": ""MP"", ""name"": ""الحركة الشعبية""}, {""id"": ""PND"", ""name"": ""حزب الديمقراطيين الجدد""}], ""secondary"": [{""id"": ""MDS"", ""name"": ""الحركة الديمقراطية الاجتماعية""}, {""id"": ""FFD"", ""name"": ""جبهة القوى الديمقراطية""}]}","{""primary"": [{""id"": ""person_014"", ""name"": ""حميد وهبي"", ""tier"": ""priority""}, {""id"": ""person_038"", ""name"": ""جمال ديواني"", ""tier"": ""secondary""}], ""secondary"": []}","{""primary"": [{""id"": ""results_polls"", ""name"": ""النتائج والاستطلاعات الانتخابية"", ""hits"": [""المقاعد""]}], ""secondary"": [{""id"": ""alliances_conflicts"", ""name"": ""التحالفات والخلافات السياسية"", ""hits"": [""تحالف""]}]}","{""level"": ""strong"", ""geographic_score"": 4, ""political_score"": 5, ""decision_reason"": ""صلة جغرافية وسياسية قوية"", ""geographic_reasons"": [""إقليم رئيسي داخل سوس ماسة"", ""مدينة أو مكان رئيسي داخل سوس ماسة""], ""political_reasons"": [""أحزاب رئيسية: التجمع الوطني للأحرار, حزب الأصالة والمعاصرة, حزب الاستقلال, حزب التقدم والاشتراكية"", ""شخصيات رئيسية: حميد وهبي, جمال ديواني"", ""مواضيع سياسية: النتائج والاستطلاعات الانتخابية""], ""accepted"": true}","[{""target_id"": ""RNI"", ""target_type"": ""party"", ""target_name"": ""التجمع الوطني للأحرار"", ""label"": ""neutral"", ""label_ar"": ""محايد أو إخباري"", ""confidence"": ""low"", ""positive_score"": 0, ""negative_score"": 0, ""mention_count"": 1, ""editorial_segment_count"": 1, ""reported_segment_count"": 0, ""evidence"": []}, {""target_id"": ""PAM"", ""target_type"": ""party"", ""target_name"": ""حزب الأصالة والمعاصرة"", ""label"": ""neutral"", ""label_ar"": ""محايد أو إخباري"", ""confidence"": ""low"", ""positive_score"": 0, ""negative_score"": 0, ""mention_count"": 1, ""editorial_segment_count"": 1, ""reported_segment_count"": 0, ""evidence"": []}, {""target_id"": ""PI"", ""target_type"": ""party"", ""target_name"": ""حزب الاستقلال"", ""label"": ""neutral"", ""label_ar"": ""محايد أو إخباري"", ""confidence"": ""low"", ""positive_score"": 0, ""negative_score"": 0, ""mention_count"": 1, ""editorial_segment_count"": 1, ""reported_segment_count"": 0, ""evidence"": []}, {""target_id"": ""PPS"", ""target_type"": ""party"", ""target_name"": ""حزب التقدم والاشتراكية"", ""label"": ""neutral"", ""label_ar"": ""محايد أو إخباري"", ""confidence"": ""low"", ""positive_score"": 0, ""negative_score"": 0, ""mention_count"": 1, ""editorial_segment_count"": 1, ""reported_segment_count"": 0, ""evidence"": []}, {""target_id"": ""PJD"", ""target_type"": ""party"", ""target_name"": ""حزب العدالة والتنمية"", ""label"": ""neutral"", ""label_ar"": ""محايد أو إخباري"", ""confidence"": ""low"", ""positive_score"": 0, ""negative_score"": 0, ""mention_count"": 1, ""editorial_segment_count"": 1, ""reported_segment_count"": 0, ""evidence"": []}, {""target_id"": ""USFP"", ""target_type"": ""party"", ""target_name"": ""الاتحاد الاشتراكي للقوات الشعبية"", ""label"": ""neutral"", ""label_ar"": ""محايد أو إخباري"", ""confidence"": ""low"", ""positive_score"": 0, ""negative_score"": 0, ""mention_count"": 1, ""editorial_segment_count"": 1, ""reported_segment_count"": 0, ""evidence"": []}, {""target_id"": ""MP"", ""target_type"": ""party"", ""target_name"": ""الحركة الشعبية"", ""label"": ""neutral"", ""label_ar"": ""محايد أو إخباري"", ""confidence"": ""low"", ""positive_score"": 0, ""negative_score"": 0, ""mention_count"": 1, ""editorial_segment_count"": 1, ""reported_segment_count"": 0, ""evidence"": []}, {""target_id"": ""PND"", ""target_type"": ""party"", ""target_name"": ""حزب الديمقراطيين الجدد"", ""label"": ""neutral"", ""label_ar"": ""محايد أو إخباري"", ""confidence"": ""low"", ""positive_score"": 0, ""negative_score"": 0, ""mention_count"": 1, ""editorial_segment_count"": 1, ""reported_segment_count"": 0, ""evidence"": []}, {""target_id"": ""MDS"", ""target_type"": ""party"", ""target_name"": ""الحركة الديمقراطية الاجتماعية"", ""label"": ""neutral"", ""label_ar"": ""محايد أو إخباري"", ""confidence"": ""low"", ""positive_score"": 0, ""negative_score"": 0, ""mention_count"": 1, ""editorial_segment_count"": 1, ""reported_segment_count"": 0, ""evidence"": []}, {""target_id"": ""FFD"", ""target_type"": ""party"", ""target_name"": ""جبهة القوى الديمقراطية"", ""label"": ""neutral"", ""label_ar"": ""محايد أو إخباري"", ""confidence"": ""low"", ""positive_score"": 0, ""negative_score"": 0, ""mention_count"": 1, ""editorial_segment_count"": 1, ""reported_segment_count"": 0, ""evidence"": []}, {""target_id"": ""person_014"", ""target_type"": ""person"", ""target_name"": ""حميد وهبي"", ""label"": ""neutral"", ""label_ar"": ""محايد أو إخباري"", ""confidence"": ""low"", ""positive_score"": 0, ""negative_score"": 0, ""mention_count"": 1, ""editorial_segment_count"": 1, ""reported_segment_count"": 0, ""evidence"": []}, {""target_id"": ""person_038"", ""target_type"": ""person"", ""target_name"": ""جمال ديواني"", ""label"": ""neutral"", ""label_ar"": ""محايد أو إخباري"", ""confidence"": ""low"", ""positive_score"": 0, ""negative_score"": 0, ""mention_count"": 1, ""editorial_segment_count"": 1, ""reported_segment_count"": 0, ""evidence"": []}]",evt_af3e94007497,2026-09-10T16:27:36.729475+00:00
9aef7837f12f067b,agadirinfo,أكادير أنفو,انتخاب أعضاء مجلس النواب.. عدد لوائح الترشيح المقدمة على الصعيد الوطني بلغ 1850 لائحة - أكادير انفو - Agadir info,https://agadirinfo.ma/134341.html,اكادير انفو,2026-09-09,2026-09-10T20:54:57.142581+00:00,2026-09-10T20:54:57.142581+00:00,ar,البولتيك بالمغربانتخاب أعضاء مجلس النواب.. عدد لوائح الترشيح المقدمة على الصعيد الوطني بلغ 1850 لائحة أفاد بلاغ لوزير الداخلية بأن عدد لوائح الترشيح المقدمة على,1026,"{""region"": ""سوس ماسة"", ""primary_provinces"": [""أكادير إداوتنان""], ""primary_places"": [""أكادير""], ""secondary_provinces"": [], ""secondary_places"": []}","{""primary"": [{""id"": ""USFP"", ""name"": ""الاتحاد الاشتراكي للقوات الشعبية""}, {""id"": ""UC"", ""name"": ""الاتحاد الدستوري""}, {""id"": ""RNI"", ""name"": ""التجمع الوطني للأحرار""}, {""id"": ""MP"", ""name"": ""الحركة الشعبية""}, {""id"": ""PAM"", ""name"": ""حزب الأصالة والمعاصرة""}, {""id"": ""PI"", ""name"": ""حزب الاستقلال""}, {""id"": ""PPS"", ""name"": ""حزب التقدم والاشتراكية""}, {""id"": ""PND"", ""name"": ""حزب الديمقراطيين الجدد""}, {""id"": ""PJD"", ""name"": ""حزب العدالة والتنمية""}], ""secondary"": [{""id"": ""MDS"", ""name"": ""الحركة الديمقراطية الاجتماعية""}, {""id"": ""FFD"", ""name"": ""جبهة القوى الديمقراطية""}]}","{""primary"": [], ""secondary"": []}","{""primary"": [{""id"": ""candidacy_nomination"", ""name"": ""الترشح والتزكية"", ""hits"": [""الترشح"", ""تزكية"", ""مترشح"", ""مترشحة""]}, {""id"": ""political_statements"", ""name"": ""التصريحات والمواقف السياسية"", ""hits"": [""بلاغ""]}], ""secondary"": [{""id"": ""electoral_campaign"", ""name"": ""الحملة الانتخابية"", ""hits"": [""الحملة الانتخابية""]}, {""id"": ""alliances_conflicts"", ""name"": ""التحالفات والخلافات السياسية"", ""hits"": [""تحالف""]}]}","{""level"": ""strong"", ""geographic_score"": 4, ""political_score"": 6, ""decision_reason"": ""صلة جغرافية وسياسية قوية"", ""geographic_reasons"": [""إقليم رئيسي داخل سوس ماسة"", ""مدينة أو مكان رئيسي داخل سوس ماسة""], ""political_reasons"": [""أحزاب رئيسية: الاتحاد الاشتراكي للقوات الشعبية, الاتحاد الدستوري, التجمع الوطني للأحرار, الحركة الشعبية"", ""مواضيع سياسية: الترشح والتزكية, التصريحات والمواقف السياسية""], ""accepted"": true}","[{""target_id"": ""USFP"", ""target_type"": ""party"", ""target_name"": ""الاتحاد الاشتراكي للقوات الشعبية"", ""label"": ""neutral"", ""label_ar"": ""محايد أو إخباري"", ""confidence"": ""low"", ""positive_score"": 0, ""negative_score"": 0, ""mention_count"": 1, ""editorial_segment_count"": 1, ""reported_segment_count"": 0, ""evidence"": []}, {""target_id"": ""UC"", ""target_type"": ""party"", ""target_name"": ""الاتحاد الدستوري"", ""label"": ""neutral"", ""label_ar"": ""محايد أو إخباري"", ""confidence"": ""low"", ""positive_score"": 0, ""negative_score"": 0, ""mention_count"": 1, ""editorial_segment_count"": 1, ""reported_segment_count"": 0, ""evidence"": []}, {""target_id"": ""RNI"", ""target_type"": ""party"", ""target_name"": ""التجمع الوطني للأحرار"", ""label"": ""neutral"", ""label_ar"": ""محايد أو إخباري"", ""confidence"": ""low"", ""positive_score"": 0, ""negative_score"": 0, ""mention_count"": 1, ""editorial_segment_count"": 1, ""reported_segment_count"": 0, ""evidence"": []}, {""target_id"": ""MP"", ""target_type"": ""party"", ""target_name"": ""الحركة الشعبية"", ""label"": ""neutral"", ""label_ar"": ""محايد أو إخباري"", ""confidence"": ""low"", ""positive_score"": 0, ""negative_score"": 0, ""mention_count"": 1, ""editorial_segment_count"": 1, ""reported_segment_count"": 0, ""evidence"": []}, {""target_id"": ""PAM"", ""target_type"": ""party"", ""target_name"": ""حزب الأصالة والمعاصرة"", ""label"": ""neutral"", ""label_ar"": ""محايد أو إخباري"", ""confidence"": ""low"", ""positive_score"": 0, ""negative_score"": 0, ""mention_count"": 1, ""editorial_segment_count"": 1, ""reported_segment_count"": 0, ""evidence"": []}, {""target_id"": ""PI"", ""target_type"": ""party"", ""target_name"": ""حزب الاستقلال"", ""label"": ""neutral"", ""label_ar"": ""محايد أو إخباري"", ""confidence"": ""low"", ""positive_score"": 0, ""negative_score"": 0, ""mention_count"": 1, ""editorial_segment_count"": 1, ""reported_segment_count"": 0, ""evidence"": []}, {""target_id"": ""PPS"", ""target_type"": ""party"", ""target_name"": ""حزب التقدم والاشتراكية"", ""label"": ""neutral"", ""label_ar"": ""محايد أو إخباري"", ""confidence"": ""low"", ""positive_score"": 0, ""negative_score"": 0, ""mention_count"": 1, ""editorial_segment_count"": 1, ""reported_segment_count"": 0, ""evidence"": []}, {""target_id"": ""PND"", ""target_type"": ""party"", ""target_name"": ""حزب الديمقراطيين الجدد"", ""label"": ""neutral"", ""label_ar"": ""محايد أو إخباري"", ""confidence"": ""low"", ""positive_score"": 0, ""negative_score"": 0, ""mention_count"": 1, ""editorial_segment_count"": 1, ""reported_segment_count"": 0, ""evidence"": []}, {""target_id"": ""PJD"", ""target_type"": ""party"", ""target_name"": ""حزب العدالة والتنمية"", ""label"": ""neutral"", ""label_ar"": ""محايد أو إخباري"", ""confidence"": ""low"", ""positive_score"": 0, ""negative_score"": 0, ""mention_count"": 1, ""editorial_segment_count"": 1, ""reported_segment_count"": 0, ""evidence"": []}, {""target_id"": ""MDS"", ""target_type"": ""party"", ""target_name"": ""الحركة الديمقراطية الاجتماعية"", ""label"": ""neutral"", ""label_ar"": ""محايد أو إخباري"", ""confidence"": ""low"", ""positive_score"": 0, ""negative_score"": 0, ""mention_count"": 1, ""editorial_segment_count"": 1, ""reported_segment_count"": 0, ""evidence"": []}, {""target_id"": ""FFD"", ""target_type"": ""party"", ""target_name"": ""جبهة القوى الديمقراطية"", ""label"": ""neutral"", ""label_ar"": ""محايد أو إخباري"", ""confidence"": ""low"", ""positive_score"": 0, ""negative_score"": 0, ""mention_count"": 1, ""editorial_segment_count"": 1, ""reported_segment_count"": 0, ""evidence"": []}]",evt_9aef7837f12f,2026-09-10T20:54:57.142581+00:00
78543fd8fe2e3fff,le360,Le360,Lekjaa: le stade de Tiznit sera réalisé quel que soit le résultat du PAM,https://fr.le360.ma/politique/lekjaa-le-stade-de-tiznit-sera-realise-quel-que-soit-le-resultat-du-pam_O7PY4ZYVJJEJHMVZUOECGGPJRE,La Rédaction,2026-09-09,2026-09-10T20:54:57.142581+00:00,2026-09-10T20:54:57.142581+00:00,fr,"Dans une déclaration au quotidien Assabah, que ce dernier rapporte dans son édition du vendredi 11 septembre, Fouzi Lekjaa a affirmé qu’il est «de la",456,"{""region"": ""سوس ماسة"", ""primary_provinces"": [""تزنيت""], ""primary_places"": [""تزنيت""], ""secondary_provinces"": [], ""secondary_places"": []}","{""primary"": [{""id"": ""PAM"", ""name"": ""حزب الأصالة والمعاصرة""}, {""id"": ""RNI"", ""name"": ""التجمع الوطني للأحرار""}], ""secondary"": [{""id"": ""PI"", ""name"": ""حزب الاستقلال""}]}","{""primary"": [{""id"": ""person_031"", ""name"": ""فوزي لقجع"", ""tier"": ""priority""}], ""secondary"": []}","{""primary"": [{""id"": ""elections"", ""name"": ""الانتخابات والاقتراع"", ""hits"": [""élections"", ""électoral"", ""électorales""]}, {""id"": ""political_statements"", ""name"": ""التصريحات والمواقف السياسية"", ""hits"": [""déclaration"", ""estime""]}], ""secondary"": [{""id"": ""alliances_conflicts"", ""name"": ""التحالفات والخلافات السياسية"", ""hits"": [""majorité"", ""division""]}, {""id"": ""government_politics"", ""name"": ""السياسات والحصيلة الحكومية"", ""hits"": [""gouvernement""]}]}","{""level"": ""strong"", ""geographic_score"": 4, ""political_score"": 7, ""decision_reason"": ""صلة جغرافية وسياسية قوية"", ""geographic_reasons"": [""إقليم رئيسي داخل سوس ماسة"", ""مدينة أو مكان رئيسي داخل سوس ماسة""], ""political_reasons"": [""أحزاب رئيسية: حزب الأصالة والمعاصرة, التجمع الوطني للأحرار"", ""شخصيات رئيسية: فوزي لقجع"", ""مواضيع سياسية: الانتخابات والاقتراع, التصريحات والمواقف السياسية""], ""accepted"": true}","[{""target_id"": ""PAM"", ""target_type"": ""party"", ""target_name"": ""حزب الأصالة والمعاصرة"", ""label"": ""neutral"", ""label_ar"": ""محايد أو إخباري"", ""confidence"": ""medium"", ""positive_score"": 0, ""negative_score"": 0, ""mention_count"": 6, ""editorial_segment_count"": 3, ""reported_segment_count"": 3, ""evidence"": []}, {""target_id"": ""RNI"", ""target_type"": ""party"", ""target_name"": ""التجمع الوطني للأحرار"", ""label"": ""neutral"", ""label_ar"": ""محايد أو إخباري"", ""confidence"": ""low"", ""positive_score"": 0, ""negative_score"": 0, ""mention_count"": 1, ""editorial_segment_count"": 0, ""reported_segment_count"": 1, ""evidence"": []}, {""target_id"": ""PI"", ""target_type"": ""party"", ""target_name"": ""حزب الاستقلال"", ""label"": ""neutral"", ""label_ar"": ""محايد أو إخباري"", ""confidence"": ""low"", ""positive_score"": 0, ""negative_score"": 0, ""mention_count"": 1, ""editorial_segment_count"": 0, ""reported_segment_count"": 1, ""evidence"": []}, {""target_id"": ""person_031"", ""target_type"": ""person"", ""target_name"": ""فوزي لقجع"", ""label"": ""neutral"", ""label_ar"": ""محايد أو إخباري"", ""confidence"": ""medium"", ""positive_score"": 0, ""negative_score"": 0, ""mention_count"": 9, ""editorial_segment_count"": 5, ""reported_segment_count"": 4, ""evidence"": []}]",evt_78543fd8fe2e,2026-09-10T20:54:57.142581+00:00
464cc9a4c71bfb70,taroudantalaan,تارودانت الآن,تارودانت.. انطلاقة قوية لحملة “البام” الانتخابية بقيادة حنان الماسي | تارودانت الآن الإخبارية,https://taroudantalaan.ma/politique/%D8%AA%D8%A7%D8%B1%D9%88%D8%AF%D8%A7%D9%86%D8%AA-%D8%A7%D9%86%D8%B7%D9%84%D8%A7%D9%82%D8%A9-%D9%82%D9%88%D9%8A%D8%A9-%D9%84%D8%AD%D9%85%D9%84%D8%A9-%D8%A7%D9%84%D8%A8%D8%A7%D9%85,تارودانت الآن الإخبارية,2026-09-09,2026-09-11T04:45:47.604231+00:00,2026-09-11T04:45:47.604231+00:00,ar,انطلقت، مساء اليوم الخميس بمدينة تارودانت، الحملة الانتخابية لحزب الأصالة والمعاصرة برسم الانتخابات التشريعية المقرر إجراؤها يوم 23 شتنبر الجاري، وذلك بقيادة حنان الماسي، المرشحة,187,"{""region"": ""سوس ماسة"", ""primary_provinces"": [""تارودانت""], ""primary_places"": [""تارودانت""], ""secondary_provinces"": [], ""secondary_places"": []}","{""primary"": [{""id"": ""PAM"", ""name"": ""حزب الأصالة والمعاصرة""}], ""secondary"": []}","{""primary"": [], ""secondary"": []}","{""primary"": [{""id"": ""electoral_campaign"", ""name"": ""الحملة الانتخابية"", ""hits"": [""الحملة الانتخابية""]}], ""secondary"": [{""id"": ""elections"", ""name"": ""الانتخابات والاقتراع"", ""hits"": [""الاستحقاقات""]}]}","{""level"": ""strong"", ""geographic_score"": 4, ""political_score"": 4, ""decision_reason"": ""صلة جغرافية وسياسية قوية"", ""geographic_reasons"": [""إقليم رئيسي داخل سوس ماسة"", ""مدينة أو مكان رئيسي داخل سوس ماسة""], ""political_reasons"": [""أحزاب رئيسية: حزب الأصالة والمعاصرة"", ""مواضيع سياسية: الحملة الانتخابية""], ""accepted"": true}","[{""target_id"": ""PAM"", ""target_type"": ""party"", ""target_name"": ""حزب الأصالة والمعاصرة"", ""label"": ""neutral"", ""label_ar"": ""محايد أو إخباري"", ""confidence"": ""medium"", ""positive_score"": 0, ""negative_score"": 0, ""mention_count"": 3, ""editorial_segment_count"": 2, ""reported_segment_count"": 1, ""evidence"": []}]",evt_464cc9a4c71b,2026-09-11T04:45:47.604231+00:00
d698a60732db1976,agadirinfo,أكادير أنفو,الانتخابات التشريعية 2026.. انطلاق الحملة الانتخابية غدا الخميس - أكادير انفو - Agadir info,https://agadirinfo.ma/134305.html,اكادير انفو,2026-09-08,2026-09-09T11:28:47.162104+00:00,2026-09-09T11:28:47.162104+00:00,ar,البولتيك بالمغربالانتخابات التشريعية 2026.. انطلاق الحملة الانتخابية غدا الخميس – و م ع تنطلق، غدا الخميس، الحملة الانتخابية برسم انتخاب أعضاء مجلس النواب المقرر في,559,"{""region"": ""سوس ماسة"", ""primary_provinces"": [""أكادير إداوتنان""], ""primary_places"": [""أكادير""], ""secondary_provinces"": [], ""secondary_places"": []}","{""primary"": [], ""secondary"": []}","{""primary"": [], ""secondary"": []}","{""primary"": [{""id"": ""electoral_campaign"", ""name"": ""الحملة الانتخابية"", ""hits"": [""الحملة الانتخابية""]}, {""id"": ""elections"", ""name"": ""الانتخابات والاقتراع"", ""hits"": [""التصويت"", ""انتخابية""]}], ""secondary"": [{""id"": ""elected_councils"", ""name"": ""المجالس المنتخبة والتدبير المحلي"", ""hits"": [""جماعة ترابية""]}]}","{""level"": ""strong"", ""geographic_score"": 4, ""political_score"": 4, ""decision_reason"": ""صلة جغرافية وسياسية قوية"", ""geographic_reasons"": [""إقليم رئيسي داخل سوس ماسة"", ""مدينة أو مكان رئيسي داخل سوس ماسة""], ""political_reasons"": [""مواضيع سياسية: الحملة الانتخابية, الانتخابات والاقتراع""], ""accepted"": true}",[],evt_d698a60732db,2026-09-09T11:28:47.162104+00:00
b083b0146483d49e,hespress,هسبريس,انتخابات 2026 .. مقعدان يحفزان التدافعات الحزبية في دائرة طاطا,https://www.hespress.com/%D8%A7%D9%86%D8%AA%D8%AE%D8%A7%D8%A8%D8%A7%D8%AA-2026-%D9%85%D9%82%D8%B9%D8%AF%D8%A7%D9%86-%D9%8A%D8%AD%D9%81%D8%B2%D8%A7%D9%86-%D8%A7%D9%84%D8%AA%D8%AF%D8%A7%D9%81%D8%B9%D8%A7%D8%AA-%D8%A7%D9%84-1803115.html,هسبريس,2026-09-08,2026-09-09T11:28:47.162104+00:00,2026-09-09T11:28:47.162104+00:00,ar,تخوض أحزاب مغربية عديدة غمار الانتخابات التشريعية المقبلة في دائرة طاطا، مراهنة على “البروفايلات” نفسها التي دفعت بها خلال محطتي 2016 و2021؛ فيما تعوّل أحزابٌ,552,"{""region"": ""سوس ماسة"", ""primary_provinces"": [""طاطا""], ""primary_places"": [""طاطا""], ""secondary_provinces"": [], ""secondary_places"": []}","{""primary"": [{""id"": ""RNI"", ""name"": ""التجمع الوطني للأحرار""}, {""id"": ""MP"", ""name"": ""الحركة الشعبية""}, {""id"": ""PAM"", ""name"": ""حزب الأصالة والمعاصرة""}, {""id"": ""PI"", ""name"": ""حزب الاستقلال""}, {""id"": ""USFP"", ""name"": ""الاتحاد الاشتراكي للقوات الشعبية""}, {""id"": ""PSU"", ""name"": ""الحزب الاشتراكي الموحد""}, {""id"": ""PPS"", ""name"": ""حزب التقدم والاشتراكية""}, {""id"": ""PJD"", ""name"": ""حزب العدالة والتنمية""}, {""id"": ""FGD"", ""name"": ""فيدرالية اليسار الديمقراطي""}], ""secondary"": [{""id"": ""FFD"", ""name"": ""جبهة القوى الديمقراطية""}]}","{""primary"": [], ""secondary"": []}","{""primary"": [{""id"": ""elections"", ""name"": ""الانتخابات والاقتراع"", ""hits"": [""انتخابات"", ""انتخابية"", ""الاستحقاقات الانتخابية"", ""الاستحقاقات""]}, {""id"": ""candidacy_nomination"", ""name"": ""الترشح والتزكية"", ""hits"": [""مرشح"", ""وكيل اللائحة""]}], ""secondary"": [{""id"": ""results_polls"", ""name"": ""النتائج والاستطلاعات الانتخابية"", ""hits"": [""نتائج الانتخابات""]}, {""id"": ""resignation_defection"", ""name"": ""الاستقالة وتغيير الانتماء"", ""hits"": [""استقالته""]}, {""id"": ""alliances_conflicts"", ""name"": ""التحالفات والخلافات السياسية"", ""hits"": [""تحالف""]}]}","{""level"": ""strong"", ""geographic_score"": 4, ""political_score"": 6, ""decision_reason"": ""صلة جغرافية وسياسية قوية"", ""geographic_reasons"": [""إقليم رئيسي داخل سوس ماسة"", ""مدينة أو مكان رئيسي داخل سوس ماسة""], ""political_reasons"": [""أحزاب رئيسية: التجمع الوطني للأحرار, الحركة الشعبية, حزب الأصالة والمعاصرة, حزب الاستقلال"", ""مواضيع سياسية: الانتخابات والاقتراع, الترشح والتزكية""], ""accepted"": true}","[{""target_id"": ""RNI"", ""target_type"": ""party"", ""target_name"": ""التجمع الوطني للأحرار"", ""label"": ""neutral"", ""label_ar"": ""محايد أو إخباري"", ""confidence"": ""medium"", ""positive_score"": 0, ""negative_score"": 0, ""mention_count"": 4, ""editorial_segment_count"": 1, ""reported_segment_count"": 3, ""evidence"": []}, {""target_id"": ""MP"", ""target_type"": ""party"", ""target_name"": ""الحركة الشعبية"", ""label"": ""neutral"", ""label_ar"": ""محايد أو إخباري"", ""confidence"": ""medium"", ""positive_score"": 0, ""negative_score"": 0, ""mention_count"": 2, ""editorial_segment_count"": 1, ""reported_segment_count"": 1, ""evidence"": []}, {""target_id"": ""PAM"", ""target_type"": ""party"", ""target_name"": ""حزب الأصالة والمعاصرة"", ""label"": ""neutral"", ""label_ar"": ""محايد أو إخباري"", ""confidence"": ""medium"", ""positive_score"": 0, ""negative_score"": 0, ""mention_count"": 3, ""editorial_segment_count"": 1, ""reported_segment_count"": 2, ""evidence"": []}, {""target_id"": ""PI"", ""target_type"": ""party"", ""target_name"": ""حزب الاستقلال"", ""label"": ""unclear"", ""label_ar"": ""غير واضح"", ""confidence"": ""low"", ""positive_score"": 1, ""negative_score"": 0, ""mention_count"": 5, ""editorial_segment_count"": 4, ""reported_segment_count"": 1, ""evidence"": [""فاز""]}, {""target_id"": ""USFP"", ""target_type"": ""party"", ""target_name"": ""الاتحاد الاشتراكي للقوات الشعبية"", ""label"": ""neutral"", ""label_ar"": ""محايد أو إخباري"", ""confidence"": ""low"", ""positive_score"": 0, ""negative_score"": 0, ""mention_count"": 1, ""editorial_segment_count"": 1, ""reported_segment_count"": 0, ""evidence"": []}, {""target_id"": ""PSU"", ""target_type"": ""party"", ""target_name"": ""الحزب الاشتراكي الموحد"", ""label"": ""neutral"", ""label_ar"": ""محايد أو إخباري"", ""confidence"": ""low"", ""positive_score"": 0, ""negative_score"": 0, ""mention_count"": 1, ""editorial_segment_count"": 1, ""reported_segment_count"": 0, ""evidence"": []}, {""target_id"": ""PPS"", ""target_type"": ""party"", ""target_name"": ""حزب التقدم والاشتراكية"", ""label"": ""neutral"", ""label_ar"": ""محايد أو إخباري"", ""confidence"": ""low"", ""positive_score"": 0, ""negative_score"": 0, ""mention_count"": 1, ""editorial_segment_count"": 1, ""reported_segment_count"": 0, ""evidence"": []}, {""target_id"": ""PJD"", ""target_type"": ""party"", ""target_name"": ""حزب العدالة والتنمية"", ""label"": ""unclear"", ""label_ar"": ""غير واضح"", ""confidence"": ""low"", ""positive_score"": 1, ""negative_score"": 1, ""mention_count"": 4, ""editorial_segment_count"": 3, ""reported_segment_count"": 1, ""evidence"": [""تراجع"", ""فاز""]}, {""target_id"": ""FGD"", ""target_type"": ""party"", ""target_name"": ""فيدرالية اليسار الديمقراطي"", ""label"": ""neutral"", ""label_ar"": ""محايد أو إخباري"", ""confidence"": ""low"", ""positive_score"": 0, ""negative_score"": 0, ""mention_count"": 1, ""editorial_segment_count"": 1, ""reported_segment_count"": 0, ""evidence"": []}, {""target_id"": ""FFD"", ""target_type"": ""party"", ""target_name"": ""جبهة القوى الديمقراطية"", ""label"": ""neutral"", ""label_ar"": ""محايد أو إخباري"", ""confidence"": ""low"", ""positive_score"": 0, ""negative_score"": 0, ""mention_count"": 1, ""editorial_segment_count"": 1, ""reported_segment_count"": 0, ""evidence"": []}]",evt_b083b0146483,2026-09-09T11:28:47.162104+00:00
b6bcdadfc7fc91f3,chtoukapress,اشتوكة بريس,بحضور نبيلة منيب.. تحالف اليسار باشتوكة آيت باها ينظم مهرجانا خطابيا بآيت عميرة,https://www.chtoukapress.com/306655.html,اشتوكة بريس,2026-09-08,2026-09-09T16:41:46.025012+00:00,2026-09-09T16:41:46.025012+00:00,ar,يستعد تحالف اليسار باشتوكة آيت باها لتنظيم مهرجان خطابي تحت شعار “الكرامة أولاً”، وذلك يوم الخميس 10 شتنبر 2026، ابتداء من الساعة الرابعة مساءً، بساحة,139,"{""region"": ""سوس ماسة"", ""primary_provinces"": [""اشتوكة أيت باها""], ""primary_places"": [""أيت باها"", ""أيت عميرة""], ""secondary_provinces"": [], ""secondary_places"": []}","{""primary"": [{""id"": ""PSU"", ""name"": ""الحزب الاشتراكي الموحد""}], ""secondary"": []}","{""primary"": [{""id"": ""person_026"", ""name"": ""نبيلة منيب"", ""tier"": ""priority""}], ""secondary"": []}","{""primary"": [{""id"": ""alliances_conflicts"", ""name"": ""التحالفات والخلافات السياسية"", ""hits"": [""تحالف""]}], ""secondary"": [{""id"": ""party_activity"", ""name"": ""الأنشطة والتنظيمات الحزبية"", ""hits"": [""مهرجان خطابي""]}]}","{""level"": ""strong"", ""geographic_score"": 4, ""political_score"": 5, ""decision_reason"": ""صلة جغرافية وسياسية قوية"", ""geographic_reasons"": [""إقليم رئيسي داخل سوس ماسة"", ""مدينة أو مكان رئيسي داخل سوس ماسة""], ""political_reasons"": [""أحزاب رئيسية: الحزب الاشتراكي الموحد"", ""شخصيات رئيسية: نبيلة منيب"", ""مواضيع سياسية: التحالفات والخلافات السياسية""], ""accepted"": true}","[{""target_id"": ""PSU"", ""target_type"": ""party"", ""target_name"": ""الحزب الاشتراكي الموحد"", ""label"": ""neutral"", ""label_ar"": ""محايد أو إخباري"", ""confidence"": ""low"", ""positive_score"": 0, ""negative_score"": 0, ""mention_count"": 1, ""editorial_segment_count"": 1, ""reported_segment_count"": 0, ""evidence"": []}, {""target_id"": ""person_026"", ""target_type"": ""person"", ""target_name"": ""نبيلة منيب"", ""label"": ""neutral"", ""label_ar"": ""محايد أو إخباري"", ""confidence"": ""medium"", ""positive_score"": 0, ""negative_score"": 0, ""mention_count"": 2, ""editorial_segment_count"": 2, ""reported_segment_count"": 0, ""evidence"": []}]",evt_b6bcdadfc7fc,2026-09-09T16:41:46.025012+00:00
378e0ce09c45427a,hespress,هسبريس,انتخابات 2026.. ستة مقاعد تشعل المنافسة النسائية بدرعة تافيلالت,https://www.hespress.com/%D8%A7%D9%86%D8%AA%D8%AE%D8%A7%D8%A8%D8%A7%D8%AA-2026-%D8%B3%D8%AA%D8%A9-%D9%85%D9%82%D8%A7%D8%B9%D8%AF-%D8%AA%D8%B4%D8%B9%D9%84-%D8%A7%D9%84%D9%85%D9%86%D8%A7%D9%81%D8%B3%D8%A9-%D8%A7%D9%84%D9%86-1804489.html,هسبريس,2026-09-08,2026-09-09T16:41:46.025012+00:00,2026-09-09T16:41:46.025012+00:00,ar,تتجه الأنظار إلى اللائحة الجهوية النسائية لدرعة- تافيلالت والتنافس المرتقب بين وكيلات الأحزاب على المقاعد الستة في الاستحقاقات التشريعية المقبلة، المقرر إجراؤها يوم الثالث والعشرين,522,"{""region"": ""سوس ماسة"", ""primary_provinces"": [""تزنيت""], ""primary_places"": [""تافراوت""], ""secondary_provinces"": [], ""secondary_places"": []}","{""primary"": [{""id"": ""USFP"", ""name"": ""الاتحاد الاشتراكي للقوات الشعبية""}, {""id"": ""RNI"", ""name"": ""التجمع الوطني للأحرار""}, {""id"": ""PAM"", ""name"": ""حزب الأصالة والمعاصرة""}, {""id"": ""MP"", ""name"": ""الحركة الشعبية""}, {""id"": ""PPS"", ""name"": ""حزب التقدم والاشتراكية""}, {""id"": ""PJD"", ""name"": ""حزب العدالة والتنمية""}], ""secondary"": [{""id"": ""FGD"", ""name"": ""فيدرالية اليسار الديمقراطي""}]}","{""primary"": [], ""secondary"": []}","{""primary"": [{""id"": ""elections"", ""name"": ""الانتخابات والاقتراع"", ""hits"": [""انتخابات"", ""الاستحقاقات""]}, {""id"": ""results_polls"", ""name"": ""النتائج والاستطلاعات الانتخابية"", ""hits"": [""المقاعد""]}], ""secondary"": [{""id"": ""candidacy_nomination"", ""name"": ""الترشح والتزكية"", ""hits"": [""مرشحة""]}, {""id"": ""party_activity"", ""name"": ""الأنشطة والتنظيمات الحزبية"", ""hits"": [""تنظيم حزبي""]}, {""id"": ""alliances_conflicts"", ""name"": ""التحالفات والخلافات السياسية"", ""hits"": [""تحالف""]}]}","{""level"": ""strong"", ""geographic_score"": 4, ""political_score"": 6, ""decision_reason"": ""صلة جغرافية وسياسية قوية"", ""geographic_reasons"": [""إقليم رئيسي داخل سوس ماسة"", ""مدينة أو مكان رئيسي داخل سوس ماسة""], ""political_reasons"": [""أحزاب رئيسية: الاتحاد الاشتراكي للقوات الشعبية, التجمع الوطني للأحرار, حزب الأصالة والمعاصرة, الحركة الشعبية"", ""مواضيع سياسية: الانتخابات والاقتراع, النتائج والاستطلاعات الانتخابية""], ""accepted"": true}","[{""target_id"": ""USFP"", ""target_type"": ""party"", ""target_name"": ""الاتحاد الاشتراكي للقوات الشعبية"", ""label"": ""neutral"", ""label_ar"": ""محايد أو إخباري"", ""confidence"": ""low"", ""positive_score"": 0, ""negative_score"": 0, ""mention_count"": 1, ""editorial_segment_count"": 0, ""reported_segment_count"": 1, ""evidence"": []}, {""target_id"": ""RNI"", ""target_type"": ""party"", ""target_name"": ""التجمع الوطني للأحرار"", ""label"": ""neutral"", ""label_ar"": ""محايد أو إخباري"", ""confidence"": ""medium"", ""positive_score"": 0, ""negative_score"": 0, ""mention_count"": 5, ""editorial_segment_count"": 0, ""reported_segment_count"": 5, ""evidence"": []}, {""target_id"": ""PAM"", ""target_type"": ""party"", ""target_name"": ""حزب الأصالة والمعاصرة"", ""label"": ""neutral"", ""label_ar"": ""محايد أو إخباري"", ""confidence"": ""medium"", ""positive_score"": 0, ""negative_score"": 0, ""mention_count"": 5, ""editorial_segment_count"": 0, ""reported_segment_count"": 5, ""evidence"": []}, {""target_id"": ""MP"", ""target_type"": ""party"", ""target_name"": ""الحركة الشعبية"", ""label"": ""neutral"", ""label_ar"": ""محايد أو إخباري"", ""confidence"": ""low"", ""positive_score"": 0, ""negative_score"": 0, ""mention_count"": 1, ""editorial_segment_count"": 0, ""reported_segment_count"": 1, ""evidence"": []}, {""target_id"": ""PPS"", ""target_type"": ""party"", ""target_name"": ""حزب التقدم والاشتراكية"", ""label"": ""neutral"", ""label_ar"": ""محايد أو إخباري"", ""confidence"": ""medium"", ""positive_score"": 0, ""negative_score"": 0, ""mention_count"": 4, ""editorial_segment_count"": 0, ""reported_segment_count"": 4, ""evidence"": []}, {""target_id"": ""PJD"", ""target_type"": ""party"", ""target_name"": ""حزب العدالة والتنمية"", ""label"": ""neutral"", ""label_ar"": ""محايد أو إخباري"", ""confidence"": ""medium"", ""positive_score"": 0, ""negative_score"": 0, ""mention_count"": 3, ""editorial_segment_count"": 0, ""reported_segment_count"": 3, ""evidence"": []}, {""target_id"": ""FGD"", ""target_type"": ""party"", ""target_name"": ""فيدرالية اليسار الديمقراطي"", ""label"": ""neutral"", ""label_ar"": ""محايد أو إخباري"", ""confidence"": ""low"", ""positive_score"": 0, ""negative_score"": 0, ""mention_count"": 1, ""editorial_segment_count"": 0, ""reported_segment_count"": 1, ""evidence"": []}]",evt_378e0ce09c45,2026-09-09T16:41:46.025012+00:00
78f012bf371d5ce1,tiznit24,تيزنيت24,تزنيت.. اجتماع موسع مع ممثلي الأحزاب ووكلاء اللوائح لتأطير الحملة الانتخابية وضمان احترام القانون,https://tiznit24.com/?p=195224,,2026-09-08,2026-09-09T20:58:25.875360+00:00,2026-09-09T20:58:25.875360+00:00,ar,تزنيت – 9 شتنبر 2026: احتضنت قاعة الاجتماعات الكبرى بإقليم تزنيت، يوم الأربعاء 9 شتنبر 2026، اجتماعا تواصليا وتنسيقيا جمع ممثلي الأحزاب السياسية ووكلاء اللوائح,281,"{""region"": ""سوس ماسة"", ""primary_provinces"": [""تزنيت""], ""primary_places"": [""تزنيت""], ""secondary_provinces"": [], ""secondary_places"": []}","{""primary"": [], ""secondary"": []}","{""primary"": [], ""secondary"": []}","{""primary"": [{""id"": ""electoral_campaign"", ""name"": ""الحملة الانتخابية"", ""hits"": [""الحملة الانتخابية""]}], ""secondary"": [{""id"": ""elections"", ""name"": ""الانتخابات والاقتراع"", ""hits"": [""اللوائح الانتخابية""]}, {""id"": ""political_statements"", ""name"": ""التصريحات والمواقف السياسية"", ""hits"": [""أكد""]}]}","{""level"": ""medium"", ""geographic_score"": 4, ""political_score"": 2, ""decision_reason"": ""صلة جغرافية وسياسية مقبولة"", ""geographic_reasons"": [""إقليم رئيسي داخل سوس ماسة"", ""مدينة أو مكان رئيسي داخل سوس ماسة""], ""political_reasons"": [""مواضيع سياسية: الحملة الانتخابية""], ""accepted"": true}",[],evt_78f012bf371d,2026-09-09T20:58:25.875360+00:00
1b5c5f89e8074a05,le360,Le360,Législatives à Taroudant: la bataille des trois ministres,https://fr.le360.ma/politique/legislatives-a-taroudant-la-bataille-des-trois-ministres_WV6724DDIBB6TKJ4ZAY6IATQFE,La Rédaction,2026-09-08,2026-09-09T20:58:25.875360+00:00,2026-09-09T20:58:25.875360+00:00,fr,"Dans les circonscriptions de Taroudant Nord et Sud, le scrutin à venir pour la Chambre des représentants promet une intensité exceptionnelle. Bien plus qu’une simple",401,"{""region"": ""سوس ماسة"", ""primary_provinces"": [""تارودانت""], ""primary_places"": [""تارودانت""], ""secondary_provinces"": [""اشتوكة أيت باها""], ""secondary_places"": [""ماسة""]}","{""primary"": [{""id"": ""RNI"", ""name"": ""التجمع الوطني للأحرار""}, {""id"": ""PAM"", ""name"": ""حزب الأصالة والمعاصرة""}], ""secondary"": [{""id"": ""PI"", ""name"": ""حزب الاستقلال""}, {""id"": ""PJD"", ""name"": ""حزب العدالة والتنمية""}]}","{""primary"": [], ""secondary"": [{""id"": ""person_011"", ""name"": ""حميد البهجة"", ""tier"": ""priority""}, {""id"": ""person_015"", ""name"": ""عبد العزيز البهجة"", ""tier"": ""priority""}, {""id"": ""person_002"", ""name"": ""عبد اللطيف وهبي"", ""tier"": ""priority""}]}","{""primary"": [{""id"": ""elections"", ""name"": ""الانتخابات والاقتراع"", ""hits"": [""législatives"", ""électorale"", ""scrutin""]}], ""secondary"": [{""id"": ""candidacy_nomination"", ""name"": ""الترشح والتزكية"", ""hits"": [""candidat"", ""candidate""]}, {""id"": ""results_polls"", ""name"": ""النتائج والاستطلاعات الانتخابية"", ""hits"": [""sièges""]}, {""id"": ""elected_councils"", ""name"": ""المجالس المنتخبة والتدبير المحلي"", ""hits"": [""commune""]}, {""id"": ""government_politics"", ""name"": ""السياسات والحصيلة الحكومية"", ""hits"": [""ministre""]}]}","{""level"": ""strong"", ""geographic_score"": 4, ""political_score"": 5, ""decision_reason"": ""صلة جغرافية وسياسية قوية"", ""geographic_reasons"": [""إقليم رئيسي داخل سوس ماسة"", ""مدينة أو مكان رئيسي داخل سوس ماسة""], ""political_reasons"": [""أحزاب رئيسية: التجمع الوطني للأحرار, حزب الأصالة والمعاصرة"", ""مواضيع سياسية: الانتخابات والاقتراع""], ""accepted"": true}","[{""target_id"": ""RNI"", ""target_type"": ""party"", ""target_name"": ""التجمع الوطني للأحرار"", ""label"": ""neutral"", ""label_ar"": ""محايد أو إخباري"", ""confidence"": ""medium"", ""positive_score"": 0, ""negative_score"": 0, ""mention_count"": 4, ""editorial_segment_count"": 4, ""reported_segment_count"": 0, ""evidence"": []}, {""target_id"": ""PAM"", ""target_type"": ""party"", ""target_name"": ""حزب الأصالة والمعاصرة"", ""label"": ""neutral"", ""label_ar"": ""محايد أو إخباري"", ""confidence"": ""low"", ""positive_score"": 0, ""negative_score"": 0, ""mention_count"": 1, ""editorial_segment_count"": 1, ""reported_segment_count"": 0, ""evidence"": []}, {""target_id"": ""PI"", ""target_type"": ""party"", ""target_name"": ""حزب الاستقلال"", ""label"": ""neutral"", ""label_ar"": ""محايد أو إخباري"", ""confidence"": ""medium"", ""positive_score"": 0, ""negative_score"": 0, ""mention_count"": 2, ""editorial_segment_count"": 2, ""reported_segment_count"": 0, ""evidence"": []}, {""target_id"": ""PJD"", ""target_type"": ""party"", ""target_name"": ""حزب العدالة والتنمية"", ""label"": ""neutral"", ""label_ar"": ""محايد أو إخباري"", ""confidence"": ""low"", ""positive_score"": 0, ""negative_score"": 0, ""mention_count"": 1, ""editorial_segment_count"": 0, ""reported_segment_count"": 1, ""evidence"": []}, {""target_id"": ""person_011"", ""target_type"": ""person"", ""target_name"": ""حميد البهجة"", ""label"": ""neutral"", ""label_ar"": ""محايد أو إخباري"", ""confidence"": ""medium"", ""positive_score"": 0, ""negative_score"": 0, ""mention_count"": 2, ""editorial_segment_count"": 2, ""reported_segment_count"": 0, ""evidence"": []}, {""target_id"": ""person_015"", ""target_type"": ""person"", ""target_name"": ""عبد العزيز البهجة"", ""label"": ""neutral"", ""label_ar"": ""محايد أو إخباري"", ""confidence"": ""low"", ""positive_score"": 0, ""negative_score"": 0, ""mention_count"": 1, ""editorial_segment_count"": 1, ""reported_segment_count"": 0, ""evidence"": []}, {""target_id"": ""person_002"", ""target_type"": ""person"", ""target_name"": ""عبد اللطيف وهبي"", ""label"": ""neutral"", ""label_ar"": ""محايد أو إخباري"", ""confidence"": ""medium"", ""positive_score"": 0, ""negative_score"": 0, ""mention_count"": 2, ""editorial_segment_count"": 2, ""reported_segment_count"": 0, ""evidence"": []}]",evt_1b5c5f89e807,2026-09-09T20:58:25.875360+00:00
1a463cf0fb2b08db,chtoukapress,اشتوكة بريس,اشتوكة أيت باها اجتماع عامل الإقليم مع ممثلي الهيئات السياسية والمرشحين للانتخابات التشريعية,https://www.chtoukapress.com/306677.html,Chtouka,2026-09-08,2026-09-10T04:48:34.769909+00:00,2026-09-10T04:48:34.769909+00:00,ar,اعقد عامل أقليم اشتوكة ايت باها السيد محمد سالم الصبتي بحضور وكيل الملك لدى المحكمة الابتدائية لبيوكرى اليوم لقاء موسعا مع المرشحين وممثلي الاحزاب السياسية,542,"{""region"": ""سوس ماسة"", ""primary_provinces"": [""اشتوكة أيت باها""], ""primary_places"": [""أيت باها""], ""secondary_provinces"": [], ""secondary_places"": [""بيوكرى""]}","{""primary"": [], ""secondary"": []}","{""primary"": [], ""secondary"": []}","{""primary"": [{""id"": ""elections"", ""name"": ""الانتخابات والاقتراع"", ""hits"": [""انتخابات"", ""انتخابية"", ""الاستحقاقات""]}], ""secondary"": [{""id"": ""electoral_campaign"", ""name"": ""الحملة الانتخابية"", ""hits"": [""الحملة الانتخابية""]}, {""id"": ""political_statements"", ""name"": ""التصريحات والمواقف السياسية"", ""hits"": [""أكد""]}]}","{""level"": ""medium"", ""geographic_score"": 4, ""political_score"": 3, ""decision_reason"": ""صلة جغرافية وسياسية مقبولة"", ""geographic_reasons"": [""إقليم رئيسي داخل سوس ماسة"", ""مدينة أو مكان رئيسي داخل سوس ماسة""], ""political_reasons"": [""مواضيع سياسية: الانتخابات والاقتراع""], ""accepted"": true}",[],evt_1a463cf0fb2b,2026-09-10T04:48:34.769909+00:00
e2c04b84bb203710,lesiteinfo,LeSiteInfo,"لقجع ينتقد البرامج المخصصة للشباب ويصرح: ""كرست الهشاشة"" -فيديو",https://ar.lesiteinfo.com/politique/%D9%84%D9%82%D8%AC%D8%B9-%D9%8A%D9%86%D8%AA%D9%82%D8%AF-%D8%A7%D9%84%D8%A8%D8%B1%D8%A7%D9%85%D8%AC-%D8%A7%D9%84%D9%85%D8%AE%D8%B5%D8%B5%D8%A9-%D9%84%D9%84%D8%B4%D8%A8%D8%A7%D8%A8-%D9%88%D9%8A%D8%B5-1019715.html,ريم تبيباع,2026-09-08,2026-09-17T11:47:08.799675+00:00,2026-09-17T11:47:08.799675+00:00,ar,هاجم فوزي لقجع، عضو المكتب السياسي لحزب الأصالة والمعاصرة منتقدي البرنامج الانتخابي لحزبه، معتبرا أن رغبة “الجرار” في تغيير المسار لم تأتي من فراغ وإنما,200,"{""region"": ""سوس ماسة"", ""primary_provinces"": [""طاطا""], ""primary_places"": [""أقا""], ""secondary_provinces"": [], ""secondary_places"": []}","{""primary"": [{""id"": ""PAM"", ""name"": ""حزب الأصالة والمعاصرة""}], ""secondary"": []}","{""primary"": [{""id"": ""person_031"", ""name"": ""فوزي لقجع"", ""tier"": ""priority""}], ""secondary"": []}","{""primary"": [], ""secondary"": []}","{""level"": ""medium"", ""geographic_score"": 4, ""political_score"": 3, ""decision_reason"": ""صلة جغرافية وسياسية مقبولة"", ""geographic_reasons"": [""إقليم رئيسي داخل سوس ماسة"", ""مدينة أو مكان رئيسي داخل سوس ماسة""], ""political_reasons"": [""أحزاب رئيسية: حزب الأصالة والمعاصرة"", ""شخصيات رئيسية: فوزي لقجع""], ""accepted"": true}","[{""target_id"": ""PAM"", ""target_type"": ""party"", ""target_name"": ""حزب الأصالة والمعاصرة"", ""label"": ""neutral"", ""label_ar"": ""محايد أو إخباري"", ""confidence"": ""low"", ""positive_score"": 0, ""negative_score"": 0, ""mention_count"": 1, ""editorial_segment_count"": 0, ""reported_segment_count"": 1, ""evidence"": []}, {""target_id"": ""person_031"", ""target_type"": ""person"", ""target_name"": ""فوزي لقجع"", ""label"": ""neutral"", ""label_ar"": ""محايد أو إخباري"", ""confidence"": ""medium"", ""positive_score"": 0, ""negative_score"": 0, ""mention_count"": 3, ""editorial_segment_count"": 1, ""reported_segment_count"": 2, ""evidence"": []}]",evt_e2c04b84bb20,2026-09-17T11:47:08.799675+00:00
e1e2e94120b3be12,hespress,هسبريس,المغاربة اليهود والانتخابات .. مواقف فردية لا تعبر عن خيارات الطائفة,https://www.hespress.com/%D8%A7%D9%84%D9%85%D8%BA%D8%A7%D8%B1%D8%A8%D8%A9-%D8%A7%D9%84%D9%8A%D9%87%D9%88%D8%AF-%D9%88%D8%A7%D9%84%D8%A7%D9%86%D8%AA%D8%AE%D8%A7%D8%A8%D8%A7%D8%AA-%D9%85%D9%88%D8%A7%D9%82%D9%81-%D9%81%D8%B1-1802529.html,هسبريس,2026-09-07,2026-09-08T04:42:57.297417+00:00,2026-09-08T04:42:57.297417+00:00,ar,كثيرا ما تسيء تقارير إعلامية تقديم شؤون الطوائف المغربية غير المنتمية إلى الأغلبية المسلمة؛ فيقدم رأي الفرد المواطن فيها ممثلا لآراء مجموع الساكنة المنتمية إليها،,1028,"{""region"": ""سوس ماسة"", ""primary_provinces"": [""أكادير إداوتنان""], ""primary_places"": [""أكادير""], ""secondary_provinces"": [], ""secondary_places"": []}","{""primary"": [{""id"": ""RNI"", ""name"": ""التجمع الوطني للأحرار""}, {""id"": ""PAM"", ""name"": ""حزب الأصالة والمعاصرة""}, {""id"": ""PPS"", ""name"": ""حزب التقدم والاشتراكية""}], ""secondary"": [{""id"": ""UC"", ""name"": ""الاتحاد الدستوري""}, {""id"": ""MDS"", ""name"": ""الحركة الديمقراطية الاجتماعية""}]}","{""primary"": [], ""secondary"": []}","{""primary"": [{""id"": ""elections"", ""name"": ""الانتخابات والاقتراع"", ""hits"": [""انتخابات"", ""انتخابية"", ""التصويت"", ""الاستحقاقات"", ""استحقاقات""]}], ""secondary"": [{""id"": ""candidacy_nomination"", ""name"": ""الترشح والتزكية"", ""hits"": [""ترشح""]}, {""id"": ""alliances_conflicts"", ""name"": ""التحالفات والخلافات السياسية"", ""hits"": [""معارضة""]}, {""id"": ""political_statements"", ""name"": ""التصريحات والمواقف السياسية"", ""hits"": [""اعتبر""]}]}","{""level"": ""strong"", ""geographic_score"": 4, ""political_score"": 5, ""decision_reason"": ""صلة جغرافية وسياسية قوية"", ""geographic_reasons"": [""إقليم رئيسي داخل سوس ماسة"", ""مدينة أو مكان رئيسي داخل سوس ماسة""], ""political_reasons"": [""أحزاب رئيسية: التجمع الوطني للأحرار, حزب الأصالة والمعاصرة, حزب التقدم والاشتراكية"", ""مواضيع سياسية: الانتخابات والاقتراع""], ""accepted"": true}","[{""target_id"": ""RNI"", ""target_type"": ""party"", ""target_name"": ""التجمع الوطني للأحرار"", ""label"": ""neutral"", ""label_ar"": ""محايد أو إخباري"", ""confidence"": ""low"", ""positive_score"": 0, ""negative_score"": 0, ""mention_count"": 1, ""editorial_segment_count"": 1, ""reported_segment_count"": 0, ""evidence"": []}, {""target_id"": ""PAM"", ""target_type"": ""party"", ""target_name"": ""حزب الأصالة والمعاصرة"", ""label"": ""neutral"", ""label_ar"": ""محايد أو إخباري"", ""confidence"": ""low"", ""positive_score"": 0, ""negative_score"": 0, ""mention_count"": 1, ""editorial_segment_count"": 1, ""reported_segment_count"": 0, ""evidence"": []}, {""target_id"": ""PPS"", ""target_type"": ""party"", ""target_name"": ""حزب التقدم والاشتراكية"", ""label"": ""neutral"", ""label_ar"": ""محايد أو إخباري"", ""confidence"": ""low"", ""positive_score"": 0, ""negative_score"": 0, ""mention_count"": 1, ""editorial_segment_count"": 1, ""reported_segment_count"": 0, ""evidence"": []}, {""target_id"": ""UC"", ""target_type"": ""party"", ""target_name"": ""الاتحاد الدستوري"", ""label"": ""neutral"", ""label_ar"": ""محايد أو إخباري"", ""confidence"": ""low"", ""positive_score"": 0, ""negative_score"": 0, ""mention_count"": 1, ""editorial_segment_count"": 0, ""reported_segment_count"": 1, ""evidence"": []}, {""target_id"": ""MDS"", ""target_type"": ""party"", ""target_name"": ""الحركة الديمقراطية الاجتماعية"", ""label"": ""neutral"", ""label_ar"": ""محايد أو إخباري"", ""confidence"": ""low"", ""positive_score"": 0, ""negative_score"": 0, ""mention_count"": 1, ""editorial_segment_count"": 0, ""reported_segment_count"": 1, ""evidence"": []}]",evt_e1e2e94120b3,2026-09-08T04:42:57.297417+00:00
0f3f450f7a4ba939,agadir24,أكادير24,استقالة نائبة رئيس جماعة بتيزنيت تفتح باب التجريد.. هل تفقد دفعة واحدة ثلاث تمثيليات انتخابية؟ | agadir24.info,https://agadir24.info/%D8%A7%D8%B3%D8%AA%D9%82%D8%A7%D9%84%D8%A9-%D9%86%D8%A7%D8%A6%D8%A8%D8%A9-%D8%B1%D8%A6%D9%8A%D8%B3-%D8%AC%D9%85%D8%A7%D8%B9%D8%A9-%D8%A8%D8%AA%D9%8A%D8%B2%D9%86%D9%8A%D8%AA-%D8%AA%D9%81%D8%AA%D8%AD.html,عبدالله بن عيسى,2026-09-07,2026-09-08T11:24:06.963078+00:00,2026-09-08T11:24:06.963078+00:00,ar,لم تعد الاستقالات الحزبية المسجلة قبيل الانتخابات التشريعية بإقليم تيزنيت مجرد خلافات تنظيمية داخلية، بعدما وصلت إلى منتخبة تشغل عدة مسؤوليات انتدابية، في مقدمتها منصب,2032,"{""region"": ""سوس ماسة"", ""primary_provinces"": [""أكادير إداوتنان""], ""primary_places"": [""أكادير""], ""secondary_provinces"": [], ""secondary_places"": []}","{""primary"": [{""id"": ""RNI"", ""name"": ""التجمع الوطني للأحرار""}], ""secondary"": []}","{""primary"": [], ""secondary"": []}","{""primary"": [{""id"": ""elected_councils"", ""name"": ""المجالس المنتخبة والتدبير المحلي"", ""hits"": [""المجلس الجماعي"", ""المجلس الإقليمي"", ""مجلس الجماعة"", ""رئيس الجماعة"", ""رئيس المجلس""]}, {""id"": ""resignation_defection"", ""name"": ""الاستقالة وتغيير الانتماء"", ""hits"": [""استقالة"", ""استقالتها"", ""طرد من الحزب""]}, {""id"": ""elections"", ""name"": ""الانتخابات والاقتراع"", ""hits"": [""انتخابية"", ""اقتراع""]}, {""id"": ""candidacy_nomination"", ""name"": ""الترشح والتزكية"", ""hits"": [""ترشح"", ""الترشح"", ""تزكية"", ""التزكيات""]}], ""secondary"": [{""id"": ""results_polls"", ""name"": ""النتائج والاستطلاعات الانتخابية"", ""hits"": [""نتائج الانتخابات"", ""المقاعد""]}, {""id"": ""party_activity"", ""name"": ""الأنشطة والتنظيمات الحزبية"", ""hits"": [""تنظيم حزبي""]}, {""id"": ""legal_accountability"", ""name"": ""المتابعات والعزل والمحاسبة"", ""hits"": [""تجريد""]}, {""id"": ""political_statements"", ""name"": ""التصريحات والمواقف السياسية"", ""hits"": [""اعتبر""]}]}","{""level"": ""strong"", ""geographic_score"": 4, ""political_score"": 6, ""decision_reason"": ""صلة جغرافية وسياسية قوية"", ""geographic_reasons"": [""إقليم رئيسي داخل سوس ماسة"", ""مدينة أو مكان رئيسي داخل سوس ماسة""], ""political_reasons"": [""أحزاب رئيسية: التجمع الوطني للأحرار"", ""مواضيع سياسية: المجالس المنتخبة والتدبير المحلي, الاستقالة وتغيير الانتماء, الانتخابات والاقتراع, الترشح والتزكية""], ""accepted"": true}","[{""target_id"": ""RNI"", ""target_type"": ""party"", ""target_name"": ""التجمع الوطني للأحرار"", ""label"": ""neutral"", ""label_ar"": ""محايد أو إخباري"", ""confidence"": ""medium"", ""positive_score"": 0, ""negative_score"": 0, ""mention_count"": 3, ""editorial_segment_count"": 3, ""reported_segment_count"": 0, ""evidence"": []}]",evt_0f3f450f7a4b,2026-09-08T11:24:06.963078+00:00
6f4ceb4c8f71dcca,agadirinfo,أكادير أنفو,انتخابات شتنبر 2026.. تعبئة أزيد من 3000 ملاحظ يمثلون 26 جمعية ومؤسسة وطنية لحقوق الإنسان و30 هيئة ومنظمة دولية - أكادير انفو - Agadir info,https://agadirinfo.ma/134286.html,اكادير انفو,2026-09-07,2026-09-08T16:41:11.275598+00:00,2026-09-08T16:41:11.275598+00:00,ar,خبار بلاديانتخابات شتنبر 2026.. تعبئة أزيد من 3000 ملاحظ يمثلون 26 جمعية ومؤسسة وطنية لحقوق الإنسان و30 هيئة ومنظمة دولية اعتمدت اللجنة الخاصة لاعتماد ملاحظات,508,"{""region"": ""سوس ماسة"", ""primary_provinces"": [""أكادير إداوتنان""], ""primary_places"": [""أكادير""], ""secondary_provinces"": [], ""secondary_places"": []}","{""primary"": [], ""secondary"": []}","{""primary"": [], ""secondary"": []}","{""primary"": [{""id"": ""elections"", ""name"": ""الانتخابات والاقتراع"", ""hits"": [""انتخابات""]}], ""secondary"": [{""id"": ""political_statements"", ""name"": ""التصريحات والمواقف السياسية"", ""hits"": [""بلاغ""]}]}","{""level"": ""medium"", ""geographic_score"": 4, ""political_score"": 3, ""decision_reason"": ""صلة جغرافية وسياسية مقبولة"", ""geographic_reasons"": [""إقليم رئيسي داخل سوس ماسة"", ""مدينة أو مكان رئيسي داخل سوس ماسة""], ""political_reasons"": [""مواضيع سياسية: الانتخابات والاقتراع""], ""accepted"": true}",[],evt_6f4ceb4c8f71,2026-09-08T16:41:11.275598+00:00
de47a3da293ee049,le360,Le360,Élections: 14 ministres sur la ligne de départ,https://fr.le360.ma/politique/elections-14-ministres-sur-la-ligne-de-depart_LRDIIGDYKFDXDPT7U22CN2I7FM,La Rédaction,2026-09-07,2026-09-08T21:12:55.399091+00:00,2026-09-08T21:12:55.399091+00:00,fr,La coalition gouvernementale a pris une décision politique majeure en engageant une part considérable de ses effectifs ministériels dans l’arène électorale. Sur un total de,679,"{""region"": ""سوس ماسة"", ""primary_provinces"": [""تارودانت""], ""primary_places"": [""تارودانت""], ""secondary_provinces"": [], ""secondary_places"": []}","{""primary"": [{""id"": ""RNI"", ""name"": ""التجمع الوطني للأحرار""}, {""id"": ""PI"", ""name"": ""حزب الاستقلال""}], ""secondary"": [{""id"": ""PAM"", ""name"": ""حزب الأصالة والمعاصرة""}]}","{""primary"": [], ""secondary"": [{""id"": ""person_002"", ""name"": ""عبد اللطيف وهبي"", ""tier"": ""priority""}, {""id"": ""person_006"", ""name"": ""لحسن السعدي"", ""tier"": ""priority""}, {""id"": ""person_019"", ""name"": ""نزار بركة"", ""tier"": ""priority""}]}","{""primary"": [{""id"": ""elections"", ""name"": ""الانتخابات والاقتراع"", ""hits"": [""élections"", ""électorale"", ""législatives"", ""électoral"", ""scrutin""]}, {""id"": ""alliances_conflicts"", ""name"": ""التحالفات والخلافات السياسية"", ""hits"": [""coalition"", ""majorité"", ""alliance"", ""opposition""]}, {""id"": ""government_politics"", ""name"": ""السياسات والحصيلة الحكومية"", ""hits"": [""bilan gouvernemental"", ""gouvernement"", ""ministre"", ""politiques publiques""]}, {""id"": ""candidacy_nomination"", ""name"": ""الترشح والتزكية"", ""hits"": [""candidat"", ""candidature"", ""candidats""]}], ""secondary"": [{""id"": ""electoral_campaign"", ""name"": ""الحملة الانتخابية"", ""hits"": [""campagne électorale""]}]}","{""level"": ""strong"", ""geographic_score"": 4, ""political_score"": 6, ""decision_reason"": ""صلة جغرافية وسياسية قوية"", ""geographic_reasons"": [""إقليم رئيسي داخل سوس ماسة"", ""مدينة أو مكان رئيسي داخل سوس ماسة""], ""political_reasons"": [""أحزاب رئيسية: التجمع الوطني للأحرار, حزب الاستقلال"", ""مواضيع سياسية: الانتخابات والاقتراع, التحالفات والخلافات السياسية, السياسات والحصيلة الحكومية, الترشح والتزكية""], ""accepted"": true}","[{""target_id"": ""RNI"", ""target_type"": ""party"", ""target_name"": ""التجمع الوطني للأحرار"", ""label"": ""neutral"", ""label_ar"": ""محايد أو إخباري"", ""confidence"": ""medium"", ""positive_score"": 0, ""negative_score"": 0, ""mention_count"": 2, ""editorial_segment_count"": 1, ""reported_segment_count"": 1, ""evidence"": []}, {""target_id"": ""PI"", ""target_type"": ""party"", ""target_name"": ""حزب الاستقلال"", ""label"": ""neutral"", ""label_ar"": ""محايد أو إخباري"", ""confidence"": ""medium"", ""positive_score"": 0, ""negative_score"": 0, ""mention_count"": 3, ""editorial_segment_count"": 2, ""reported_segment_count"": 1, ""evidence"": []}, {""target_id"": ""PAM"", ""target_type"": ""party"", ""target_name"": ""حزب الأصالة والمعاصرة"", ""label"": ""neutral"", ""label_ar"": ""محايد أو إخباري"", ""confidence"": ""medium"", ""positive_score"": 0, ""negative_score"": 0, ""mention_count"": 2, ""editorial_segment_count"": 1, ""reported_segment_count"": 1, ""evidence"": []}, {""target_id"": ""person_002"", ""target_type"": ""person"", ""target_name"": ""عبد اللطيف وهبي"", ""label"": ""neutral"", ""label_ar"": ""محايد أو إخباري"", ""confidence"": ""low"", ""positive_score"": 0, ""negative_score"": 0, ""mention_count"": 1, ""editorial_segment_count"": 1, ""reported_segment_count"": 0, ""evidence"": []}, {""target_id"": ""person_006"", ""target_type"": ""person"", ""target_name"": ""لحسن السعدي"", ""label"": ""neutral"", ""label_ar"": ""محايد أو إخباري"", ""confidence"": ""low"", ""positive_score"": 0, ""negative_score"": 0, ""mention_count"": 1, ""editorial_segment_count"": 1, ""reported_segment_count"": 0, ""evidence"": []}, {""target_id"": ""person_019"", ""target_type"": ""person"", ""target_name"": ""نزار بركة"", ""label"": ""neutral"", ""label_ar"": ""محايد أو إخباري"", ""confidence"": ""low"", ""positive_score"": 0, ""negative_score"": 0, ""mention_count"": 1, ""editorial_segment_count"": 1, ""reported_segment_count"": 0, ""evidence"": []}]",evt_de47a3da293e,2026-09-08T21:12:55.399091+00:00
cc14414eb4dbe81f,le360,Le360,"Lekjaa au RNI: «mobiliser 350 milliards est impossible? En cramer 280 pour rien, c’était facile pourtant!»",https://fr.le360.ma/politique/lekjaa-au-rni-mobiliser-350-milliards-est-impossible-en-cramer-280-pour-rien-cetait-facile-pourtant_AIMY6TQE4VDY7ABTOAEPK246FU,Tarik Qattab,2026-09-06,2026-09-07T21:33:27.323156+00:00,2026-09-07T21:33:27.323156+00:00,fr,"Troisième escale en dix jours dans la région Béni Mellal-Khénifra. Après Fkih Ben Saleh et Khénifra, Azilal est devenu ce lundi 7 septembre le théâtre",597,"{""region"": ""سوس ماسة"", ""primary_provinces"": [""أكادير إداوتنان""], ""primary_places"": [""أكادير""], ""secondary_provinces"": [], ""secondary_places"": []}","{""primary"": [{""id"": ""RNI"", ""name"": ""التجمع الوطني للأحرار""}, {""id"": ""PAM"", ""name"": ""حزب الأصالة والمعاصرة""}], ""secondary"": []}","{""primary"": [{""id"": ""person_031"", ""name"": ""فوزي لقجع"", ""tier"": ""priority""}, {""id"": ""person_001"", ""name"": ""عزيز أخنوش"", ""tier"": ""priority""}], ""secondary"": []}","{""primary"": [{""id"": ""government_politics"", ""name"": ""السياسات والحصيلة الحكومية"", ""hits"": [""ministre"", ""gouvernement""]}], ""secondary"": [{""id"": ""elections"", ""name"": ""الانتخابات والاقتراع"", ""hits"": [""législatives""]}]}","{""level"": ""strong"", ""geographic_score"": 4, ""political_score"": 5, ""decision_reason"": ""صلة جغرافية وسياسية قوية"", ""geographic_reasons"": [""إقليم رئيسي داخل سوس ماسة"", ""مدينة أو مكان رئيسي داخل سوس ماسة""], ""political_reasons"": [""أحزاب رئيسية: التجمع الوطني للأحرار, حزب الأصالة والمعاصرة"", ""شخصيات رئيسية: فوزي لقجع, عزيز أخنوش"", ""مواضيع سياسية: السياسات والحصيلة الحكومية""], ""accepted"": true}","[{""target_id"": ""RNI"", ""target_type"": ""party"", ""target_name"": ""التجمع الوطني للأحرار"", ""label"": ""neutral"", ""label_ar"": ""محايد أو إخباري"", ""confidence"": ""medium"", ""positive_score"": 0, ""negative_score"": 0, ""mention_count"": 2, ""editorial_segment_count"": 1, ""reported_segment_count"": 1, ""evidence"": []}, {""target_id"": ""PAM"", ""target_type"": ""party"", ""target_name"": ""حزب الأصالة والمعاصرة"", ""label"": ""neutral"", ""label_ar"": ""محايد أو إخباري"", ""confidence"": ""medium"", ""positive_score"": 0, ""negative_score"": 0, ""mention_count"": 3, ""editorial_segment_count"": 2, ""reported_segment_count"": 1, ""evidence"": []}, {""target_id"": ""person_031"", ""target_type"": ""person"", ""target_name"": ""فوزي لقجع"", ""label"": ""unclear"", ""label_ar"": ""غير واضح"", ""confidence"": ""low"", ""positive_score"": 1, ""negative_score"": 0, ""mention_count"": 5, ""editorial_segment_count"": 4, ""reported_segment_count"": 1, ""evidence"": [""engagement""]}, {""target_id"": ""person_001"", ""target_type"": ""person"", ""target_name"": ""عزيز أخنوش"", ""label"": ""neutral"", ""label_ar"": ""محايد أو إخباري"", ""confidence"": ""low"", ""positive_score"": 0, ""negative_score"": 0, ""mention_count"": 1, ""editorial_segment_count"": 1, ""reported_segment_count"": 0, ""evidence"": []}]",evt_cc14414eb4db,2026-09-07T21:33:27.323156+00:00
f239f93356d6bb7a,agadirinfo,أكادير أنفو,إنزكان: جمعية التحالف للمغاربة المقيمين بالخارج تكرم رئيس المجلس الجماعي رشيد المعيفي - أكادير انفو - Agadir info,https://agadirinfo.ma/134260.html,اكادير انفو,2026-09-06,2026-09-08T04:42:57.297417+00:00,2026-09-08T04:42:57.297417+00:00,ar,أكادير والجهةإنزكان: جمعية التحالف للمغاربة المقيمين بالخارج تكرم رئيس المجلس الجماعي رشيد المعيفي قامت جمعية التحالف للمغاربة المقيمين بالخارج، اليوم الاثنين 7 شتنبر 2026، بتكريم,259,"{""region"": ""سوس ماسة"", ""primary_provinces"": [""أكادير إداوتنان"", ""إنزكان أيت ملول""], ""primary_places"": [""أكادير""], ""secondary_provinces"": [], ""secondary_places"": [""إنزكان""]}","{""primary"": [], ""secondary"": []}","{""primary"": [], ""secondary"": []}","{""primary"": [{""id"": ""elected_councils"", ""name"": ""المجالس المنتخبة والتدبير المحلي"", ""hits"": [""المجلس الجماعي"", ""رئيس المجلس"", ""رئيس الجماعة""]}], ""secondary"": [{""id"": ""political_statements"", ""name"": ""التصريحات والمواقف السياسية"", ""hits"": [""صرح""]}]}","{""level"": ""medium"", ""geographic_score"": 4, ""political_score"": 2, ""decision_reason"": ""صلة جغرافية وسياسية مقبولة"", ""geographic_reasons"": [""إقليم رئيسي داخل سوس ماسة"", ""مدينة أو مكان رئيسي داخل سوس ماسة""], ""political_reasons"": [""مواضيع سياسية: المجالس المنتخبة والتدبير المحلي""], ""accepted"": true}",[],evt_f239f93356d6,2026-09-08T04:42:57.297417+00:00
92fa16cc0041ef3b,hespress,هسبريس,انتخابات 2026 .. الترشيحات تراهن على الإقناع في دائرة اشتوكة أيت باها,https://www.hespress.com/%D8%A7%D9%86%D8%AA%D8%AE%D8%A7%D8%A8%D8%A7%D8%AA-2026-%D8%A7%D9%84%D8%AA%D8%B1%D8%B4%D9%8A%D8%AD%D8%A7%D8%AA-%D8%AA%D8%B1%D8%A7%D9%87%D9%86-%D8%B9%D9%84%D9%89-%D8%A7%D9%84%D8%A5%D9%82%D9%86%D8%A7-1802351.html,هسبريس ـ عبد العزيز أكرام,2026-09-05,2026-09-06T11:01:54.843875+00:00,2026-09-06T11:01:54.843875+00:00,ar,تستعد الدائرة الانتخابية لاشتوكة أيت باها لمواجهة انتخابية ساخنة حول المقاعد الثلاثة المخصصة لها على مستوى مجلس النواب، بعد أن شهدت خريطتها السياسية متغيرات عديدة,580,"{""region"": ""سوس ماسة"", ""primary_provinces"": [""اشتوكة أيت باها""], ""primary_places"": [""أيت باها""], ""secondary_provinces"": [], ""secondary_places"": []}","{""primary"": [{""id"": ""UC"", ""name"": ""الاتحاد الدستوري""}, {""id"": ""RNI"", ""name"": ""التجمع الوطني للأحرار""}, {""id"": ""PAM"", ""name"": ""حزب الأصالة والمعاصرة""}, {""id"": ""PI"", ""name"": ""حزب الاستقلال""}, {""id"": ""PPS"", ""name"": ""حزب التقدم والاشتراكية""}, {""id"": ""PJD"", ""name"": ""حزب العدالة والتنمية""}], ""secondary"": [{""id"": ""FFD"", ""name"": ""جبهة القوى الديمقراطية""}]}","{""primary"": [], ""secondary"": [{""id"": ""person_020"", ""name"": ""إدريس لشكر"", ""tier"": ""priority""}, {""id"": ""person_062"", ""name"": ""أحمد بومكوك"", ""tier"": ""secondary""}, {""id"": ""person_061"", ""name"": ""إسماعيل كرام"", ""tier"": ""secondary""}]}","{""primary"": [{""id"": ""elections"", ""name"": ""الانتخابات والاقتراع"", ""hits"": [""انتخابات"", ""انتخابية"", ""الاستحقاقات""]}, {""id"": ""results_polls"", ""name"": ""النتائج والاستطلاعات الانتخابية"", ""hits"": [""عدد الأصوات"", ""المقاعد"", ""نسبة المشاركة""]}], ""secondary"": [{""id"": ""candidacy_nomination"", ""name"": ""الترشح والتزكية"", ""hits"": [""مرشح"", ""تزكية""]}, {""id"": ""alliances_conflicts"", ""name"": ""التحالفات والخلافات السياسية"", ""hits"": [""تحالف""]}]}","{""level"": ""strong"", ""geographic_score"": 4, ""political_score"": 6, ""decision_reason"": ""صلة جغرافية وسياسية قوية"", ""geographic_reasons"": [""إقليم رئيسي داخل سوس ماسة"", ""مدينة أو مكان رئيسي داخل سوس ماسة""], ""political_reasons"": [""أحزاب رئيسية: الاتحاد الدستوري, التجمع الوطني للأحرار, حزب الأصالة والمعاصرة, حزب الاستقلال"", ""مواضيع سياسية: الانتخابات والاقتراع, النتائج والاستطلاعات الانتخابية""], ""accepted"": true}","[{""target_id"": ""UC"", ""target_type"": ""party"", ""target_name"": ""الاتحاد الدستوري"", ""label"": ""neutral"", ""label_ar"": ""محايد أو إخباري"", ""confidence"": ""low"", ""positive_score"": 0, ""negative_score"": 0, ""mention_count"": 1, ""editorial_segment_count"": 1, ""reported_segment_count"": 0, ""evidence"": []}, {""target_id"": ""RNI"", ""target_type"": ""party"", ""target_name"": ""التجمع الوطني للأحرار"", ""label"": ""neutral"", ""label_ar"": ""محايد أو إخباري"", ""confidence"": ""medium"", ""positive_score"": 0, ""negative_score"": 0, ""mention_count"": 3, ""editorial_segment_count"": 3, ""reported_segment_count"": 0, ""evidence"": []}, {""target_id"": ""PAM"", ""target_type"": ""party"", ""target_name"": ""حزب الأصالة والمعاصرة"", ""label"": ""neutral"", ""label_ar"": ""محايد أو إخباري"", ""confidence"": ""medium"", ""positive_score"": 0, ""negative_score"": 0, ""mention_count"": 3, ""editorial_segment_count"": 2, ""reported_segment_count"": 1, ""evidence"": []}, {""target_id"": ""PI"", ""target_type"": ""party"", ""target_name"": ""حزب الاستقلال"", ""label"": ""neutral"", ""label_ar"": ""محايد أو إخباري"", ""confidence"": ""medium"", ""positive_score"": 0, ""negative_score"": 0, ""mention_count"": 3, ""editorial_segment_count"": 3, ""reported_segment_count"": 0, ""evidence"": []}, {""target_id"": ""PPS"", ""target_type"": ""party"", ""target_name"": ""حزب التقدم والاشتراكية"", ""label"": ""neutral"", ""label_ar"": ""محايد أو إخباري"", ""confidence"": ""low"", ""positive_score"": 0, ""negative_score"": 0, ""mention_count"": 1, ""editorial_segment_count"": 1, ""reported_segment_count"": 0, ""evidence"": []}, {""target_id"": ""PJD"", ""target_type"": ""party"", ""target_name"": ""حزب العدالة والتنمية"", ""label"": ""neutral"", ""label_ar"": ""محايد أو إخباري"", ""confidence"": ""medium"", ""positive_score"": 0, ""negative_score"": 0, ""mention_count"": 3, ""editorial_segment_count"": 1, ""reported_segment_count"": 2, ""evidence"": []}, {""target_id"": ""FFD"", ""target_type"": ""party"", ""target_name"": ""جبهة القوى الديمقراطية"", ""label"": ""neutral"", ""label_ar"": ""محايد أو إخباري"", ""confidence"": ""low"", ""positive_score"": 0, ""negative_score"": 0, ""mention_count"": 1, ""editorial_segment_count"": 1, ""reported_segment_count"": 0, ""evidence"": []}, {""target_id"": ""person_020"", ""target_type"": ""person"", ""target_name"": ""إدريس لشكر"", ""label"": ""neutral"", ""label_ar"": ""محايد أو إخباري"", ""confidence"": ""medium"", ""positive_score"": 0, ""negative_score"": 0, ""mention_count"": 2, ""editorial_segment_count"": 0, ""reported_segment_count"": 2, ""evidence"": []}, {""target_id"": ""person_062"", ""target_type"": ""person"", ""target_name"": ""أحمد بومكوك"", ""label"": ""neutral"", ""label_ar"": ""محايد أو إخباري"", ""confidence"": ""low"", ""positive_score"": 0, ""negative_score"": 0, ""mention_count"": 1, ""editorial_segment_count"": 1, ""reported_segment_count"": 0, ""evidence"": []}, {""target_id"": ""person_061"", ""target_type"": ""person"", ""target_name"": ""إسماعيل كرام"", ""label"": ""neutral"", ""label_ar"": ""محايد أو إخباري"", ""confidence"": ""medium"", ""positive_score"": 0, ""negative_score"": 0, ""mention_count"": 2, ""editorial_segment_count"": 2, ""reported_segment_count"": 0, ""evidence"": []}]",evt_92fa16cc0041,2026-09-06T11:01:54.843875+00:00
5d0e88d0c7575c78,alyaoum24,اليوم24,العربي المحرشي يكشف كواليس التحاق فوزي لقجع بالبام.. الميركاتو السياسي – اليوم 24,https://alyaoum24.com/videos/%D8%A7%D9%84%D8%B9%D8%B1%D8%A8%D9%8A-%D8%A7%D9%84%D9%85%D8%AD%D8%B1%D8%B4%D9%8A-%D9%8A%D9%83%D8%B4%D9%81-%D9%83%D9%88%D8%A7%D9%84%D9%8A%D8%B3-%D8%A7%D9%84%D8%AA%D8%AD%D8%A7%D9%82-%D9%81%D9%88%D8%B2,Alyaoum,2026-09-03,2026-09-04T11:23:19.586503+00:00,2026-09-04T11:23:19.586503+00:00,ar,شريط الأخبار وفاة تلميذ داخل ثانوية بأيت ملول بعد إصابته بوعكة صحية مفاجئة العيون: توقيف شخص بحوزته 26 غراما من الكوكايين وفاة الحاج « يوعري,115,"{""region"": ""سوس ماسة"", ""primary_provinces"": [""إنزكان أيت ملول""], ""primary_places"": [""أيت ملول""], ""secondary_provinces"": [], ""secondary_places"": []}","{""primary"": [{""id"": ""PAM"", ""name"": ""حزب الأصالة والمعاصرة""}], ""secondary"": []}","{""primary"": [{""id"": ""person_031"", ""name"": ""فوزي لقجع"", ""tier"": ""priority""}], ""secondary"": []}","{""primary"": [], ""secondary"": [{""id"": ""candidacy_nomination"", ""name"": ""الترشح والتزكية"", ""hits"": [""مرشح""]}]}","{""level"": ""medium"", ""geographic_score"": 4, ""political_score"": 3, ""decision_reason"": ""صلة جغرافية وسياسية مقبولة"", ""geographic_reasons"": [""إقليم رئيسي داخل سوس ماسة"", ""مدينة أو مكان رئيسي داخل سوس ماسة""], ""political_reasons"": [""أحزاب رئيسية: حزب الأصالة والمعاصرة"", ""شخصيات رئيسية: فوزي لقجع""], ""accepted"": true}","[{""target_id"": ""PAM"", ""target_type"": ""party"", ""target_name"": ""حزب الأصالة والمعاصرة"", ""label"": ""neutral"", ""label_ar"": ""محايد أو إخباري"", ""confidence"": ""medium"", ""positive_score"": 0, ""negative_score"": 0, ""mention_count"": 1, ""editorial_segment_count"": 1, ""reported_segment_count"": 0, ""evidence"": []}, {""target_id"": ""person_031"", ""target_type"": ""person"", ""target_name"": ""فوزي لقجع"", ""label"": ""neutral"", ""label_ar"": ""محايد أو إخباري"", ""confidence"": ""medium"", ""positive_score"": 0, ""negative_score"": 0, ""mention_count"": 1, ""editorial_segment_count"": 1, ""reported_segment_count"": 0, ""evidence"": []}]",evt_5d0e88d0c757,2026-09-04T11:23:19.586503+00:00
c14eb363c748cf17,alyaoum24,اليوم24,التنمية العادلة من منظور حزب الإتحاد الإشتراكي للقوات الشعبية – اليوم 24,https://alyaoum24.com/videos/%D8%A7%D9%84%D8%AA%D9%86%D9%85%D9%8A%D8%A9-%D8%A7%D9%84%D8%B9%D8%A7%D8%AF%D9%84%D8%A9-%D9%85%D9%86-%D9%85%D9%86%D8%B8%D9%88%D8%B1-%D8%AD%D8%B2%D8%A8-%D8%A7%D9%84%D8%A5%D8%AA%D8%AD%D8%A7%D8%AF-%D8%A7,Alyaoum,2026-09-03,2026-09-04T11:23:19.586503+00:00,2026-09-04T11:23:19.586503+00:00,ar,شريط الأخبار وفاة تلميذ داخل ثانوية بأيت ملول بعد إصابته بوعكة صحية مفاجئة العيون: توقيف شخص بحوزته 26 غراما من الكوكايين وفاة الحاج « يوعري,115,"{""region"": ""سوس ماسة"", ""primary_provinces"": [""إنزكان أيت ملول""], ""primary_places"": [""أيت ملول""], ""secondary_provinces"": [], ""secondary_places"": []}","{""primary"": [{""id"": ""USFP"", ""name"": ""الاتحاد الاشتراكي للقوات الشعبية""}], ""secondary"": []}","{""primary"": [], ""secondary"": []}","{""primary"": [], ""secondary"": [{""id"": ""candidacy_nomination"", ""name"": ""الترشح والتزكية"", ""hits"": [""مرشح""]}]}","{""level"": ""medium"", ""geographic_score"": 4, ""political_score"": 2, ""decision_reason"": ""صلة جغرافية وسياسية مقبولة"", ""geographic_reasons"": [""إقليم رئيسي داخل سوس ماسة"", ""مدينة أو مكان رئيسي داخل سوس ماسة""], ""political_reasons"": [""أحزاب رئيسية: الاتحاد الاشتراكي للقوات الشعبية""], ""accepted"": true}","[{""target_id"": ""USFP"", ""target_type"": ""party"", ""target_name"": ""الاتحاد الاشتراكي للقوات الشعبية"", ""label"": ""neutral"", ""label_ar"": ""محايد أو إخباري"", ""confidence"": ""medium"", ""positive_score"": 0, ""negative_score"": 0, ""mention_count"": 1, ""editorial_segment_count"": 1, ""reported_segment_count"": 0, ""evidence"": []}]",evt_c14eb363c748,2026-09-04T11:23:19.586503+00:00
f22f5df19425f980,hespress,هسبريس,أخنوش: استيراد الأغنام فرضه الجفاف .. ومستعدون لكشف المعطيات,https://www.hespress.com/%D8%A3%D8%AE%D9%86%D9%88%D8%B4-%D8%A7%D8%B3%D8%AA%D9%8A%D8%B1%D8%A7%D8%AF-%D8%A7%D9%84%D8%A3%D8%BA%D9%86%D8%A7%D9%85-%D9%81%D8%B1%D8%B6%D9%87-%D8%A7%D9%84%D8%AC%D9%81%D8%A7%D9%81-%D9%88%D9%85-1801789.html,هسبريس من تيفلت,2026-09-03,2026-09-04T16:25:02.631774+00:00,2026-09-04T16:25:02.631774+00:00,ar,نظّم حزب التجمع الوطني للأحرار، زوال اليوم الجمعة، لقاءً تواصلياً بجماعة “عين الجوهرة سيدي بوخلخال”، وهي جماعة ترابية قروية تقع ضواحي مدينة تيفلت بإقليم الخميسات،,624,"{""region"": ""سوس ماسة"", ""primary_provinces"": [""اشتوكة أيت باها""], ""primary_places"": [""ماسة""], ""secondary_provinces"": [], ""secondary_places"": []}","{""primary"": [{""id"": ""RNI"", ""name"": ""التجمع الوطني للأحرار""}], ""secondary"": [{""id"": ""PAM"", ""name"": ""حزب الأصالة والمعاصرة""}]}","{""primary"": [{""id"": ""person_001"", ""name"": ""عزيز أخنوش"", ""tier"": ""priority""}], ""secondary"": []}","{""primary"": [{""id"": ""political_statements"", ""name"": ""التصريحات والمواقف السياسية"", ""hits"": [""اعتبر"", ""أكد""]}], ""secondary"": [{""id"": ""elected_councils"", ""name"": ""المجالس المنتخبة والتدبير المحلي"", ""hits"": [""جماعة ترابية""]}, {""id"": ""government_politics"", ""name"": ""السياسات والحصيلة الحكومية"", ""hits"": [""رئيس الحكومة"", ""الأغلبية الحكومية""]}]}","{""level"": ""strong"", ""geographic_score"": 4, ""political_score"": 5, ""decision_reason"": ""صلة جغرافية وسياسية قوية"", ""geographic_reasons"": [""إقليم رئيسي داخل سوس ماسة"", ""مدينة أو مكان رئيسي داخل سوس ماسة""], ""political_reasons"": [""أحزاب رئيسية: التجمع الوطني للأحرار"", ""شخصيات رئيسية: عزيز أخنوش"", ""مواضيع سياسية: التصريحات والمواقف السياسية""], ""accepted"": true}","[{""target_id"": ""RNI"", ""target_type"": ""party"", ""target_name"": ""التجمع الوطني للأحرار"", ""label"": ""neutral"", ""label_ar"": ""محايد أو إخباري"", ""confidence"": ""low"", ""positive_score"": 0, ""negative_score"": 0, ""mention_count"": 1, ""editorial_segment_count"": 0, ""reported_segment_count"": 1, ""evidence"": []}, {""target_id"": ""PAM"", ""target_type"": ""party"", ""target_name"": ""حزب الأصالة والمعاصرة"", ""label"": ""neutral"", ""label_ar"": ""محايد أو إخباري"", ""confidence"": ""low"", ""positive_score"": 0, ""negative_score"": 0, ""mention_count"": 1, ""editorial_segment_count"": 0, ""reported_segment_count"": 1, ""evidence"": []}, {""target_id"": ""person_001"", ""target_type"": ""person"", ""target_name"": ""عزيز أخنوش"", ""label"": ""neutral"", ""label_ar"": ""محايد أو إخباري"", ""confidence"": ""medium"", ""positive_score"": 0, ""negative_score"": 0, ""mention_count"": 7, ""editorial_segment_count"": 2, ""reported_segment_count"": 5, ""evidence"": []}]",evt_f22f5df19425,2026-09-04T16:25:02.631774+00:00
5a82d2d6684a13a5,hespress,هسبريس,انتخابات 2026 .. الجبل والسهل يرسمان ملامح تدافع مفتوح في تيزنيت,https://www.hespress.com/%D8%A7%D9%86%D8%AA%D8%AE%D8%A7%D8%A8%D8%A7%D8%AA-2026-%D8%A7%D9%84%D8%AC%D8%A8%D9%84-%D9%88%D8%A7%D9%84%D8%B3%D9%87%D9%84-%D9%8A%D8%B1%D8%B3%D9%85%D8%A7%D9%86-%D9%85%D9%84%D8%A7%D9%85%D8%AD-%D8%AA-1800853.html,هسبريس,2026-09-02,2026-09-03T04:37:21.739579+00:00,2026-09-03T04:37:21.739579+00:00,ar,على الرغم من اقتصار تمثيليتها على مقعدين فقط بمجلس النواب، فإن الدائرة الانتخابية المحلية بتيزنيت تظل من الدوائر التي تستقطب اهتمام الأحزاب على مستوى جهة,744,"{""region"": ""سوس ماسة"", ""primary_provinces"": [""تزنيت""], ""primary_places"": [""أنزي"", ""تزنيت""], ""secondary_provinces"": [""اشتوكة أيت باها""], ""secondary_places"": [""ماسة""]}","{""primary"": [{""id"": ""USFP"", ""name"": ""الاتحاد الاشتراكي للقوات الشعبية""}, {""id"": ""PI"", ""name"": ""حزب الاستقلال""}, {""id"": ""RNI"", ""name"": ""التجمع الوطني للأحرار""}, {""id"": ""MP"", ""name"": ""الحركة الشعبية""}, {""id"": ""PAM"", ""name"": ""حزب الأصالة والمعاصرة""}, {""id"": ""PPS"", ""name"": ""حزب التقدم والاشتراكية""}, {""id"": ""PJD"", ""name"": ""حزب العدالة والتنمية""}, {""id"": ""FGD"", ""name"": ""فيدرالية اليسار الديمقراطي""}], ""secondary"": [{""id"": ""MDS"", ""name"": ""الحركة الديمقراطية الاجتماعية""}]}","{""primary"": [], ""secondary"": [{""id"": ""person_084"", ""name"": ""عبد الله غازي"", ""tier"": ""secondary""}]}","{""primary"": [{""id"": ""elections"", ""name"": ""الانتخابات والاقتراع"", ""hits"": [""انتخابات"", ""انتخابية"", ""اقتراع""]}], ""secondary"": [{""id"": ""candidacy_nomination"", ""name"": ""الترشح والتزكية"", ""hits"": [""مرشح"", ""تزكية""]}, {""id"": ""alliances_conflicts"", ""name"": ""التحالفات والخلافات السياسية"", ""hits"": [""تحالف"", ""أغلبية""]}, {""id"": ""elected_councils"", ""name"": ""المجالس المنتخبة والتدبير المحلي"", ""hits"": [""المجلس الجماعي"", ""رئيس المجلس""]}, {""id"": ""results_polls"", ""name"": ""النتائج والاستطلاعات الانتخابية"", ""hits"": [""نسبة المشاركة""]}]}","{""level"": ""strong"", ""geographic_score"": 4, ""political_score"": 5, ""decision_reason"": ""صلة جغرافية وسياسية قوية"", ""geographic_reasons"": [""إقليم رئيسي داخل سوس ماسة"", ""مدينة أو مكان رئيسي داخل سوس ماسة""], ""political_reasons"": [""أحزاب رئيسية: الاتحاد الاشتراكي للقوات الشعبية, حزب الاستقلال, التجمع الوطني للأحرار, الحركة الشعبية"", ""مواضيع سياسية: الانتخابات والاقتراع""], ""accepted"": true}","[{""target_id"": ""USFP"", ""target_type"": ""party"", ""target_name"": ""الاتحاد الاشتراكي للقوات الشعبية"", ""label"": ""neutral"", ""label_ar"": ""محايد أو إخباري"", ""confidence"": ""medium"", ""positive_score"": 0, ""negative_score"": 0, ""mention_count"": 3, ""editorial_segment_count"": 2, ""reported_segment_count"": 1, ""evidence"": []}, {""target_id"": ""PI"", ""target_type"": ""party"", ""target_name"": ""حزب الاستقلال"", ""label"": ""neutral"", ""label_ar"": ""محايد أو إخباري"", ""confidence"": ""medium"", ""positive_score"": 0, ""negative_score"": 0, ""mention_count"": 4, ""editorial_segment_count"": 1, ""reported_segment_count"": 3, ""evidence"": []}, {""target_id"": ""RNI"", ""target_type"": ""party"", ""target_name"": ""التجمع الوطني للأحرار"", ""label"": ""neutral"", ""label_ar"": ""محايد أو إخباري"", ""confidence"": ""medium"", ""positive_score"": 0, ""negative_score"": 0, ""mention_count"": 4, ""editorial_segment_count"": 3, ""reported_segment_count"": 1, ""evidence"": []}, {""target_id"": ""MP"", ""target_type"": ""party"", ""target_name"": ""الحركة الشعبية"", ""label"": ""neutral"", ""label_ar"": ""محايد أو إخباري"", ""confidence"": ""medium"", ""positive_score"": 0, ""negative_score"": 0, ""mention_count"": 2, ""editorial_segment_count"": 2, ""reported_segment_count"": 0, ""evidence"": []}, {""target_id"": ""PAM"", ""target_type"": ""party"", ""target_name"": ""حزب الأصالة والمعاصرة"", ""label"": ""neutral"", ""label_ar"": ""محايد أو إخباري"", ""confidence"": ""medium"", ""positive_score"": 0, ""negative_score"": 0, ""mention_count"": 3, ""editorial_segment_count"": 2, ""reported_segment_count"": 1, ""evidence"": []}, {""target_id"": ""PPS"", ""target_type"": ""party"", ""target_name"": ""حزب التقدم والاشتراكية"", ""label"": ""neutral"", ""label_ar"": ""محايد أو إخباري"", ""confidence"": ""medium"", ""positive_score"": 0, ""negative_score"": 0, ""mention_count"": 2, ""editorial_segment_count"": 2, ""reported_segment_count"": 0, ""evidence"": []}, {""target_id"": ""PJD"", ""target_type"": ""party"", ""target_name"": ""حزب العدالة والتنمية"", ""label"": ""neutral"", ""label_ar"": ""محايد أو إخباري"", ""confidence"": ""medium"", ""positive_score"": 0, ""negative_score"": 0, ""mention_count"": 4, ""editorial_segment_count"": 3, ""reported_segment_count"": 1, ""evidence"": []}, {""target_id"": ""FGD"", ""target_type"": ""party"", ""target_name"": ""فيدرالية اليسار الديمقراطي"", ""label"": ""neutral"", ""label_ar"": ""محايد أو إخباري"", ""confidence"": ""medium"", ""positive_score"": 0, ""negative_score"": 0, ""mention_count"": 2, ""editorial_segment_count"": 2, ""reported_segment_count"": 0, ""evidence"": []}, {""target_id"": ""MDS"", ""target_type"": ""party"", ""target_name"": ""الحركة الديمقراطية الاجتماعية"", ""label"": ""neutral"", ""label_ar"": ""محايد أو إخباري"", ""confidence"": ""medium"", ""positive_score"": 0, ""negative_score"": 0, ""mention_count"": 2, ""editorial_segment_count"": 2, ""reported_segment_count"": 0, ""evidence"": []}, {""target_id"": ""person_084"", ""target_type"": ""person"", ""target_name"": ""عبد الله غازي"", ""label"": ""neutral"", ""label_ar"": ""محايد أو إخباري"", ""confidence"": ""medium"", ""positive_score"": 0, ""negative_score"": 0, ""mention_count"": 2, ""editorial_segment_count"": 1, ""reported_segment_count"": 1, ""evidence"": []}]",evt_5a82d2d6684a,2026-09-03T04:37:21.739579+00:00
93d565c133482fd3,hespress,هسبريس,انتخابات 2026.. سباق نسائي على المقاعد الجهوية السبعة لسوس-ماسة,https://www.hespress.com/%D8%A7%D9%86%D8%AA%D8%AE%D8%A7%D8%A8%D8%A7%D8%AA-2026-%D8%B3%D8%A8%D8%A7%D9%82-%D9%86%D8%B3%D8%A7%D8%A6%D9%8A-%D8%B9%D9%84%D9%89-%D8%A7%D9%84%D9%85%D9%82%D8%A7%D8%B9%D8%AF-%D8%A7%D9%84%D8%AC%D9%87-1800407.html,هسبريس,2026-09-02,2026-09-03T11:19:48.594662+00:00,2026-09-03T11:19:48.594662+00:00,ar,تدخل الأحزاب السياسية غمار التنافس حول الدائرة الانتخابية الجهوية لسوس-ماسة، المخصص لها سبعة مقاعد من أصل 90، برسم الاستحقاقات التشريعية المقبلة، برهانات متباينة؛ إذ توجهت,516,"{""region"": ""سوس ماسة"", ""primary_provinces"": [""تارودانت"", ""طاطا""], ""primary_places"": [""تارودانت"", ""طاطا""], ""secondary_provinces"": [""أكادير إداوتنان"", ""إنزكان أيت ملول"", ""اشتوكة أيت باها""], ""secondary_places"": [""ماسة"", ""أكادير"", ""أيت ملول"", ""إنزكان""]}","{""primary"": [{""id"": ""RNI"", ""name"": ""التجمع الوطني للأحرار""}, {""id"": ""USFP"", ""name"": ""الاتحاد الاشتراكي للقوات الشعبية""}, {""id"": ""PAM"", ""name"": ""حزب الأصالة والمعاصرة""}, {""id"": ""PPS"", ""name"": ""حزب التقدم والاشتراكية""}, {""id"": ""PJD"", ""name"": ""حزب العدالة والتنمية""}, {""id"": ""UC"", ""name"": ""الاتحاد الدستوري""}, {""id"": ""PI"", ""name"": ""حزب الاستقلال""}], ""secondary"": [{""id"": ""MP"", ""name"": ""الحركة الشعبية""}]}","{""primary"": [{""id"": ""person_001"", ""name"": ""عزيز أخنوش"", ""tier"": ""priority""}], ""secondary"": [{""id"": ""person_066"", ""name"": ""السعدية نعمة"", ""tier"": ""secondary""}, {""id"": ""person_099"", ""name"": ""سناء عكي"", ""tier"": ""secondary""}, {""id"": ""person_048"", ""name"": ""سناء فوزي"", ""tier"": ""secondary""}]}","{""primary"": [{""id"": ""elections"", ""name"": ""الانتخابات والاقتراع"", ""hits"": [""انتخابات"", ""الاستحقاقات"", ""انتخابية"", ""اقتراع"", ""اللوائح الانتخابية""]}, {""id"": ""results_polls"", ""name"": ""النتائج والاستطلاعات الانتخابية"", ""hits"": [""المقاعد""]}, {""id"": ""candidacy_nomination"", ""name"": ""الترشح والتزكية"", ""hits"": [""ترشح"", ""تزكية"", ""دائرة انتخابية""]}, {""id"": ""alliances_conflicts"", ""name"": ""التحالفات والخلافات السياسية"", ""hits"": [""ائتلاف"", ""تحالف""]}], ""secondary"": []}","{""level"": ""strong"", ""geographic_score"": 4, ""political_score"": 7, ""decision_reason"": ""صلة جغرافية وسياسية قوية"", ""geographic_reasons"": [""إقليم رئيسي داخل سوس ماسة"", ""مدينة أو مكان رئيسي داخل سوس ماسة""], ""political_reasons"": [""أحزاب رئيسية: التجمع الوطني للأحرار, الاتحاد الاشتراكي للقوات الشعبية, حزب الأصالة والمعاصرة, حزب التقدم والاشتراكية"", ""شخصيات رئيسية: عزيز أخنوش"", ""مواضيع سياسية: الانتخابات والاقتراع, النتائج والاستطلاعات الانتخابية, الترشح والتزكية, التحالفات والخلافات السياسية""], ""accepted"": true}","[{""target_id"": ""RNI"", ""target_type"": ""party"", ""target_name"": ""التجمع الوطني للأحرار"", ""label"": ""neutral"", ""label_ar"": ""محايد أو إخباري"", ""confidence"": ""medium"", ""positive_score"": 0, ""negative_score"": 0, ""mention_count"": 3, ""editorial_segment_count"": 2, ""reported_segment_count"": 1, ""evidence"": []}, {""target_id"": ""USFP"", ""target_type"": ""party"", ""target_name"": ""الاتحاد الاشتراكي للقوات الشعبية"", ""label"": ""neutral"", ""label_ar"": ""محايد أو إخباري"", ""confidence"": ""medium"", ""positive_score"": 0, ""negative_score"": 0, ""mention_count"": 2, ""editorial_segment_count"": 2, ""reported_segment_count"": 0, ""evidence"": []}, {""target_id"": ""PAM"", ""target_type"": ""party"", ""target_name"": ""حزب الأصالة والمعاصرة"", ""label"": ""neutral"", ""label_ar"": ""محايد أو إخباري"", ""confidence"": ""medium"", ""positive_score"": 0, ""negative_score"": 0, ""mention_count"": 2, ""editorial_segment_count"": 2, ""reported_segment_count"": 0, ""evidence"": []}, {""target_id"": ""PPS"", ""target_type"": ""party"", ""target_name"": ""حزب التقدم والاشتراكية"", ""label"": ""neutral"", ""label_ar"": ""محايد أو إخباري"", ""confidence"": ""medium"", ""positive_score"": 0, ""negative_score"": 0, ""mention_count"": 2, ""editorial_segment_count"": 2, ""reported_segment_count"": 0, ""evidence"": []}, {""target_id"": ""PJD"", ""target_type"": ""party"", ""target_name"": ""حزب العدالة والتنمية"", ""label"": ""neutral"", ""label_ar"": ""محايد أو إخباري"", ""confidence"": ""medium"", ""positive_score"": 0, ""negative_score"": 0, ""mention_count"": 2, ""editorial_segment_count"": 2, ""reported_segment_count"": 0, ""evidence"": []}, {""target_id"": ""UC"", ""target_type"": ""party"", ""target_name"": ""الاتحاد الدستوري"", ""label"": ""neutral"", ""label_ar"": ""محايد أو إخباري"", ""confidence"": ""medium"", ""positive_score"": 0, ""negative_score"": 0, ""mention_count"": 2, ""editorial_segment_count"": 2, ""reported_segment_count"": 0, ""evidence"": []}, {""target_id"": ""PI"", ""target_type"": ""party"", ""target_name"": ""حزب الاستقلال"", ""label"": ""neutral"", ""label_ar"": ""محايد أو إخباري"", ""confidence"": ""medium"", ""positive_score"": 0, ""negative_score"": 0, ""mention_count"": 3, ""editorial_segment_count"": 2, ""reported_segment_count"": 1, ""evidence"": []}, {""target_id"": ""MP"", ""target_type"": ""party"", ""target_name"": ""الحركة الشعبية"", ""label"": ""neutral"", ""label_ar"": ""محايد أو إخباري"", ""confidence"": ""low"", ""positive_score"": 0, ""negative_score"": 0, ""mention_count"": 1, ""editorial_segment_count"": 1, ""reported_segment_count"": 0, ""evidence"": []}, {""target_id"": ""person_001"", ""target_type"": ""person"", ""target_name"": ""عزيز أخنوش"", ""label"": ""neutral"", ""label_ar"": ""محايد أو إخباري"", ""confidence"": ""low"", ""positive_score"": 0, ""negative_score"": 0, ""mention_count"": 1, ""editorial_segment_count"": 1, ""reported_segment_count"": 0, ""evidence"": []}, {""target_id"": ""person_066"", ""target_type"": ""person"", ""target_name"": ""السعدية نعمة"", ""label"": ""neutral"", ""label_ar"": ""محايد أو إخباري"", ""confidence"": ""low"", ""positive_score"": 0, ""negative_score"": 0, ""mention_count"": 1, ""editorial_segment_count"": 1, ""reported_segment_count"": 0, ""evidence"": []}, {""target_id"": ""person_099"", ""target_type"": ""person"", ""target_name"": ""سناء عكي"", ""label"": ""neutral"", ""label_ar"": ""محايد أو إخباري"", ""confidence"": ""low"", ""positive_score"": 0, ""negative_score"": 0, ""mention_count"": 1, ""editorial_segment_count"": 1, ""reported_segment_count"": 0, ""evidence"": []}, {""target_id"": ""person_048"", ""target_type"": ""person"", ""target_name"": ""سناء فوزي"", ""label"": ""neutral"", ""label_ar"": ""محايد أو إخباري"", ""confidence"": ""low"", ""positive_score"": 0, ""negative_score"": 0, ""mention_count"": 1, ""editorial_segment_count"": 1, ""reported_segment_count"": 0, ""evidence"": []}]",evt_93d565c13348,2026-09-03T11:19:48.594662+00:00
9e844e908b1fbe0d,agadirino,أكاديرينو,"أشنكلي وحافيدي يزوران مقر ""الأحرار"" بأولاد برحيل لتطوير العمل التنظيمي بتارودانت الشمالية - agadirino.ma",https://agadirino.ma/2026/09/03/%D8%A3%D8%B4%D9%86%D9%83%D9%84%D9%8A-%D9%88%D8%AD%D8%A7%D9%81%D9%8A%D8%AF%D9%8A-%D9%8A%D8%B2%D9%88%D8%B1%D8%A7%D9%86-%D9%85%D9%82%D8%B1-%D8%A7%D9%84%D8%A3%D8%AD%D8%B1%D8%A7%D8%B1-%D8%A8%D8%A3,Driss Driss,2026-09-02,2026-09-03T16:28:43.646405+00:00,2026-09-03T16:28:43.646405+00:00,ar,قام كريم أشنكلي، المنسق الجهوي لحزب التجمع الوطني للأحرار بجهة سوس ماسة، رفقة إبراهيم حافيدي، الرئيس السابق للجهة، بزيارة إلى مقر الحزب بمدينة أولاد برحيل،,135,"{""region"": ""سوس ماسة"", ""primary_provinces"": [""تارودانت""], ""primary_places"": [""أولاد برحيل"", ""تارودانت""], ""secondary_provinces"": [""اشتوكة أيت باها""], ""secondary_places"": [""ماسة""]}","{""primary"": [{""id"": ""RNI"", ""name"": ""التجمع الوطني للأحرار""}], ""secondary"": []}","{""primary"": [{""id"": ""person_010"", ""name"": ""إبراهيم حافيدي"", ""tier"": ""priority""}, {""id"": ""person_003"", ""name"": ""كريم أشنكلي"", ""tier"": ""priority""}, {""id"": ""person_006"", ""name"": ""لحسن السعدي"", ""tier"": ""priority""}], ""secondary"": []}","{""primary"": [], ""secondary"": []}","{""level"": ""medium"", ""geographic_score"": 4, ""political_score"": 3, ""decision_reason"": ""صلة جغرافية وسياسية مقبولة"", ""geographic_reasons"": [""إقليم رئيسي داخل سوس ماسة"", ""مدينة أو مكان رئيسي داخل سوس ماسة""], ""political_reasons"": [""أحزاب رئيسية: التجمع الوطني للأحرار"", ""شخصيات رئيسية: إبراهيم حافيدي, كريم أشنكلي, لحسن السعدي""], ""accepted"": true}","[{""target_id"": ""RNI"", ""target_type"": ""party"", ""target_name"": ""التجمع الوطني للأحرار"", ""label"": ""neutral"", ""label_ar"": ""محايد أو إخباري"", ""confidence"": ""medium"", ""positive_score"": 0, ""negative_score"": 0, ""mention_count"": 3, ""editorial_segment_count"": 3, ""reported_segment_count"": 0, ""evidence"": []}, {""target_id"": ""person_010"", ""target_type"": ""person"", ""target_name"": ""إبراهيم حافيدي"", ""label"": ""neutral"", ""label_ar"": ""محايد أو إخباري"", ""confidence"": ""low"", ""positive_score"": 0, ""negative_score"": 0, ""mention_count"": 1, ""editorial_segment_count"": 1, ""reported_segment_count"": 0, ""evidence"": []}, {""target_id"": ""person_003"", ""target_type"": ""person"", ""target_name"": ""كريم أشنكلي"", ""label"": ""neutral"", ""label_ar"": ""محايد أو إخباري"", ""confidence"": ""low"", ""positive_score"": 0, ""negative_score"": 0, ""mention_count"": 1, ""editorial_segment_count"": 1, ""reported_segment_count"": 0, ""evidence"": []}, {""target_id"": ""person_006"", ""target_type"": ""person"", ""target_name"": ""لحسن السعدي"", ""label"": ""neutral"", ""label_ar"": ""محايد أو إخباري"", ""confidence"": ""low"", ""positive_score"": 0, ""negative_score"": 0, ""mention_count"": 1, ""editorial_segment_count"": 1, ""reported_segment_count"": 0, ""evidence"": []}]",evt_9e844e908b1f,2026-09-03T16:28:43.646405+00:00
de117c16a7ddc1bf,al3omk,العمق المغربي,زكية الدريوش تودع ترشيحها وكيلة للائحة الجهوية لحزب الأحرار بسوس ماسة,https://al3omk.com/1184806.html,العمق المغربي,2026-09-02,2026-09-03T16:28:43.646405+00:00,2026-09-03T16:28:43.646405+00:00,ar,أودعت زكية الدريوش، كاتبة الدولة المكلفة بالصيد البحري وعضو المكتب السياسي للحزب، أمس الأربعاء، ملف ترشيحها وكيلة للائحة الجهوية لحزب الأحرار بجهة سوس ماسة برسم,135,"{""region"": ""سوس ماسة"", ""primary_provinces"": [""أكادير إداوتنان"", ""اشتوكة أيت باها""], ""primary_places"": [""ماسة""], ""secondary_provinces"": [], ""secondary_places"": [""أكادير""]}","{""primary"": [{""id"": ""RNI"", ""name"": ""التجمع الوطني للأحرار""}], ""secondary"": []}","{""primary"": [], ""secondary"": []}","{""primary"": [{""id"": ""candidacy_nomination"", ""name"": ""الترشح والتزكية"", ""hits"": [""ترشيحها"", ""ترشحها""]}, {""id"": ""elections"", ""name"": ""الانتخابات والاقتراع"", ""hits"": [""الاستحقاقات الانتخابية"", ""الاستحقاقات""]}], ""secondary"": []}","{""level"": ""strong"", ""geographic_score"": 4, ""political_score"": 6, ""decision_reason"": ""صلة جغرافية وسياسية قوية"", ""geographic_reasons"": [""إقليم رئيسي داخل سوس ماسة"", ""مدينة أو مكان رئيسي داخل سوس ماسة""], ""political_reasons"": [""أحزاب رئيسية: التجمع الوطني للأحرار"", ""مواضيع سياسية: الترشح والتزكية, الانتخابات والاقتراع""], ""accepted"": true}","[{""target_id"": ""RNI"", ""target_type"": ""party"", ""target_name"": ""التجمع الوطني للأحرار"", ""label"": ""neutral"", ""label_ar"": ""محايد أو إخباري"", ""confidence"": ""medium"", ""positive_score"": 0, ""negative_score"": 0, ""mention_count"": 3, ""editorial_segment_count"": 2, ""reported_segment_count"": 1, ""evidence"": []}]",evt_de117c16a7dd,2026-09-03T16:28:43.646405+00:00
2c35e0e011b479d9,le360,Le360,Législatives: seules 33 femmes à la tête des listes locales,https://fr.le360.ma/politique/legislatives-seules-33-femmes-a-la-tete-des-listes-locales_2U6XHZNXGFCC5JUVOIFOURFJEQ,Hassan Benadad,2026-09-02,2026-09-03T21:05:19.089264+00:00,2026-09-03T21:05:19.089264+00:00,fr,"À l’approche des élections législatives du 23 septembre prochain, les formations politiques ont procédé à la désignation de 33 femmes à la tête de leurs",393,"{""region"": ""سوس ماسة"", ""primary_provinces"": [""تارودانت"", ""تزنيت""], ""primary_places"": [""تارودانت"", ""تزنيت""], ""secondary_provinces"": [""أكادير إداوتنان""], ""secondary_places"": [""أكادير""]}","{""primary"": [{""id"": ""PSU"", ""name"": ""الحزب الاشتراكي الموحد""}, {""id"": ""PAM"", ""name"": ""حزب الأصالة والمعاصرة""}, {""id"": ""FGD"", ""name"": ""فيدرالية اليسار الديمقراطي""}], ""secondary"": [{""id"": ""USFP"", ""name"": ""الاتحاد الاشتراكي للقوات الشعبية""}, {""id"": ""RNI"", ""name"": ""التجمع الوطني للأحرار""}, {""id"": ""MP"", ""name"": ""الحركة الشعبية""}, {""id"": ""PI"", ""name"": ""حزب الاستقلال""}, {""id"": ""PPS"", ""name"": ""حزب التقدم والاشتراكية""}]}","{""primary"": [], ""secondary"": [{""id"": ""person_026"", ""name"": ""نبيلة منيب"", ""tier"": ""priority""}]}","{""primary"": [{""id"": ""elections"", ""name"": ""الانتخابات والاقتراع"", ""hits"": [""législatives"", ""élections""]}], ""secondary"": [{""id"": ""candidacy_nomination"", ""name"": ""الترشح والتزكية"", ""hits"": [""candidate"", ""candidates""]}, {""id"": ""results_polls"", ""name"": ""النتائج والاستطلاعات الانتخابية"", ""hits"": [""sièges""]}, {""id"": ""party_activity"", ""name"": ""الأنشطة والتنظيمات الحزبية"", ""hits"": [""conseil national""]}, {""id"": ""alliances_conflicts"", ""name"": ""التحالفات والخلافات السياسية"", ""hits"": [""alliance""]}]}","{""level"": ""strong"", ""geographic_score"": 4, ""political_score"": 5, ""decision_reason"": ""صلة جغرافية وسياسية قوية"", ""geographic_reasons"": [""إقليم رئيسي داخل سوس ماسة"", ""مدينة أو مكان رئيسي داخل سوس ماسة""], ""political_reasons"": [""أحزاب رئيسية: الحزب الاشتراكي الموحد, حزب الأصالة والمعاصرة, فيدرالية اليسار الديمقراطي"", ""مواضيع سياسية: الانتخابات والاقتراع""], ""accepted"": true}","[{""target_id"": ""PSU"", ""target_type"": ""party"", ""target_name"": ""الحزب الاشتراكي الموحد"", ""label"": ""neutral"", ""label_ar"": ""محايد أو إخباري"", ""confidence"": ""low"", ""positive_score"": 0, ""negative_score"": 0, ""mention_count"": 1, ""editorial_segment_count"": 1, ""reported_segment_count"": 0, ""evidence"": []}, {""target_id"": ""PAM"", ""target_type"": ""party"", ""target_name"": ""حزب الأصالة والمعاصرة"", ""label"": ""neutral"", ""label_ar"": ""محايد أو إخباري"", ""confidence"": ""medium"", ""positive_score"": 0, ""negative_score"": 0, ""mention_count"": 2, ""editorial_segment_count"": 2, ""reported_segment_count"": 0, ""evidence"": []}, {""target_id"": ""FGD"", ""target_type"": ""party"", ""target_name"": ""فيدرالية اليسار الديمقراطي"", ""label"": ""neutral"", ""label_ar"": ""محايد أو إخباري"", ""confidence"": ""low"", ""positive_score"": 0, ""negative_score"": 0, ""mention_count"": 1, ""editorial_segment_count"": 1, ""reported_segment_count"": 0, ""evidence"": []}, {""target_id"": ""USFP"", ""target_type"": ""party"", ""target_name"": ""الاتحاد الاشتراكي للقوات الشعبية"", ""label"": ""neutral"", ""label_ar"": ""محايد أو إخباري"", ""confidence"": ""low"", ""positive_score"": 0, ""negative_score"": 0, ""mention_count"": 1, ""editorial_segment_count"": 1, ""reported_segment_count"": 0, ""evidence"": []}, {""target_id"": ""RNI"", ""target_type"": ""party"", ""target_name"": ""التجمع الوطني للأحرار"", ""label"": ""neutral"", ""label_ar"": ""محايد أو إخباري"", ""confidence"": ""medium"", ""positive_score"": 0, ""negative_score"": 0, ""mention_count"": 2, ""editorial_segment_count"": 2, ""reported_segment_count"": 0, ""evidence"": []}, {""target_id"": ""MP"", ""target_type"": ""party"", ""target_name"": ""الحركة الشعبية"", ""label"": ""neutral"", ""label_ar"": ""محايد أو إخباري"", ""confidence"": ""low"", ""positive_score"": 0, ""negative_score"": 0, ""mention_count"": 1, ""editorial_segment_count"": 1, ""reported_segment_count"": 0, ""evidence"": []}, {""target_id"": ""PI"", ""target_type"": ""party"", ""target_name"": ""حزب الاستقلال"", ""label"": ""neutral"", ""label_ar"": ""محايد أو إخباري"", ""confidence"": ""low"", ""positive_score"": 0, ""negative_score"": 0, ""mention_count"": 1, ""editorial_segment_count"": 1, ""reported_segment_count"": 0, ""evidence"": []}, {""target_id"": ""PPS"", ""target_type"": ""party"", ""target_name"": ""حزب التقدم والاشتراكية"", ""label"": ""neutral"", ""label_ar"": ""محايد أو إخباري"", ""confidence"": ""medium"", ""positive_score"": 0, ""negative_score"": 0, ""mention_count"": 2, ""editorial_segment_count"": 2, ""reported_segment_count"": 0, ""evidence"": []}, {""target_id"": ""person_026"", ""target_type"": ""person"", ""target_name"": ""نبيلة منيب"", ""label"": ""neutral"", ""label_ar"": ""محايد أو إخباري"", ""confidence"": ""low"", ""positive_score"": 0, ""negative_score"": 0, ""mention_count"": 1, ""editorial_segment_count"": 1, ""reported_segment_count"": 0, ""evidence"": []}]",evt_2c35e0e011b4,2026-09-03T21:05:19.089264+00:00
e66ac1e3187acf9d,agadirino,أكاديرينو,أخنوش وشوكي وقيادات «الأحرار» في ضيافة عمر أمين بإنزكان أيت ملول (صور) - agadirino.ma,https://agadirino.ma/2026/09/02/%D8%A3%D8%AE%D9%86%D9%88%D8%B4-%D9%88%D8%B4%D9%88%D9%83%D9%8A-%D9%88%D9%82%D9%8A%D8%A7%D8%AF%D8%A7%D8%AA-%D8%A7%D9%84%D8%A3%D8%AD%D8%B1%D8%A7%D8%B1-%D9%81%D9%8A-%D8%B6%D9%8A%D8%A7%D9%81%D8%A9-%D8%B9,Driss Driss,2026-09-01,2026-09-02T11:23:48.504504+00:00,2026-09-02T11:23:48.504504+00:00,ar,حلّ عزيز أخنوش، إلى جانب محمد شوكي، رئيس حزب التجمع الوطني للأحرار، وعدد من أعضاء المكتب السياسي للحزب، ضيوفاً على عمر أمين بإقليم إنزكان أيت,201,"{""region"": ""سوس ماسة"", ""primary_provinces"": [""إنزكان أيت ملول""], ""primary_places"": [""أيت ملول"", ""إنزكان""], ""secondary_provinces"": [""اشتوكة أيت باها""], ""secondary_places"": [""ماسة""]}","{""primary"": [{""id"": ""RNI"", ""name"": ""التجمع الوطني للأحرار""}], ""secondary"": []}","{""primary"": [{""id"": ""person_001"", ""name"": ""عزيز أخنوش"", ""tier"": ""priority""}, {""id"": ""person_052"", ""name"": ""عمر أمين"", ""tier"": ""secondary""}, {""id"": ""person_003"", ""name"": ""كريم أشنكلي"", ""tier"": ""priority""}], ""secondary"": []}","{""primary"": [], ""secondary"": [{""id"": ""elections"", ""name"": ""الانتخابات والاقتراع"", ""hits"": [""استحقاقات""]}]}","{""level"": ""medium"", ""geographic_score"": 4, ""political_score"": 3, ""decision_reason"": ""صلة جغرافية وسياسية مقبولة"", ""geographic_reasons"": [""إقليم رئيسي داخل سوس ماسة"", ""مدينة أو مكان رئيسي داخل سوس ماسة""], ""political_reasons"": [""أحزاب رئيسية: التجمع الوطني للأحرار"", ""شخصيات رئيسية: عزيز أخنوش, عمر أمين, كريم أشنكلي""], ""accepted"": true}","[{""target_id"": ""RNI"", ""target_type"": ""party"", ""target_name"": ""التجمع الوطني للأحرار"", ""label"": ""neutral"", ""label_ar"": ""محايد أو إخباري"", ""confidence"": ""medium"", ""positive_score"": 0, ""negative_score"": 0, ""mention_count"": 5, ""editorial_segment_count"": 4, ""reported_segment_count"": 1, ""evidence"": []}, {""target_id"": ""person_001"", ""target_type"": ""person"", ""target_name"": ""عزيز أخنوش"", ""label"": ""neutral"", ""label_ar"": ""محايد أو إخباري"", ""confidence"": ""medium"", ""positive_score"": 0, ""negative_score"": 0, ""mention_count"": 3, ""editorial_segment_count"": 2, ""reported_segment_count"": 1, ""evidence"": []}, {""target_id"": ""person_052"", ""target_type"": ""person"", ""target_name"": ""عمر أمين"", ""label"": ""neutral"", ""label_ar"": ""محايد أو إخباري"", ""confidence"": ""medium"", ""positive_score"": 0, ""negative_score"": 0, ""mention_count"": 3, ""editorial_segment_count"": 3, ""reported_segment_count"": 0, ""evidence"": []}, {""target_id"": ""person_003"", ""target_type"": ""person"", ""target_name"": ""كريم أشنكلي"", ""label"": ""neutral"", ""label_ar"": ""محايد أو إخباري"", ""confidence"": ""medium"", ""positive_score"": 0, ""negative_score"": 0, ""mention_count"": 2, ""editorial_segment_count"": 1, ""reported_segment_count"": 1, ""evidence"": []}]",evt_e66ac1e3187a,2026-09-02T11:23:48.504504+00:00
3734d8d0c0d07d16,hespress,هسبريس,انتخابات 2026 .. منافسون يطمحون إلى قلب خريطة تارودانت الجنوبية,https://www.hespress.com/%D8%A7%D9%86%D8%AA%D8%AE%D8%A7%D8%A8%D8%A7%D8%AA-2026-%D9%85%D9%86%D8%A7%D9%81%D8%B3%D9%88%D9%86-%D9%8A%D8%B7%D9%85%D8%AD%D9%88%D9%86-%D8%A5%D9%84%D9%89-%D9%82%D9%84%D8%A8-%D8%AE%D8%B1%D9%8A%D8%B7-1800600.html,هسبريس,2026-09-01,2026-09-02T16:37:53.139744+00:00,2026-09-02T16:37:53.139744+00:00,ar,لا يُرتقب أن تخفت حدة المنافسة على المقاعد الأربعة بمجلس النواب المخصصة لدائرة تارودانت الجنوبية خلال الانتخابات التشريعية المقبلة، فهذه الدائرة الانتخابية البارزة في منطقة,733,"{""region"": ""سوس ماسة"", ""primary_provinces"": [""تارودانت""], ""primary_places"": [""تارودانت""], ""secondary_provinces"": [], ""secondary_places"": []}","{""primary"": [{""id"": ""RNI"", ""name"": ""التجمع الوطني للأحرار""}, {""id"": ""PAM"", ""name"": ""حزب الأصالة والمعاصرة""}, {""id"": ""PJD"", ""name"": ""حزب العدالة والتنمية""}, {""id"": ""PI"", ""name"": ""حزب الاستقلال""}, {""id"": ""USFP"", ""name"": ""الاتحاد الاشتراكي للقوات الشعبية""}, {""id"": ""MP"", ""name"": ""الحركة الشعبية""}, {""id"": ""PSU"", ""name"": ""الحزب الاشتراكي الموحد""}, {""id"": ""PPS"", ""name"": ""حزب التقدم والاشتراكية""}, {""id"": ""PND"", ""name"": ""حزب الديمقراطيين الجدد""}, {""id"": ""FGD"", ""name"": ""فيدرالية اليسار الديمقراطي""}], ""secondary"": []}","{""primary"": [], ""secondary"": [{""id"": ""person_004"", ""name"": ""عبد الصمد قيوح"", ""tier"": ""priority""}, {""id"": ""person_073"", ""name"": ""إبراهيم أجنين"", ""tier"": ""secondary""}, {""id"": ""person_077"", ""name"": ""محمد أوريش"", ""tier"": ""secondary""}, {""id"": ""person_101"", ""name"": ""محمد معايط"", ""tier"": ""manual_unverified""}]}","{""primary"": [{""id"": ""elections"", ""name"": ""الانتخابات والاقتراع"", ""hits"": [""انتخابات"", ""انتخابية""]}, {""id"": ""results_polls"", ""name"": ""النتائج والاستطلاعات الانتخابية"", ""hits"": [""المقاعد""]}], ""secondary"": [{""id"": ""candidacy_nomination"", ""name"": ""الترشح والتزكية"", ""hits"": [""مرشح""]}, {""id"": ""alliances_conflicts"", ""name"": ""التحالفات والخلافات السياسية"", ""hits"": [""تحالف""]}, {""id"": ""political_statements"", ""name"": ""التصريحات والمواقف السياسية"", ""hits"": [""أكد""]}]}","{""level"": ""strong"", ""geographic_score"": 4, ""political_score"": 6, ""decision_reason"": ""صلة جغرافية وسياسية قوية"", ""geographic_reasons"": [""إقليم رئيسي داخل سوس ماسة"", ""مدينة أو مكان رئيسي داخل سوس ماسة""], ""political_reasons"": [""أحزاب رئيسية: التجمع الوطني للأحرار, حزب الأصالة والمعاصرة, حزب العدالة والتنمية, حزب الاستقلال"", ""مواضيع سياسية: الانتخابات والاقتراع, النتائج والاستطلاعات الانتخابية""], ""accepted"": true}","[{""target_id"": ""RNI"", ""target_type"": ""party"", ""target_name"": ""التجمع الوطني للأحرار"", ""label"": ""neutral"", ""label_ar"": ""محايد أو إخباري"", ""confidence"": ""medium"", ""positive_score"": 0, ""negative_score"": 0, ""mention_count"": 5, ""editorial_segment_count"": 2, ""reported_segment_count"": 3, ""evidence"": []}, {""target_id"": ""PAM"", ""target_type"": ""party"", ""target_name"": ""حزب الأصالة والمعاصرة"", ""label"": ""neutral"", ""label_ar"": ""محايد أو إخباري"", ""confidence"": ""medium"", ""positive_score"": 0, ""negative_score"": 0, ""mention_count"": 5, ""editorial_segment_count"": 2, ""reported_segment_count"": 3, ""evidence"": []}, {""target_id"": ""PJD"", ""target_type"": ""party"", ""target_name"": ""حزب العدالة والتنمية"", ""label"": ""unclear"", ""label_ar"": ""غير واضح"", ""confidence"": ""low"", ""positive_score"": 0, ""negative_score"": 1, ""mention_count"": 6, ""editorial_segment_count"": 2, ""reported_segment_count"": 4, ""evidence"": [""تراجع""]}, {""target_id"": ""PI"", ""target_type"": ""party"", ""target_name"": ""حزب الاستقلال"", ""label"": ""unclear"", ""label_ar"": ""غير واضح"", ""confidence"": ""low"", ""positive_score"": 1, ""negative_score"": 0, ""mention_count"": 4, ""editorial_segment_count"": 2, ""reported_segment_count"": 2, ""evidence"": [""نجح""]}, {""target_id"": ""USFP"", ""target_type"": ""party"", ""target_name"": ""الاتحاد الاشتراكي للقوات الشعبية"", ""label"": ""neutral"", ""label_ar"": ""محايد أو إخباري"", ""confidence"": ""medium"", ""positive_score"": 0, ""negative_score"": 0, ""mention_count"": 3, ""editorial_segment_count"": 3, ""reported_segment_count"": 0, ""evidence"": []}, {""target_id"": ""MP"", ""target_type"": ""party"", ""target_name"": ""الحركة الشعبية"", ""label"": ""neutral"", ""label_ar"": ""محايد أو إخباري"", ""confidence"": ""medium"", ""positive_score"": 0, ""negative_score"": 0, ""mention_count"": 3, ""editorial_segment_count"": 3, ""reported_segment_count"": 0, ""evidence"": []}, {""target_id"": ""PSU"", ""target_type"": ""party"", ""target_name"": ""الحزب الاشتراكي الموحد"", ""label"": ""neutral"", ""label_ar"": ""محايد أو إخباري"", ""confidence"": ""low"", ""positive_score"": 0, ""negative_score"": 0, ""mention_count"": 1, ""editorial_segment_count"": 1, ""reported_segment_count"": 0, ""evidence"": []}, {""target_id"": ""PPS"", ""target_type"": ""party"", ""target_name"": ""حزب التقدم والاشتراكية"", ""label"": ""neutral"", ""label_ar"": ""محايد أو إخباري"", ""confidence"": ""low"", ""positive_score"": 0, ""negative_score"": 0, ""mention_count"": 1, ""editorial_segment_count"": 1, ""reported_segment_count"": 0, ""evidence"": []}, {""target_id"": ""PND"", ""target_type"": ""party"", ""target_name"": ""حزب الديمقراطيين الجدد"", ""label"": ""neutral"", ""label_ar"": ""محايد أو إخباري"", ""confidence"": ""low"", ""positive_score"": 0, ""negative_score"": 0, ""mention_count"": 1, ""editorial_segment_count"": 1, ""reported_segment_count"": 0, ""evidence"": []}, {""target_id"": ""FGD"", ""target_type"": ""party"", ""target_name"": ""فيدرالية اليسار الديمقراطي"", ""label"": ""neutral"", ""label_ar"": ""محايد أو إخباري"", ""confidence"": ""low"", ""positive_score"": 0, ""negative_score"": 0, ""mention_count"": 1, ""editorial_segment_count"": 1, ""reported_segment_count"": 0, ""evidence"": []}, {""target_id"": ""person_004"", ""target_type"": ""person"", ""target_name"": ""عبد الصمد قيوح"", ""label"": ""unclear"", ""label_ar"": ""غير واضح"", ""confidence"": ""low"", ""positive_score"": 1, ""negative_score"": 0, ""mention_count"": 2, ""editorial_segment_count"": 1, ""reported_segment_count"": 1, ""evidence"": [""نجح""]}, {""target_id"": ""person_073"", ""target_type"": ""person"", ""target_name"": ""إبراهيم أجنين"", ""label"": ""neutral"", ""label_ar"": ""محايد أو إخباري"", ""confidence"": ""low"", ""positive_score"": 0, ""negative_score"": 0, ""mention_count"": 1, ""editorial_segment_count"": 0, ""reported_segment_count"": 1, ""evidence"": []}, {""target_id"": ""person_077"", ""target_type"": ""person"", ""target_name"": ""محمد أوريش"", ""label"": ""neutral"", ""label_ar"": ""محايد أو إخباري"", ""confidence"": ""low"", ""positive_score"": 0, ""negative_score"": 0, ""mention_count"": 1, ""editorial_segment_count"": 0, ""reported_segment_count"": 1, ""evidence"": []}, {""target_id"": ""person_101"", ""target_type"": ""person"", ""target_name"": ""محمد معايط"", ""label"": ""neutral"", ""label_ar"": ""محايد أو إخباري"", ""confidence"": ""low"", ""positive_score"": 0, ""negative_score"": 0, ""mention_count"": 1, ""editorial_segment_count"": 1, ""reported_segment_count"": 0, ""evidence"": []}]",evt_3734d8d0c0d0,2026-09-02T16:37:53.139744+00:00
d5ee24d8dd1bf347,le360,Le360,انتقادات تلاحق وزراء مرشحين,https://ar.le360.ma/politique/2S5B2PWSRVE3VGSJAQ3DCNUL5A,امحند أوبركة,2026-09-01,2026-09-03T21:05:19.089264+00:00,2026-09-03T21:05:19.089264+00:00,ar,وأوردت يومية «الصباح»، على صفحتها الأولى في عددها ليوم الخميس 3 شتنبر 2026، أن الكتاب العامين للوزراء المرشحين يتأهبون للقيام بمهام إدارية، والتوقيع على القرارات,397,"{""region"": ""سوس ماسة"", ""primary_provinces"": [""تارودانت""], ""primary_places"": [""تارودانت""], ""secondary_provinces"": [], ""secondary_places"": []}","{""primary"": [], ""secondary"": []}","{""primary"": [], ""secondary"": [{""id"": ""person_002"", ""name"": ""عبد اللطيف وهبي"", ""tier"": ""priority""}, {""id"": ""person_023"", ""name"": ""فاطمة الزهراء المنصوري"", ""tier"": ""priority""}, {""id"": ""person_019"", ""name"": ""نزار بركة"", ""tier"": ""priority""}]}","{""primary"": [{""id"": ""elections"", ""name"": ""الانتخابات والاقتراع"", ""hits"": [""انتخابية"", ""الاستحقاقات الانتخابية"", ""الاستحقاقات""]}], ""secondary"": [{""id"": ""candidacy_nomination"", ""name"": ""الترشح والتزكية"", ""hits"": [""الترشح"", ""ترشحه""]}, {""id"": ""political_statements"", ""name"": ""التصريحات والمواقف السياسية"", ""hits"": [""أكد""]}, {""id"": ""government_politics"", ""name"": ""السياسات والحصيلة الحكومية"", ""hits"": [""رئيس الحكومة""]}]}","{""level"": ""medium"", ""geographic_score"": 4, ""political_score"": 3, ""decision_reason"": ""صلة جغرافية وسياسية مقبولة"", ""geographic_reasons"": [""إقليم رئيسي داخل سوس ماسة"", ""مدينة أو مكان رئيسي داخل سوس ماسة""], ""political_reasons"": [""مواضيع سياسية: الانتخابات والاقتراع""], ""accepted"": true}","[{""target_id"": ""person_002"", ""target_type"": ""person"", ""target_name"": ""عبد اللطيف وهبي"", ""label"": ""neutral"", ""label_ar"": ""محايد أو إخباري"", ""confidence"": ""low"", ""positive_score"": 0, ""negative_score"": 0, ""mention_count"": 1, ""editorial_segment_count"": 1, ""reported_segment_count"": 0, ""evidence"": []}, {""target_id"": ""person_023"", ""target_type"": ""person"", ""target_name"": ""فاطمة الزهراء المنصوري"", ""label"": ""neutral"", ""label_ar"": ""محايد أو إخباري"", ""confidence"": ""low"", ""positive_score"": 0, ""negative_score"": 0, ""mention_count"": 1, ""editorial_segment_count"": 1, ""reported_segment_count"": 0, ""evidence"": []}, {""target_id"": ""person_019"", ""target_type"": ""person"", ""target_name"": ""نزار بركة"", ""label"": ""neutral"", ""label_ar"": ""محايد أو إخباري"", ""confidence"": ""low"", ""positive_score"": 0, ""negative_score"": 0, ""mention_count"": 1, ""editorial_segment_count"": 1, ""reported_segment_count"": 0, ""evidence"": []}]",evt_d5ee24d8dd1b,2026-09-03T21:05:19.089264+00:00
ec5a57a3f87d732e,hespress,هسبريس,61 دائرة انتخابية دون قيادة نسائية,https://www.hespress.com/61-%D8%AF%D8%A7%D8%A6%D8%B1%D8%A9-%D8%A7%D9%86%D8%AA%D8%AE%D8%A7%D8%A8%D9%8A%D8%A9-%D8%AF%D9%88%D9%86-%D9%82%D9%8A%D8%A7%D8%AF%D8%A9-%D9%86%D8%B3%D8%A7%D8%A6%D9%8A%D8%A9-1800031.html,هسبريس,2026-08-31,2026-09-01T05:14:57.768808+00:00,2026-09-01T05:14:57.768808+00:00,ar,كشفت جمعية التحدي للمساواة والمواطنة عن محدودية حضور النساء على رأس اللوائح الانتخابية المحلية، مع انطلاق فترة إيداع الترشيحات الخاصة بانتخاب أعضاء مجلس النواب المقرر,533,"{""region"": ""سوس ماسة"", ""primary_provinces"": [""اشتوكة أيت باها""], ""primary_places"": [""ماسة""], ""secondary_provinces"": [], ""secondary_places"": []}","{""primary"": [], ""secondary"": []}","{""primary"": [], ""secondary"": []}","{""primary"": [{""id"": ""elections"", ""name"": ""الانتخابات والاقتراع"", ""hits"": [""انتخابية"", ""اللوائح الانتخابية"", ""الاستحقاقات الانتخابية"", ""الاستحقاقات"", ""استحقاقات""]}, {""id"": ""candidacy_nomination"", ""name"": ""الترشح والتزكية"", ""hits"": [""دائرة انتخابية""]}], ""secondary"": [{""id"": ""political_statements"", ""name"": ""التصريحات والمواقف السياسية"", ""hits"": [""بيان""]}]}","{""level"": ""strong"", ""geographic_score"": 4, ""political_score"": 4, ""decision_reason"": ""صلة جغرافية وسياسية قوية"", ""geographic_reasons"": [""إقليم رئيسي داخل سوس ماسة"", ""مدينة أو مكان رئيسي داخل سوس ماسة""], ""political_reasons"": [""مواضيع سياسية: الانتخابات والاقتراع, الترشح والتزكية""], ""accepted"": true}",[],evt_ec5a57a3f87d,2026-09-01T05:14:57.768808+00:00
f1ca02144fa234ce,agadir24,أكادير24,تيزنيت.. خديجة أروهال تقود لائحة «الكتاب» وعبد الكريم بن علي وصيفاً | agadir24.info,https://agadir24.info/%D8%AA%D9%8A%D8%B2%D9%86%D9%8A%D8%AA-%D8%AE%D8%AF%D9%8A%D8%AC%D8%A9-%D8%A3%D8%B1%D9%88%D9%87%D8%A7%D9%84-%D8%AA%D9%82%D9%88%D8%AF-%D9%84%D8%A7%D8%A6%D8%AD%D8%A9-%D8%A7%D9%84%D9%83%D8%AA%D8%A7.html,عبدالله بن عيسى,2026-08-31,2026-09-01T11:43:10.630457+00:00,2026-09-01T11:43:10.630457+00:00,ar,أكدت خديجة أروهال، في اتصال هاتفي مع أكادير24، أنها أودعت ملف ترشيحها وكيلةً للائحة حزب التقدم والاشتراكية «الكتاب» بدائرة تيزنيت، استعداداً لخوض الانتخابات التشريعية المقرر,143,"{""region"": ""سوس ماسة"", ""primary_provinces"": [""تزنيت""], ""primary_places"": [""أكلو""], ""secondary_provinces"": [], ""secondary_places"": []}","{""primary"": [{""id"": ""PPS"", ""name"": ""حزب التقدم والاشتراكية""}], ""secondary"": []}","{""primary"": [], ""secondary"": []}","{""primary"": [{""id"": ""candidacy_nomination"", ""name"": ""الترشح والتزكية"", ""hits"": [""وكيل اللائحة"", ""ترشيحها""]}, {""id"": ""elections"", ""name"": ""الانتخابات والاقتراع"", ""hits"": [""انتخابية"", ""انتخابات""]}], ""secondary"": []}","{""level"": ""strong"", ""geographic_score"": 4, ""political_score"": 6, ""decision_reason"": ""صلة جغرافية وسياسية قوية"", ""geographic_reasons"": [""إقليم رئيسي داخل سوس ماسة"", ""مدينة أو مكان رئيسي داخل سوس ماسة""], ""political_reasons"": [""أحزاب رئيسية: حزب التقدم والاشتراكية"", ""مواضيع سياسية: الترشح والتزكية, الانتخابات والاقتراع""], ""accepted"": true}","[{""target_id"": ""PPS"", ""target_type"": ""party"", ""target_name"": ""حزب التقدم والاشتراكية"", ""label"": ""neutral"", ""label_ar"": ""محايد أو إخباري"", ""confidence"": ""medium"", ""positive_score"": 0, ""negative_score"": 0, ""mention_count"": 3, ""editorial_segment_count"": 2, ""reported_segment_count"": 1, ""evidence"": []}]",evt_f1ca02144fa2,2026-09-01T11:43:10.630457+00:00
758ea64f8b8c7fdc,thepress,ThePress,النساء يغِبن عن رئاسة اللوائح في 60 دائرة انتخابية محلية,https://thepress.ma/%D8%A7%D9%84%D9%86%D8%B3%D8%A7%D8%A1-%D9%8A%D8%BA%D9%90%D8%A8%D9%86-%D8%B9%D9%86-%D8%B1%D8%A6%D8%A7%D8%B3%D8%A9-%D8%A7%D9%84%D9%84%D9%88%D8%A7%D8%A6%D8%AD-%D9%81%D9%8A-60-%D8%AF%D8%A7%D8%A6%D8%B1,أية مزوار,2026-08-31,2026-09-01T16:42:27.935901+00:00,2026-09-01T16:42:27.935901+00:00,ar,أفادت جمعية التحدي للمساواة والمواطنة بأن حضور النساء على رأس اللوائح الانتخابية المحلية يظل محدودا، وذلك في ظل الاستعدادات الجارية لانتخابات مجلس النواب المقرر تنظيمها,266,"{""region"": ""سوس ماسة"", ""primary_provinces"": [""اشتوكة أيت باها""], ""primary_places"": [""ماسة""], ""secondary_provinces"": [], ""secondary_places"": []}","{""primary"": [], ""secondary"": []}","{""primary"": [], ""secondary"": []}","{""primary"": [{""id"": ""elections"", ""name"": ""الانتخابات والاقتراع"", ""hits"": [""انتخابية"", ""انتخابات"", ""اللوائح الانتخابية"", ""الاستحقاقات""]}, {""id"": ""candidacy_nomination"", ""name"": ""الترشح والتزكية"", ""hits"": [""دائرة انتخابية""]}], ""secondary"": [{""id"": ""political_statements"", ""name"": ""التصريحات والمواقف السياسية"", ""hits"": [""بلاغ""]}]}","{""level"": ""strong"", ""geographic_score"": 4, ""political_score"": 4, ""decision_reason"": ""صلة جغرافية وسياسية قوية"", ""geographic_reasons"": [""إقليم رئيسي داخل سوس ماسة"", ""مدينة أو مكان رئيسي داخل سوس ماسة""], ""political_reasons"": [""مواضيع سياسية: الانتخابات والاقتراع, الترشح والتزكية""], ""accepted"": true}",[],evt_758ea64f8b8c,2026-09-01T16:42:27.935901+00:00
4f7540261f324a18,al3omk,العمق المغربي,استقالة قيادي استقلالي والتحاقه بـ”الأحرار” يعيد خلط الأوراق في تارودانت الشمالية,https://al3omk.com/1184255.html,حفيظ مركوك,2026-08-31,2026-09-01T21:04:47.087077+00:00,2026-09-01T21:04:47.087077+00:00,ar,في خطوة تحمل أكثر من دلالة على مستوى الدائرة الانتخابية تارودانت الشمالية، أعلن سعيد إمزيلن، نائب الكاتب المحلي لحزب الاستقلال بأولاد برحيل وعضو المجلس الوطني,887,"{""region"": ""سوس ماسة"", ""primary_provinces"": [""تارودانت""], ""primary_places"": [""تارودانت""], ""secondary_provinces"": [""اشتوكة أيت باها""], ""secondary_places"": [""أولاد برحيل"", ""ماسة""]}","{""primary"": [{""id"": ""RNI"", ""name"": ""التجمع الوطني للأحرار""}, {""id"": ""PI"", ""name"": ""حزب الاستقلال""}, {""id"": ""PAM"", ""name"": ""حزب الأصالة والمعاصرة""}], ""secondary"": []}","{""primary"": [], ""secondary"": [{""id"": ""person_005"", ""name"": ""زينب قيوح"", ""tier"": ""priority""}, {""id"": ""person_004"", ""name"": ""عبد الصمد قيوح"", ""tier"": ""priority""}, {""id"": ""person_015"", ""name"": ""عبد العزيز البهجة"", ""tier"": ""priority""}, {""id"": ""person_002"", ""name"": ""عبد اللطيف وهبي"", ""tier"": ""priority""}, {""id"": ""person_006"", ""name"": ""لحسن السعدي"", ""tier"": ""priority""}]}","{""primary"": [{""id"": ""elections"", ""name"": ""الانتخابات والاقتراع"", ""hits"": [""الاستحقاقات الانتخابية"", ""الاستحقاقات"", ""انتخابية"", ""استحقاقات""]}, {""id"": ""resignation_defection"", ""name"": ""الاستقالة وتغيير الانتماء"", ""hits"": [""استقالة"", ""استقالته""]}], ""secondary"": [{""id"": ""elected_councils"", ""name"": ""المجالس المنتخبة والتدبير المحلي"", ""hits"": [""عضو المجلس""]}, {""id"": ""political_statements"", ""name"": ""التصريحات والمواقف السياسية"", ""hits"": [""اعتبر"", ""انتقد""]}, {""id"": ""candidacy_nomination"", ""name"": ""الترشح والتزكية"", ""hits"": [""تزكية""]}, {""id"": ""electoral_campaign"", ""name"": ""الحملة الانتخابية"", ""hits"": [""الحملة الانتخابية""]}, {""id"": ""results_polls"", ""name"": ""النتائج والاستطلاعات الانتخابية"", ""hits"": [""المقاعد""]}]}","{""level"": ""strong"", ""geographic_score"": 4, ""political_score"": 6, ""decision_reason"": ""صلة جغرافية وسياسية قوية"", ""geographic_reasons"": [""إقليم رئيسي داخل سوس ماسة"", ""مدينة أو مكان رئيسي داخل سوس ماسة""], ""political_reasons"": [""أحزاب رئيسية: التجمع الوطني للأحرار, حزب الاستقلال, حزب الأصالة والمعاصرة"", ""مواضيع سياسية: الانتخابات والاقتراع, الاستقالة وتغيير الانتماء""], ""accepted"": true}","[{""target_id"": ""RNI"", ""target_type"": ""party"", ""target_name"": ""التجمع الوطني للأحرار"", ""label"": ""neutral"", ""label_ar"": ""محايد أو إخباري"", ""confidence"": ""medium"", ""positive_score"": 0, ""negative_score"": 0, ""mention_count"": 6, ""editorial_segment_count"": 3, ""reported_segment_count"": 3, ""evidence"": []}, {""target_id"": ""PI"", ""target_type"": ""party"", ""target_name"": ""حزب الاستقلال"", ""label"": ""neutral"", ""label_ar"": ""محايد أو إخباري"", ""confidence"": ""medium"", ""positive_score"": 0, ""negative_score"": 0, ""mention_count"": 9, ""editorial_segment_count"": 7, ""reported_segment_count"": 2, ""evidence"": []}, {""target_id"": ""PAM"", ""target_type"": ""party"", ""target_name"": ""حزب الأصالة والمعاصرة"", ""label"": ""neutral"", ""label_ar"": ""محايد أو إخباري"", ""confidence"": ""medium"", ""positive_score"": 0, ""negative_score"": 0, ""mention_count"": 2, ""editorial_segment_count"": 2, ""reported_segment_count"": 0, ""evidence"": []}, {""target_id"": ""person_005"", ""target_type"": ""person"", ""target_name"": ""زينب قيوح"", ""label"": ""neutral"", ""label_ar"": ""محايد أو إخباري"", ""confidence"": ""low"", ""positive_score"": 0, ""negative_score"": 0, ""mention_count"": 1, ""editorial_segment_count"": 1, ""reported_segment_count"": 0, ""evidence"": []}, {""target_id"": ""person_004"", ""target_type"": ""person"", ""target_name"": ""عبد الصمد قيوح"", ""label"": ""neutral"", ""label_ar"": ""محايد أو إخباري"", ""confidence"": ""low"", ""positive_score"": 0, ""negative_score"": 0, ""mention_count"": 1, ""editorial_segment_count"": 1, ""reported_segment_count"": 0, ""evidence"": []}, {""target_id"": ""person_015"", ""target_type"": ""person"", ""target_name"": ""عبد العزيز البهجة"", ""label"": ""neutral"", ""label_ar"": ""محايد أو إخباري"", ""confidence"": ""medium"", ""positive_score"": 0, ""negative_score"": 0, ""mention_count"": 2, ""editorial_segment_count"": 2, ""reported_segment_count"": 0, ""evidence"": []}, {""target_id"": ""person_002"", ""target_type"": ""person"", ""target_name"": ""عبد اللطيف وهبي"", ""label"": ""neutral"", ""label_ar"": ""محايد أو إخباري"", ""confidence"": ""low"", ""positive_score"": 0, ""negative_score"": 0, ""mention_count"": 1, ""editorial_segment_count"": 1, ""reported_segment_count"": 0, ""evidence"": []}, {""target_id"": ""person_006"", ""target_type"": ""person"", ""target_name"": ""لحسن السعدي"", ""label"": ""neutral"", ""label_ar"": ""محايد أو إخباري"", ""confidence"": ""low"", ""positive_score"": 0, ""negative_score"": 0, ""mention_count"": 1, ""editorial_segment_count"": 1, ""reported_segment_count"": 0, ""evidence"": []}]",evt_4f7540261f32,2026-09-01T21:04:47.087077+00:00
dfba6bea7c714d01,assahifa,الصحيفة,المنصوري ووهبي وبن ابراهيم.. وزراء من البام يضمنون مقاعد برلمانية,https://www.assahifa.com/%D8%A7%D9%84%D9%85%D9%86%D8%B5%D9%88%D8%B1%D9%8A-%D9%88%D9%88%D9%87%D8%A8%D9%8A-%D9%88%D8%A8%D9%86-%D8%A7%D8%A8%D8%B1%D8%A7%D9%87%D9%8A%D9%85-%D9%88%D8%B2%D8%B1%D8%A7%D8%A1-%D9%85%D9%86-%D8%A7,,2026-08-31,2026-09-24T04:57:13.447142+00:00,2026-09-24T04:57:13.447142+00:00,ar,"المنصوري ووهبي وبن ابراهيم.. وزراء من ""البام"" يضمنون مقاعد برلمانية سجل عدد من وزراء حزب الأصالة والمعاصرة فوزهم في الانتخابات التشريعية التي جرت أمس الأربعاء،",104,"{""region"": ""سوس ماسة"", ""primary_provinces"": [""تارودانت""], ""primary_places"": [""تارودانت""], ""secondary_provinces"": [], ""secondary_places"": []}","{""primary"": [{""id"": ""PAM"", ""name"": ""حزب الأصالة والمعاصرة""}], ""secondary"": []}","{""primary"": [{""id"": ""person_002"", ""name"": ""عبد اللطيف وهبي"", ""tier"": ""priority""}, {""id"": ""person_023"", ""name"": ""فاطمة الزهراء المنصوري"", ""tier"": ""priority""}], ""secondary"": []}","{""primary"": [], ""secondary"": [{""id"": ""elections"", ""name"": ""الانتخابات والاقتراع"", ""hits"": [""انتخابية""]}]}","{""level"": ""medium"", ""geographic_score"": 4, ""political_score"": 3, ""decision_reason"": ""صلة جغرافية وسياسية مقبولة"", ""geographic_reasons"": [""إقليم رئيسي داخل سوس ماسة"", ""مدينة أو مكان رئيسي داخل سوس ماسة""], ""political_reasons"": [""أحزاب رئيسية: حزب الأصالة والمعاصرة"", ""شخصيات رئيسية: عبد اللطيف وهبي, فاطمة الزهراء المنصوري""], ""accepted"": true}","[{""target_id"": ""PAM"", ""target_type"": ""party"", ""target_name"": ""حزب الأصالة والمعاصرة"", ""label"": ""neutral"", ""label_ar"": ""محايد أو إخباري"", ""confidence"": ""medium"", ""positive_score"": 0, ""negative_score"": 0, ""mention_count"": 3, ""editorial_segment_count"": 2, ""reported_segment_count"": 1, ""evidence"": []}, {""target_id"": ""person_002"", ""target_type"": ""person"", ""target_name"": ""عبد اللطيف وهبي"", ""label"": ""neutral"", ""label_ar"": ""محايد أو إخباري"", ""confidence"": ""low"", ""positive_score"": 0, ""negative_score"": 0, ""mention_count"": 1, ""editorial_segment_count"": 1, ""reported_segment_count"": 0, ""evidence"": []}, {""target_id"": ""person_023"", ""target_type"": ""person"", ""target_name"": ""فاطمة الزهراء المنصوري"", ""label"": ""neutral"", ""label_ar"": ""محايد أو إخباري"", ""confidence"": ""low"", ""positive_score"": 0, ""negative_score"": 0, ""mention_count"": 1, ""editorial_segment_count"": 1, ""reported_segment_count"": 0, ""evidence"": []}]",evt_dfba6bea7c71,2026-09-24T04:57:13.447142+00:00
2df8b77123b62f8d,assahifa,الصحيفة,البيجيدي يتصدر دائرة أكادير - إداوتنان.. والأحرار في الرتبة الثانية,https://www.assahifa.com/%D8%A7%D9%84%D8%A8%D9%8A%D8%AC%D9%8A%D8%AF%D9%8A-%D9%8A%D8%AA%D8%B5%D8%AF%D8%B1-%D8%AF%D8%A7%D8%A6%D8%B1%D8%A9-%D8%A3%D9%83%D8%A7%D8%AF%D9%8A%D8%B1-%D8%A5%D8%AF%D8%A7%D9%88%D8%AA%D9%86%D8%A7,,2026-08-31,2026-09-24T04:57:13.447142+00:00,2026-09-24T04:57:13.447142+00:00,ar,"""البيجيدي"" يتصدر دائرة أكادير - إداوتنان.. و""الأحرار"" في الرتبة الثانية أظهرت النتائج المؤقتة للانتخابات التشريعية، على مستوى دائرة أكادير - إداوتنان، تصدر حزب العدالة والتنمية",100,"{""region"": ""سوس ماسة"", ""primary_provinces"": [""أكادير إداوتنان""], ""primary_places"": [""أكادير""], ""secondary_provinces"": [], ""secondary_places"": []}","{""primary"": [{""id"": ""PJD"", ""name"": ""حزب العدالة والتنمية""}, {""id"": ""PAM"", ""name"": ""حزب الأصالة والمعاصرة""}, {""id"": ""RNI"", ""name"": ""التجمع الوطني للأحرار""}, {""id"": ""USFP"", ""name"": ""الاتحاد الاشتراكي للقوات الشعبية""}, {""id"": ""PI"", ""name"": ""حزب الاستقلال""}], ""secondary"": []}","{""primary"": [{""id"": ""person_014"", ""name"": ""حميد وهبي"", ""tier"": ""priority""}, {""id"": ""person_103"", ""name"": ""محمد باكيري"", ""tier"": ""manual_unverified""}], ""secondary"": []}","{""primary"": [], ""secondary"": [{""id"": ""elections"", ""name"": ""الانتخابات والاقتراع"", ""hits"": [""انتخابات""]}]}","{""level"": ""medium"", ""geographic_score"": 4, ""political_score"": 3, ""decision_reason"": ""صلة جغرافية وسياسية مقبولة"", ""geographic_reasons"": [""إقليم رئيسي داخل سوس ماسة"", ""مدينة أو مكان رئيسي داخل سوس ماسة""], ""political_reasons"": [""أحزاب رئيسية: حزب العدالة والتنمية, حزب الأصالة والمعاصرة, التجمع الوطني للأحرار, الاتحاد الاشتراكي للقوات الشعبية"", ""شخصيات رئيسية: حميد وهبي, محمد باكيري""], ""accepted"": true}","[{""target_id"": ""PJD"", ""target_type"": ""party"", ""target_name"": ""حزب العدالة والتنمية"", ""label"": ""neutral"", ""label_ar"": ""محايد أو إخباري"", ""confidence"": ""medium"", ""positive_score"": 0, ""negative_score"": 0, ""mention_count"": 4, ""editorial_segment_count"": 1, ""reported_segment_count"": 3, ""evidence"": []}, {""target_id"": ""PAM"", ""target_type"": ""party"", ""target_name"": ""حزب الأصالة والمعاصرة"", ""label"": ""neutral"", ""label_ar"": ""محايد أو إخباري"", ""confidence"": ""low"", ""positive_score"": 0, ""negative_score"": 0, ""mention_count"": 1, ""editorial_segment_count"": 1, ""reported_segment_count"": 0, ""evidence"": []}, {""target_id"": ""RNI"", ""target_type"": ""party"", ""target_name"": ""التجمع الوطني للأحرار"", ""label"": ""neutral"", ""label_ar"": ""محايد أو إخباري"", ""confidence"": ""medium"", ""positive_score"": 0, ""negative_score"": 0, ""mention_count"": 2, ""editorial_segment_count"": 1, ""reported_segment_count"": 1, ""evidence"": []}, {""target_id"": ""USFP"", ""target_type"": ""party"", ""target_name"": ""الاتحاد الاشتراكي للقوات الشعبية"", ""label"": ""neutral"", ""label_ar"": ""محايد أو إخباري"", ""confidence"": ""low"", ""positive_score"": 0, ""negative_score"": 0, ""mention_count"": 1, ""editorial_segment_count"": 1, ""reported_segment_count"": 0, ""evidence"": []}, {""target_id"": ""PI"", ""target_type"": ""party"", ""target_name"": ""حزب الاستقلال"", ""label"": ""neutral"", ""label_ar"": ""محايد أو إخباري"", ""confidence"": ""low"", ""positive_score"": 0, ""negative_score"": 0, ""mention_count"": 1, ""editorial_segment_count"": 1, ""reported_segment_count"": 0, ""evidence"": []}, {""target_id"": ""person_014"", ""target_type"": ""person"", ""target_name"": ""حميد وهبي"", ""label"": ""neutral"", ""label_ar"": ""محايد أو إخباري"", ""confidence"": ""low"", ""positive_score"": 0, ""negative_score"": 0, ""mention_count"": 1, ""editorial_segment_count"": 1, ""reported_segment_count"": 0, ""evidence"": []}, {""target_id"": ""person_103"", ""target_type"": ""person"", ""target_name"": ""محمد باكيري"", ""label"": ""neutral"", ""label_ar"": ""محايد أو إخباري"", ""confidence"": ""low"", ""positive_score"": 0, ""negative_score"": 0, ""mention_count"": 1, ""editorial_segment_count"": 0, ""reported_segment_count"": 1, ""evidence"": []}]",evt_2df8b77123b6,2026-09-24T04:57:13.447142+00:00
ba73928f7e488066,assahifa,الصحيفة,مؤشرات على تقدم العدالة والتنمية في المدن الكبرى,https://www.assahifa.com/%D9%85%D8%A4%D8%B4%D8%B1%D8%A7%D8%AA-%D8%B9%D9%84%D9%89-%D8%AA%D9%82%D8%AF%D9%85-%D8%A7%D9%84%D8%B9%D8%AF%D8%A7%D9%84%D8%A9-%D9%88%D8%A7%D9%84%D8%AA%D9%86%D9%85%D9%8A%D8%A9-%D9%81%D9%8A-%D8%A7,,2026-08-31,2026-09-24T04:57:13.447142+00:00,2026-09-24T04:57:13.447142+00:00,ar,"مؤشرات على تقدم ""العدالة والتنمية"" في المدن الكبرى علمت ""الصحيفة"" من مصادر حزبية، أن حزب العدالة والتنمية يتصدر المشهد الانتخابي في العديد من الدوائر التي",98,"{""region"": ""سوس ماسة"", ""primary_provinces"": [""أكادير إداوتنان""], ""primary_places"": [""أكادير""], ""secondary_provinces"": [], ""secondary_places"": []}","{""primary"": [{""id"": ""PJD"", ""name"": ""حزب العدالة والتنمية""}], ""secondary"": []}","{""primary"": [], ""secondary"": []}","{""primary"": [], ""secondary"": [{""id"": ""elections"", ""name"": ""الانتخابات والاقتراع"", ""hits"": [""صناديق الاقتراع""]}]}","{""level"": ""medium"", ""geographic_score"": 4, ""political_score"": 2, ""decision_reason"": ""صلة جغرافية وسياسية مقبولة"", ""geographic_reasons"": [""إقليم رئيسي داخل سوس ماسة"", ""مدينة أو مكان رئيسي داخل سوس ماسة""], ""political_reasons"": [""أحزاب رئيسية: حزب العدالة والتنمية""], ""accepted"": true}","[{""target_id"": ""PJD"", ""target_type"": ""party"", ""target_name"": ""حزب العدالة والتنمية"", ""label"": ""neutral"", ""label_ar"": ""محايد أو إخباري"", ""confidence"": ""medium"", ""positive_score"": 0, ""negative_score"": 0, ""mention_count"": 3, ""editorial_segment_count"": 1, ""reported_segment_count"": 2, ""evidence"": []}]",evt_ba73928f7e48,2026-09-24T04:57:13.447142+00:00
a2c45a2c27f53ba5,taroudantalaan,تارودانت الآن,تارودانت.. الحركة الشعبية تواصل استعداداتها للاستحقاقات التشريعية المقبلة | تارودانت الآن الإخبارية,https://taroudantalaan.ma/politique/%D8%AA%D8%A7%D8%B1%D9%88%D8%AF%D8%A7%D9%86%D8%AA-%D8%A7%D9%84%D8%AD%D8%B1%D9%83%D8%A9-%D8%A7%D9%84%D8%B4%D8%B9%D8%A8%D9%8A%D8%A9-%D8%AA%D9%88%D8%A7%D8%B5%D9%84-%D8%A7%D8%B3%D8%AA%D8%B9%D8%AF%D8%A7,تارودانت الآن الإخبارية,2026-08-30,2026-08-31T13:57:39.988000+00:00,2026-08-31T13:57:39.988000+00:00,ar,تواصل لجنة الإشراف على الاستحقاقات التشريعية بحزب الحركة الشعبية على مستوى إقليم تارودانت، اجتماعاتها التنظيمية، حيث عقدت اجتماعها الثاني على التوالي، في إطار مواكبة التحضيرات,149,"{""region"": ""سوس ماسة"", ""primary_provinces"": [""تارودانت""], ""primary_places"": [""تارودانت""], ""secondary_provinces"": [], ""secondary_places"": []}","{""primary"": [{""id"": ""MP"", ""name"": ""الحركة الشعبية""}], ""secondary"": []}","{""primary"": [], ""secondary"": []}","{""primary"": [{""id"": ""elections"", ""name"": ""الانتخابات والاقتراع"", ""hits"": [""استحقاقات"", ""الاستحقاقات""]}], ""secondary"": []}","{""level"": ""strong"", ""geographic_score"": 4, ""political_score"": 5, ""decision_reason"": ""صلة جغرافية وسياسية قوية"", ""geographic_reasons"": [""إقليم رئيسي داخل سوس ماسة"", ""مدينة أو مكان رئيسي داخل سوس ماسة""], ""political_reasons"": [""أحزاب رئيسية: الحركة الشعبية"", ""مواضيع سياسية: الانتخابات والاقتراع""], ""accepted"": true}","[{""target_id"": ""MP"", ""target_type"": ""party"", ""target_name"": ""الحركة الشعبية"", ""label"": ""neutral"", ""label_ar"": ""محايد أو إخباري"", ""confidence"": ""medium"", ""positive_score"": 0, ""negative_score"": 0, ""mention_count"": 2, ""editorial_segment_count"": 2, ""reported_segment_count"": 0, ""evidence"": []}]",evt_a2c45a2c27f5,2026-08-31T13:57:39.988000+00:00
0ad74ea346125ba3,agadirinfo,أكادير أنفو,انتخابات شتنبر 2026.. عدد التصريحات بالترشيح المودعة عبر المنصة الالكترونية بلغ 702 لائحة ترشيح - أكادير انفو - Agadir info,https://agadirinfo.ma/134155.html,اكادير انفو,2026-08-30,2026-08-31T22:53:30.049574+00:00,2026-08-31T22:53:30.049574+00:00,ar,خبار بلاديانتخابات شتنبر 2026.. عدد التصريحات بالترشيح المودعة عبر المنصة الالكترونية بلغ 702 لائحة ترشيح مصدر مسؤول بوزارة الداخلية بأن عدد التصريحات بالترشيح برسم انتخاب,118,"{""region"": ""سوس ماسة"", ""primary_provinces"": [""أكادير إداوتنان""], ""primary_places"": [""أكادير""], ""secondary_provinces"": [], ""secondary_places"": []}","{""primary"": [], ""secondary"": []}","{""primary"": [], ""secondary"": []}","{""primary"": [{""id"": ""elections"", ""name"": ""الانتخابات والاقتراع"", ""hits"": [""انتخابات""]}], ""secondary"": []}","{""level"": ""medium"", ""geographic_score"": 4, ""political_score"": 3, ""decision_reason"": ""صلة جغرافية وسياسية مقبولة"", ""geographic_reasons"": [""إقليم رئيسي داخل سوس ماسة"", ""مدينة أو مكان رئيسي داخل سوس ماسة""], ""political_reasons"": [""مواضيع سياسية: الانتخابات والاقتراع""], ""accepted"": true}",[],evt_0ad74ea34612,2026-08-31T22:53:30.049574+00:00
2073c0743c924ab2,hespress,هسبريس,وهبي يضع ترشيحه بعمالة تارودانت,https://www.hespress.com/%D9%88%D9%87%D8%A8%D9%8A-%D9%8A%D8%B6%D8%B9-%D8%AA%D8%B1%D8%B4%D9%8A%D8%AD%D9%87-%D8%A8%D8%B9%D9%85%D8%A7%D9%84%D8%A9-%D8%AA%D8%A7%D8%B1%D9%88%D8%AF%D8%A7%D9%86%D8%AA-1799893.html,هسبريس من الرباط,2026-08-30,2026-08-31T22:53:30.049574+00:00,2026-08-31T22:53:30.049574+00:00,ar,وضع عبد اللطيف وهبي، وزير العدل والقيادي بحزب الأصالة والمعاصرة، اليوم الإثنين، بمقر عمالة تارودانت، ترشيحه لانتخابات أعضاء مجلس النواب المقرر إجراؤها في الثالث والعشرين,89,"{""region"": ""سوس ماسة"", ""primary_provinces"": [""تارودانت""], ""primary_places"": [""تارودانت""], ""secondary_provinces"": [], ""secondary_places"": []}","{""primary"": [{""id"": ""PAM"", ""name"": ""حزب الأصالة والمعاصرة""}], ""secondary"": []}","{""primary"": [{""id"": ""person_002"", ""name"": ""عبد اللطيف وهبي"", ""tier"": ""priority""}], ""secondary"": []}","{""primary"": [{""id"": ""candidacy_nomination"", ""name"": ""الترشح والتزكية"", ""hits"": [""ترشيحه""]}], ""secondary"": [{""id"": ""elections"", ""name"": ""الانتخابات والاقتراع"", ""hits"": [""انتخابات""]}]}","{""level"": ""strong"", ""geographic_score"": 4, ""political_score"": 6, ""decision_reason"": ""صلة جغرافية وسياسية قوية"", ""geographic_reasons"": [""إقليم رئيسي داخل سوس ماسة"", ""مدينة أو مكان رئيسي داخل سوس ماسة""], ""political_reasons"": [""أحزاب رئيسية: حزب الأصالة والمعاصرة"", ""شخصيات رئيسية: عبد اللطيف وهبي"", ""مواضيع سياسية: الترشح والتزكية""], ""accepted"": true}","[{""target_id"": ""PAM"", ""target_type"": ""party"", ""target_name"": ""حزب الأصالة والمعاصرة"", ""label"": ""neutral"", ""label_ar"": ""محايد أو إخباري"", ""confidence"": ""low"", ""positive_score"": 0, ""negative_score"": 0, ""mention_count"": 1, ""editorial_segment_count"": 1, ""reported_segment_count"": 0, ""evidence"": []}, {""target_id"": ""person_002"", ""target_type"": ""person"", ""target_name"": ""عبد اللطيف وهبي"", ""label"": ""neutral"", ""label_ar"": ""محايد أو إخباري"", ""confidence"": ""low"", ""positive_score"": 0, ""negative_score"": 0, ""mention_count"": 1, ""editorial_segment_count"": 1, ""reported_segment_count"": 0, ""evidence"": []}]",evt_2073c0743c92,2026-08-31T22:53:30.049574+00:00
5c803b2717ce48cc,agadir24,أكادير24,رسمياً : حزب العدالة والتنمية يودع لائحة ترشيحه للانتخابات التشريعية بأكادير إداوتنان | agadir24.info,https://agadir24.info/%D8%B1%D8%B3%D9%85%D9%8A%D8%A7%D9%8B-%D8%AD%D8%B2%D8%A8-%D8%A7%D9%84%D8%B9%D8%AF%D8%A7%D9%84%D8%A9-%D9%88%D8%A7%D9%84%D8%AA%D9%86%D9%85%D9%8A%D8%A9-%D9%8A%D9%88%D8%AF%D8%B9-%D9%84%D8%A7%D8%A6%D8%AD.html,أكادير,2026-08-30,2026-08-31T22:53:30.049574+00:00,2026-08-31T22:53:30.049574+00:00,ar,شهدت الدائرة الانتخابية المحلية أكادير إداوتنان صباح اليوم إيداع لائحة ترشيح حزب العدالة والتنمية رسمياً، و وكيلها الدكتور محمد باكيري، استعداداً لخوض الاستحقاقات التشريعية المقرر,108,"{""region"": ""سوس ماسة"", ""primary_provinces"": [""أكادير إداوتنان""], ""primary_places"": [""أكادير""], ""secondary_provinces"": [], ""secondary_places"": []}","{""primary"": [{""id"": ""PJD"", ""name"": ""حزب العدالة والتنمية""}], ""secondary"": []}","{""primary"": [{""id"": ""person_103"", ""name"": ""محمد باكيري"", ""tier"": ""manual_unverified""}], ""secondary"": []}","{""primary"": [{""id"": ""elections"", ""name"": ""الانتخابات والاقتراع"", ""hits"": [""انتخابات"", ""الاستحقاقات""]}, {""id"": ""candidacy_nomination"", ""name"": ""الترشح والتزكية"", ""hits"": [""ترشيحه"", ""وكيل اللائحة""]}], ""secondary"": []}","{""level"": ""strong"", ""geographic_score"": 4, ""political_score"": 7, ""decision_reason"": ""صلة جغرافية وسياسية قوية"", ""geographic_reasons"": [""إقليم رئيسي داخل سوس ماسة"", ""مدينة أو مكان رئيسي داخل سوس ماسة""], ""political_reasons"": [""أحزاب رئيسية: حزب العدالة والتنمية"", ""شخصيات رئيسية: محمد باكيري"", ""مواضيع سياسية: الانتخابات والاقتراع, الترشح والتزكية""], ""accepted"": true}","[{""target_id"": ""PJD"", ""target_type"": ""party"", ""target_name"": ""حزب العدالة والتنمية"", ""label"": ""neutral"", ""label_ar"": ""محايد أو إخباري"", ""confidence"": ""medium"", ""positive_score"": 0, ""negative_score"": 0, ""mention_count"": 2, ""editorial_segment_count"": 2, ""reported_segment_count"": 0, ""evidence"": []}, {""target_id"": ""person_103"", ""target_type"": ""person"", ""target_name"": ""محمد باكيري"", ""label"": ""neutral"", ""label_ar"": ""محايد أو إخباري"", ""confidence"": ""medium"", ""positive_score"": 0, ""negative_score"": 0, ""mention_count"": 2, ""editorial_segment_count"": 2, ""reported_segment_count"": 0, ""evidence"": []}]",evt_5c803b2717ce,2026-08-31T22:53:30.049574+00:00
2396c124fcacca12,agadir24,أكادير24,تشريعيات تيزنيت.. غازي يعلن إيداع ترشيح لائحة الأحرار والشيخ بلا وصيفاً | agadir24.info,https://agadir24.info/%D8%AA%D8%B4%D8%B1%D9%8A%D8%B9%D9%8A%D8%A7%D8%AA-%D8%AA%D9%8A%D8%B2%D9%86%D9%8A%D8%AA-%D8%BA%D8%A7%D8%B2%D9%8A-%D9%8A%D8%B9%D9%84%D9%86-%D8%A5%D9%8A%D8%AF%D8%A7%D8%B9-%D8%AA%D8%B1%D8%B4%D9%8A%D8%AD.html,عبدالله بن عيسى,2026-08-30,2026-08-31T22:53:30.049574+00:00,2026-08-31T22:53:30.049574+00:00,ar,أعلن عبد الله غازي، وكيل لائحة التجمع الوطني للأحرار بدائرة تيزنيت، إيداع ترشيح اللائحة زوال اليوم الاثنين 31 غشت، لخوض الانتخابات التشريعية المقرر إجراؤها يوم,160,"{""region"": ""سوس ماسة"", ""primary_provinces"": [""اشتوكة أيت باها""], ""primary_places"": [""ماسة""], ""secondary_provinces"": [], ""secondary_places"": []}","{""primary"": [{""id"": ""RNI"", ""name"": ""التجمع الوطني للأحرار""}], ""secondary"": []}","{""primary"": [{""id"": ""person_084"", ""name"": ""عبد الله غازي"", ""tier"": ""secondary""}], ""secondary"": []}","{""primary"": [{""id"": ""elections"", ""name"": ""الانتخابات والاقتراع"", ""hits"": [""تشريعيات"", ""انتخابات""]}], ""secondary"": [{""id"": ""candidacy_nomination"", ""name"": ""الترشح والتزكية"", ""hits"": [""تزكية""]}]}","{""level"": ""strong"", ""geographic_score"": 4, ""political_score"": 6, ""decision_reason"": ""صلة جغرافية وسياسية قوية"", ""geographic_reasons"": [""إقليم رئيسي داخل سوس ماسة"", ""مدينة أو مكان رئيسي داخل سوس ماسة""], ""political_reasons"": [""أحزاب رئيسية: التجمع الوطني للأحرار"", ""شخصيات رئيسية: عبد الله غازي"", ""مواضيع سياسية: الانتخابات والاقتراع""], ""accepted"": true}","[{""target_id"": ""RNI"", ""target_type"": ""party"", ""target_name"": ""التجمع الوطني للأحرار"", ""label"": ""neutral"", ""label_ar"": ""محايد أو إخباري"", ""confidence"": ""medium"", ""positive_score"": 0, ""negative_score"": 0, ""mention_count"": 3, ""editorial_segment_count"": 2, ""reported_segment_count"": 1, ""evidence"": []}, {""target_id"": ""person_084"", ""target_type"": ""person"", ""target_name"": ""عبد الله غازي"", ""label"": ""neutral"", ""label_ar"": ""محايد أو إخباري"", ""confidence"": ""medium"", ""positive_score"": 0, ""negative_score"": 0, ""mention_count"": 2, ""editorial_segment_count"": 1, ""reported_segment_count"": 1, ""evidence"": []}]",evt_2396c124fcac,2026-08-31T22:53:30.049574+00:00
d9feb66616557d1f,agadirino,أكاديرينو,"أشنكلي من أكادير: ""الأحرار"" يهدف لتصدر الانتخابات المقبلة وقوة حصيلتنا تُغنينا عن المبالغة - agadirino.ma",https://agadirino.ma/2026/08/30/%D8%A3%D8%B4%D9%86%D9%83%D9%84%D9%8A-%D9%85%D9%86-%D8%A3%D9%83%D8%A7%D8%AF%D9%8A%D8%B1-%D8%A7%D9%84%D8%A3%D8%AD%D8%B1%D8%A7%D8%B1-%D9%8A%D9%87%D8%AF%D9%81-%D9%84%D8%AA%D8%B5%D8%AF%D8%B1-%D8%A7,Driss Driss,2026-08-29,2026-08-30T11:58:01.053058+00:00,2026-08-30T11:58:01.053058+00:00,ar,أكد كريم أشنكلي، عضو المكتب السياسي لحزب التجمع الوطني للأحرار ورئيس مجلس جهة سوس ماسة، أمس السبت بمدينة أكادير، أن هدف الحزب خلال المرحلة المقبلة,283,"{""region"": ""سوس ماسة"", ""primary_provinces"": [""أكادير إداوتنان"", ""اشتوكة أيت باها""], ""primary_places"": [""أكادير""], ""secondary_provinces"": [], ""secondary_places"": [""ماسة""]}","{""primary"": [{""id"": ""RNI"", ""name"": ""التجمع الوطني للأحرار""}], ""secondary"": []}","{""primary"": [{""id"": ""person_003"", ""name"": ""كريم أشنكلي"", ""tier"": ""priority""}], ""secondary"": []}","{""primary"": [{""id"": ""political_statements"", ""name"": ""التصريحات والمواقف السياسية"", ""hits"": [""أكد"", ""اعتبر""]}], ""secondary"": [{""id"": ""elections"", ""name"": ""الانتخابات والاقتراع"", ""hits"": [""الاستحقاقات"", ""استحقاقات""]}]}","{""level"": ""strong"", ""geographic_score"": 4, ""political_score"": 5, ""decision_reason"": ""صلة جغرافية وسياسية قوية"", ""geographic_reasons"": [""إقليم رئيسي داخل سوس ماسة"", ""مدينة أو مكان رئيسي داخل سوس ماسة""], ""political_reasons"": [""أحزاب رئيسية: التجمع الوطني للأحرار"", ""شخصيات رئيسية: كريم أشنكلي"", ""مواضيع سياسية: التصريحات والمواقف السياسية""], ""accepted"": true}","[{""target_id"": ""RNI"", ""target_type"": ""party"", ""target_name"": ""التجمع الوطني للأحرار"", ""label"": ""neutral"", ""label_ar"": ""محايد أو إخباري"", ""confidence"": ""medium"", ""positive_score"": 0, ""negative_score"": 0, ""mention_count"": 3, ""editorial_segment_count"": 2, ""reported_segment_count"": 1, ""evidence"": []}, {""target_id"": ""person_003"", ""target_type"": ""person"", ""target_name"": ""كريم أشنكلي"", ""label"": ""neutral"", ""label_ar"": ""محايد أو إخباري"", ""confidence"": ""low"", ""positive_score"": 0, ""negative_score"": 0, ""mention_count"": 1, ""editorial_segment_count"": 0, ""reported_segment_count"": 1, ""evidence"": []}]",evt_d9feb6661655,2026-08-30T11:58:01.053058+00:00
6df6cd1740a96f5f,agadirinfo,أكادير أنفو,بحضور الدكتور جمال ديواني وباقي مرشحي سوس ماسة … الاستقلال يكشف برنامجه الانتخابي 2026-2031 تحت شعار “وطني مستقبلي” - أكادير انفو - Agadir info,https://agadirinfo.ma/134121.html,اكادير انفو,2026-08-29,2026-08-30T11:58:01.053058+00:00,2026-08-30T11:58:01.053058+00:00,ar,أكادير والجهةبحضور الدكتور جمال ديواني وباقي مرشحي سوس ماسة … الاستقلال يكشف برنامجه الانتخابي 2026-2031 تحت شعار “وطني مستقبلي” قدم حزب الاستقلال مرشحه بأكادير الدكتور,364,"{""region"": ""سوس ماسة"", ""primary_provinces"": [""أكادير إداوتنان"", ""اشتوكة أيت باها""], ""primary_places"": [""أكادير""], ""secondary_provinces"": [], ""secondary_places"": [""ماسة""]}","{""primary"": [{""id"": ""PI"", ""name"": ""حزب الاستقلال""}], ""secondary"": []}","{""primary"": [{""id"": ""person_038"", ""name"": ""جمال ديواني"", ""tier"": ""secondary""}], ""secondary"": []}","{""primary"": [{""id"": ""elections"", ""name"": ""الانتخابات والاقتراع"", ""hits"": [""تشريعيات"", ""الاستحقاقات"", ""انتخابات""]}], ""secondary"": [{""id"": ""party_activity"", ""name"": ""الأنشطة والتنظيمات الحزبية"", ""hits"": [""لقاء تواصلي""]}, {""id"": ""electoral_campaign"", ""name"": ""الحملة الانتخابية"", ""hits"": [""الحملة الانتخابية""]}]}","{""level"": ""strong"", ""geographic_score"": 4, ""political_score"": 6, ""decision_reason"": ""صلة جغرافية وسياسية قوية"", ""geographic_reasons"": [""إقليم رئيسي داخل سوس ماسة"", ""مدينة أو مكان رئيسي داخل سوس ماسة""], ""political_reasons"": [""أحزاب رئيسية: حزب الاستقلال"", ""شخصيات رئيسية: جمال ديواني"", ""مواضيع سياسية: الانتخابات والاقتراع""], ""accepted"": true}","[{""target_id"": ""PI"", ""target_type"": ""party"", ""target_name"": ""حزب الاستقلال"", ""label"": ""neutral"", ""label_ar"": ""محايد أو إخباري"", ""confidence"": ""medium"", ""positive_score"": 0, ""negative_score"": 0, ""mention_count"": 5, ""editorial_segment_count"": 2, ""reported_segment_count"": 3, ""evidence"": []}, {""target_id"": ""person_038"", ""target_type"": ""person"", ""target_name"": ""جمال ديواني"", ""label"": ""neutral"", ""label_ar"": ""محايد أو إخباري"", ""confidence"": ""medium"", ""positive_score"": 0, ""negative_score"": 0, ""mention_count"": 2, ""editorial_segment_count"": 1, ""reported_segment_count"": 1, ""evidence"": []}]",evt_6df6cd1740a9,2026-08-30T11:58:01.053058+00:00
57f0850840a5c3fd,agadirinfo,أكادير أنفو,زينة أدحلي مرشحة الأحرار بأكادير : الحزب يريد مواصلة قيادة مسار التنمية بسوس ماسة وتوسيع مكتسبات أكادير - أكادير انفو - Agadir info,https://agadirinfo.ma/134114.html,اكادير انفو,2026-08-29,2026-08-30T11:58:01.053058+00:00,2026-08-30T11:58:01.053058+00:00,ar,أكادير والجهةزينة أدحلي مرشحة الأحرار بأكادير : الحزب يريد مواصلة قيادة مسار التنمية بسوس ماسة وتوسيع مكتسبات أكادير دخل حزب التجمع الوطني للأحرار غمار الاستحقاقات,361,"{""region"": ""سوس ماسة"", ""primary_provinces"": [""أكادير إداوتنان"", ""اشتوكة أيت باها""], ""primary_places"": [""أكادير""], ""secondary_provinces"": [""تارودانت"", ""تزنيت"", ""طاطا"", ""إنزكان أيت ملول""], ""secondary_places"": [""ماسة"", ""أيت باها"", ""إنزكان"", ""تارودانت"", ""تزنيت""]}","{""primary"": [{""id"": ""RNI"", ""name"": ""التجمع الوطني للأحرار""}], ""secondary"": []}","{""primary"": [], ""secondary"": []}","{""primary"": [{""id"": ""elections"", ""name"": ""الانتخابات والاقتراع"", ""hits"": [""الاستحقاقات الانتخابية"", ""الاستحقاقات"", ""انتخابية""]}, {""id"": ""candidacy_nomination"", ""name"": ""الترشح والتزكية"", ""hits"": [""مرشحة""]}], ""secondary"": [{""id"": ""party_activity"", ""name"": ""الأنشطة والتنظيمات الحزبية"", ""hits"": [""لقاء تواصلي""]}]}","{""level"": ""strong"", ""geographic_score"": 4, ""political_score"": 6, ""decision_reason"": ""صلة جغرافية وسياسية قوية"", ""geographic_reasons"": [""إقليم رئيسي داخل سوس ماسة"", ""مدينة أو مكان رئيسي داخل سوس ماسة""], ""political_reasons"": [""أحزاب رئيسية: التجمع الوطني للأحرار"", ""مواضيع سياسية: الانتخابات والاقتراع, الترشح والتزكية""], ""accepted"": true}","[{""target_id"": ""RNI"", ""target_type"": ""party"", ""target_name"": ""التجمع الوطني للأحرار"", ""label"": ""unclear"", ""label_ar"": ""غير واضح"", ""confidence"": ""low"", ""positive_score"": 1, ""negative_score"": 0, ""mention_count"": 5, ""editorial_segment_count"": 5, ""reported_segment_count"": 0, ""evidence"": [""ثقة""]}]",evt_57f0850840a5,2026-08-30T11:58:01.053058+00:00
096e3d116daf0f76,agadirinfo,أكادير أنفو,أخنوش يعرض حصيلة أكادير ويؤكد على أن تحسين حياة المواطنين قناعة راسخة.. و”الأحرار” إذا وعد أوفى وإذا تولى المسؤولية أنجز - أكادير انفو - Agadir info,https://agadirinfo.ma/134104.html,اكادير انفو,2026-08-29,2026-08-30T11:58:01.053058+00:00,2026-08-30T11:58:01.053058+00:00,ar,أكادير والجهةأخنوش يعرض حصيلة أكادير ويؤكد على أن تحسين حياة المواطنين قناعة راسخة.. و”الأحرار” إذا وعد أوفى وإذا تولى المسؤولية أنجز أشاد عزيز أخنوش، رئيس,622,"{""region"": ""سوس ماسة"", ""primary_provinces"": [""أكادير إداوتنان""], ""primary_places"": [""أكادير""], ""secondary_provinces"": [""اشتوكة أيت باها""], ""secondary_places"": [""ماسة"", ""أنزا"", ""أورير"", ""تغازوت"", ""تيكيوين""]}","{""primary"": [{""id"": ""RNI"", ""name"": ""التجمع الوطني للأحرار""}], ""secondary"": []}","{""primary"": [{""id"": ""person_001"", ""name"": ""عزيز أخنوش"", ""tier"": ""priority""}], ""secondary"": []}","{""primary"": [{""id"": ""government_politics"", ""name"": ""السياسات والحصيلة الحكومية"", ""hits"": [""رئيس الحكومة""]}], ""secondary"": [{""id"": ""elections"", ""name"": ""الانتخابات والاقتراع"", ""hits"": [""انتخابات""]}, {""id"": ""party_activity"", ""name"": ""الأنشطة والتنظيمات الحزبية"", ""hits"": [""لقاء تواصلي""]}, {""id"": ""elected_councils"", ""name"": ""المجالس المنتخبة والتدبير المحلي"", ""hits"": [""المجلس الجماعي""]}]}","{""level"": ""strong"", ""geographic_score"": 4, ""political_score"": 5, ""decision_reason"": ""صلة جغرافية وسياسية قوية"", ""geographic_reasons"": [""إقليم رئيسي داخل سوس ماسة"", ""مدينة أو مكان رئيسي داخل سوس ماسة""], ""political_reasons"": [""أحزاب رئيسية: التجمع الوطني للأحرار"", ""شخصيات رئيسية: عزيز أخنوش"", ""مواضيع سياسية: السياسات والحصيلة الحكومية""], ""accepted"": true}","[{""target_id"": ""RNI"", ""target_type"": ""party"", ""target_name"": ""التجمع الوطني للأحرار"", ""label"": ""neutral"", ""label_ar"": ""محايد أو إخباري"", ""confidence"": ""medium"", ""positive_score"": 0, ""negative_score"": 0, ""mention_count"": 2, ""editorial_segment_count"": 1, ""reported_segment_count"": 1, ""evidence"": []}, {""target_id"": ""person_001"", ""target_type"": ""person"", ""target_name"": ""عزيز أخنوش"", ""label"": ""neutral"", ""label_ar"": ""محايد أو إخباري"", ""confidence"": ""medium"", ""positive_score"": 0, ""negative_score"": 0, ""mention_count"": 9, ""editorial_segment_count"": 1, ""reported_segment_count"": 8, ""evidence"": []}]",evt_096e3d116daf,2026-08-30T11:58:01.053058+00:00
77454ed2548a6a47,alyaoum24,اليوم24,تحليل: موسم استثنائي للبطولة الاحترافية بين صراع الكبار ورهان الصاعدين – اليوم 24,https://alyaoum24.com/2040850.html,عماد الدين تزريت,2026-08-29,2026-08-30T11:58:01.053058+00:00,2026-08-30T11:58:01.053058+00:00,ar,تعود البطولة الوطنية الاحترافية إلى الواجهة بموسم جديد، يحمل بين جولاته الثلاثين آمال الجماهير، وطموحات الأندية، وتطلعات الوطن نحو كرة قدم توازي ما يعيشه المغرب,1657,"{""region"": ""سوس ماسة"", ""primary_provinces"": [""تزنيت""], ""primary_places"": [""تزنيت""], ""secondary_provinces"": [""أكادير إداوتنان""], ""secondary_places"": [""أكادير""]}","{""primary"": [], ""secondary"": []}","{""primary"": [], ""secondary"": []}","{""primary"": [{""id"": ""alliances_conflicts"", ""name"": ""التحالفات والخلافات السياسية"", ""hits"": [""صراع""]}], ""secondary"": [{""id"": ""candidacy_nomination"", ""name"": ""الترشح والتزكية"", ""hits"": [""مرشحا""]}]}","{""level"": ""medium"", ""geographic_score"": 4, ""political_score"": 2, ""decision_reason"": ""صلة جغرافية وسياسية مقبولة"", ""geographic_reasons"": [""إقليم رئيسي داخل سوس ماسة"", ""مدينة أو مكان رئيسي داخل سوس ماسة""], ""political_reasons"": [""مواضيع سياسية: التحالفات والخلافات السياسية""], ""accepted"": true}",[],evt_77454ed2548a,2026-08-30T11:58:01.053058+00:00
a935245996f481da,agadir24,أكادير24,زينة إدحلي: قيادة لائحة الأحرار بأكادير مسؤولية والحزب يسعى لمواصلة الأوراش | agadir24.info,https://agadir24.info/%D8%B2%D9%8A%D9%86%D8%A9-%D8%A5%D8%AF%D8%AD%D9%84%D9%8A-%D9%82%D9%8A%D8%A7%D8%AF%D8%A9-%D9%84%D8%A7%D8%A6%D8%AD%D8%A9-%D8%A7%D9%84%D8%A3%D8%AD%D8%B1%D8%A7%D8%B1-%D8%A8%D8%A3%D9%83%D8%A7%D8%AF%D9%8A.html,عبدالله بن عيسى,2026-08-29,2026-08-30T16:43:47.177965+00:00,2026-08-30T16:43:47.177965+00:00,ar,قالت زينة إدحلي، النائبة البرلمانية عن فريق التجمع الوطني للأحرار، إن اختيارها لقيادة اللائحة المحلية للحزب بدائرة أكادير إداوتنان يمثل مسؤولية كبيرة، ويعكس، بحسب تعبيرها،,195,"{""region"": ""سوس ماسة"", ""primary_provinces"": [""أكادير إداوتنان"", ""إنزكان أيت ملول""], ""primary_places"": [""أكادير""], ""secondary_provinces"": [""اشتوكة أيت باها"", ""تارودانت"", ""طاطا""], ""secondary_places"": [""أيت باها"", ""أيت ملول"", ""إنزكان"", ""تارودانت"", ""طاطا""]}","{""primary"": [{""id"": ""RNI"", ""name"": ""التجمع الوطني للأحرار""}], ""secondary"": []}","{""primary"": [], ""secondary"": []}","{""primary"": [], ""secondary"": [{""id"": ""candidacy_nomination"", ""name"": ""الترشح والتزكية"", ""hits"": [""ترشيحها""]}, {""id"": ""party_activity"", ""name"": ""الأنشطة والتنظيمات الحزبية"", ""hits"": [""لقاء تواصلي""]}, {""id"": ""elections"", ""name"": ""الانتخابات والاقتراع"", ""hits"": [""الاستحقاقات""]}]}","{""level"": ""medium"", ""geographic_score"": 4, ""political_score"": 2, ""decision_reason"": ""صلة جغرافية وسياسية مقبولة"", ""geographic_reasons"": [""إقليم رئيسي داخل سوس ماسة"", ""مدينة أو مكان رئيسي داخل سوس ماسة""], ""political_reasons"": [""أحزاب رئيسية: التجمع الوطني للأحرار""], ""accepted"": true}","[{""target_id"": ""RNI"", ""target_type"": ""party"", ""target_name"": ""التجمع الوطني للأحرار"", ""label"": ""neutral"", ""label_ar"": ""محايد أو إخباري"", ""confidence"": ""medium"", ""positive_score"": 0, ""negative_score"": 0, ""mention_count"": 3, ""editorial_segment_count"": 1, ""reported_segment_count"": 2, ""evidence"": []}]",evt_a935245996f4,2026-08-30T16:43:47.177965+00:00
6f104dffa541fa0f,agadirino,أكاديرينو,"""السياسة بلا أثر ما عندها معنى"".. ماذا قال أخنوش عن مستقبل أكادير؟ - agadirino.ma",https://agadirino.ma/2026/08/30/%D8%A7%D9%84%D8%B3%D9%8A%D8%A7%D8%B3%D8%A9-%D8%A8%D9%84%D8%A7-%D8%A3%D8%AB%D8%B1-%D9%85%D8%A7-%D8%B9%D9%86%D8%AF%D9%87%D8%A7-%D9%85%D8%B9%D9%86%D9%89-%D9%85%D8%A7%D8%B0%D8%A7-%D9%82%D8%A7%D9%84,Driss Driss,2026-08-29,2026-08-30T16:43:47.177965+00:00,2026-08-30T16:43:47.177965+00:00,ar,قال عزيز أخنوش، عضو المكتب السياسي لحزب التجمع الوطني للأحرار ورئيس مجلس جماعة أكادير، خلال لقاء تواصلي احتضنته المدينة أمس السبت 29 غشت 2026، إن,336,"{""region"": ""سوس ماسة"", ""primary_provinces"": [""أكادير إداوتنان""], ""primary_places"": [""أكادير""], ""secondary_provinces"": [], ""secondary_places"": []}","{""primary"": [{""id"": ""RNI"", ""name"": ""التجمع الوطني للأحرار""}], ""secondary"": []}","{""primary"": [{""id"": ""person_001"", ""name"": ""عزيز أخنوش"", ""tier"": ""priority""}], ""secondary"": []}","{""primary"": [], ""secondary"": [{""id"": ""party_activity"", ""name"": ""الأنشطة والتنظيمات الحزبية"", ""hits"": [""لقاء تواصلي""]}]}","{""level"": ""medium"", ""geographic_score"": 4, ""political_score"": 3, ""decision_reason"": ""صلة جغرافية وسياسية مقبولة"", ""geographic_reasons"": [""إقليم رئيسي داخل سوس ماسة"", ""مدينة أو مكان رئيسي داخل سوس ماسة""], ""political_reasons"": [""أحزاب رئيسية: التجمع الوطني للأحرار"", ""شخصيات رئيسية: عزيز أخنوش""], ""accepted"": true}","[{""target_id"": ""RNI"", ""target_type"": ""party"", ""target_name"": ""التجمع الوطني للأحرار"", ""label"": ""neutral"", ""label_ar"": ""محايد أو إخباري"", ""confidence"": ""low"", ""positive_score"": 0, ""negative_score"": 0, ""mention_count"": 1, ""editorial_segment_count"": 0, ""reported_segment_count"": 1, ""evidence"": []}, {""target_id"": ""person_001"", ""target_type"": ""person"", ""target_name"": ""عزيز أخنوش"", ""label"": ""neutral"", ""label_ar"": ""محايد أو إخباري"", ""confidence"": ""medium"", ""positive_score"": 0, ""negative_score"": 0, ""mention_count"": 6, ""editorial_segment_count"": 0, ""reported_segment_count"": 6, ""evidence"": []}]",evt_6f104dffa541,2026-08-30T16:43:47.177965+00:00
3a0df9245ebc030f,agadirino,أكاديرينو,"""الأحرار"" يجدد الثقة في المرأة السوسية.. زينة أدحلي تقود لائحة الحزب بأكادير إداوتنان - agadirino.ma",https://agadirino.ma/2026/08/30/%D8%A7%D9%84%D8%A3%D8%AD%D8%B1%D8%A7%D8%B1-%D9%8A%D8%AC%D8%AF%D8%AF-%D8%A7%D9%84%D8%AB%D9%82%D8%A9-%D9%81%D9%8A-%D8%A7%D9%84%D9%85%D8%B1%D8%A3%D8%A9-%D8%A7%D9%84%D8%B3%D9%88%D8%B3%D9%8A%D8%A9,Driss Driss,2026-08-29,2026-08-30T16:43:47.177965+00:00,2026-08-30T16:43:47.177965+00:00,ar,أعلنت زينة أدحلي، النائبة البرلمانية عن فريق التجمع الوطني للأحرار، مساء أمس السبت بمدينة أكادير، ترشحها رسمياً وكيلة للائحة المحلية للحزب بأكادير إداوتنان. وجاء الإعلان,304,"{""region"": ""سوس ماسة"", ""primary_provinces"": [""أكادير إداوتنان""], ""primary_places"": [""أكادير""], ""secondary_provinces"": [""تزنيت"", ""اشتوكة أيت باها""], ""secondary_places"": [""تزنيت"", ""ماسة""]}","{""primary"": [{""id"": ""RNI"", ""name"": ""التجمع الوطني للأحرار""}], ""secondary"": []}","{""primary"": [], ""secondary"": []}","{""primary"": [], ""secondary"": [{""id"": ""candidacy_nomination"", ""name"": ""الترشح والتزكية"", ""hits"": [""ترشحها""]}, {""id"": ""party_activity"", ""name"": ""الأنشطة والتنظيمات الحزبية"", ""hits"": [""لقاء تواصلي""]}, {""id"": ""elections"", ""name"": ""الانتخابات والاقتراع"", ""hits"": [""الاستحقاقات""]}]}","{""level"": ""medium"", ""geographic_score"": 4, ""political_score"": 2, ""decision_reason"": ""صلة جغرافية وسياسية مقبولة"", ""geographic_reasons"": [""إقليم رئيسي داخل سوس ماسة"", ""مدينة أو مكان رئيسي داخل سوس ماسة""], ""political_reasons"": [""أحزاب رئيسية: التجمع الوطني للأحرار""], ""accepted"": true}","[{""target_id"": ""RNI"", ""target_type"": ""party"", ""target_name"": ""التجمع الوطني للأحرار"", ""label"": ""neutral"", ""label_ar"": ""محايد أو إخباري"", ""confidence"": ""medium"", ""positive_score"": 0, ""negative_score"": 0, ""mention_count"": 3, ""editorial_segment_count"": 3, ""reported_segment_count"": 0, ""evidence"": []}]",evt_3a0df9245ebc,2026-08-30T16:43:47.177965+00:00
d43be0f76039df56,agadirinfo,أكادير أنفو,أخنوش: المغرب تحت قيادة جلالة الملك جعل من السلم والأمن والاستقرار في إفريقيا خيارا استراتيجيا والتزاما ثابتا - أكادير انفو - Agadir info,https://agadirinfo.ma/134135.html,اكادير انفو,2026-08-29,2026-08-30T21:10:12.153098+00:00,2026-08-30T21:10:12.153098+00:00,ar,خبار بلاديأخنوش: المغرب تحت قيادة جلالة الملك جعل من السلم والأمن والاستقرار في إفريقيا خيارا استراتيجيا والتزاما ثابتا أكد رئيس الحكومة عزيز أخنوش، اليوم الأحد,374,"{""region"": ""سوس ماسة"", ""primary_provinces"": [""أكادير إداوتنان""], ""primary_places"": [""أكادير""], ""secondary_provinces"": [], ""secondary_places"": []}","{""primary"": [], ""secondary"": []}","{""primary"": [{""id"": ""person_001"", ""name"": ""عزيز أخنوش"", ""tier"": ""priority""}], ""secondary"": []}","{""primary"": [{""id"": ""political_statements"", ""name"": ""التصريحات والمواقف السياسية"", ""hits"": [""أكد"", ""اعتبر""]}, {""id"": ""government_politics"", ""name"": ""السياسات والحصيلة الحكومية"", ""hits"": [""رئيس الحكومة""]}], ""secondary"": []}","{""level"": ""strong"", ""geographic_score"": 4, ""political_score"": 4, ""decision_reason"": ""صلة جغرافية وسياسية قوية"", ""geographic_reasons"": [""إقليم رئيسي داخل سوس ماسة"", ""مدينة أو مكان رئيسي داخل سوس ماسة""], ""political_reasons"": [""شخصيات رئيسية: عزيز أخنوش"", ""مواضيع سياسية: التصريحات والمواقف السياسية, السياسات والحصيلة الحكومية""], ""accepted"": true}","[{""target_id"": ""person_001"", ""target_type"": ""person"", ""target_name"": ""عزيز أخنوش"", ""label"": ""neutral"", ""label_ar"": ""محايد أو إخباري"", ""confidence"": ""medium"", ""positive_score"": 0, ""negative_score"": 0, ""mention_count"": 4, ""editorial_segment_count"": 2, ""reported_segment_count"": 2, ""evidence"": []}]",evt_d43be0f76039,2026-08-30T21:10:12.153098+00:00
2040370596922eb6,al3omk,العمق المغربي,صراع الصلاحيات مع ماتياس يُنهي رحلة نصر الدين نابي مع الرجاء الرياضي,https://al3omk.com/1183577.html,أيوب رفيق,2026-08-29,2026-08-30T21:10:12.153098+00:00,2026-08-30T21:10:12.153098+00:00,ar,صراع الصلاحيات مع ماتياس يُنهي رحلة نصر الدين نابي مع الرجاء الرياضي يُخيِّم التوتر على علاقة الطاقم التقني لنادي الرجاء الرياضي من جهة والإدارة الرياضية,369,"{""region"": ""سوس ماسة"", ""primary_provinces"": [""أكادير إداوتنان""], ""primary_places"": [""أكادير""], ""secondary_provinces"": [], ""secondary_places"": []}","{""primary"": [], ""secondary"": []}","{""primary"": [], ""secondary"": []}","{""primary"": [{""id"": ""alliances_conflicts"", ""name"": ""التحالفات والخلافات السياسية"", ""hits"": [""صراع""]}], ""secondary"": [{""id"": ""resignation_defection"", ""name"": ""الاستقالة وتغيير الانتماء"", ""hits"": [""استقالته""]}]}","{""level"": ""medium"", ""geographic_score"": 4, ""political_score"": 2, ""decision_reason"": ""صلة جغرافية وسياسية مقبولة"", ""geographic_reasons"": [""إقليم رئيسي داخل سوس ماسة"", ""مدينة أو مكان رئيسي داخل سوس ماسة""], ""political_reasons"": [""مواضيع سياسية: التحالفات والخلافات السياسية""], ""accepted"": true}",[],evt_204037059692,2026-08-30T21:10:12.153098+00:00
68896b7afd9353d1,chtoukapress,اشتوكة بريس,تعزية في وفاة خال رئيس المجلس الجماعي لسيدي بيبي,https://www.chtoukapress.com/306350.html,Amikkk,2026-08-28,2026-08-29T16:45:14.714399+00:00,2026-08-29T16:45:14.714399+00:00,ar,بسم الله الرحمن الرحيم قال تعالى: وَبَشِّرِ الصَّابِرِينَ الَّذِينَ إِذَا أَصَابَتْهُمْ مُصِيبَةٌ قَالُوا إِنَّا لِلَّهِ وَإِنَّا إِلَيْهِ رَاجِعُونَ أُوْلَئِكَ عَلَيْهِمْ صَلَوَاتٌ مِنْ رَبِّهِمْ وَرَحْمَةٌ وَأُوْلَئِكَ,103,"{""region"": ""سوس ماسة"", ""primary_provinces"": [""اشتوكة أيت باها""], ""primary_places"": [""سيدي بيبي""], ""secondary_provinces"": [], ""secondary_places"": []}","{""primary"": [], ""secondary"": []}","{""primary"": [], ""secondary"": []}","{""primary"": [{""id"": ""elected_councils"", ""name"": ""المجالس المنتخبة والتدبير المحلي"", ""hits"": [""المجلس الجماعي"", ""رئيس المجلس""]}], ""secondary"": []}","{""level"": ""medium"", ""geographic_score"": 4, ""political_score"": 2, ""decision_reason"": ""صلة جغرافية وسياسية مقبولة"", ""geographic_reasons"": [""إقليم رئيسي داخل سوس ماسة"", ""مدينة أو مكان رئيسي داخل سوس ماسة""], ""political_reasons"": [""مواضيع سياسية: المجالس المنتخبة والتدبير المحلي""], ""accepted"": true}",[],evt_68896b7afd93,2026-08-29T16:45:14.714399+00:00
0a7b0ed348ad1f6e,agadirinfo,أكادير أنفو,انتخاب أعضاء مجلس النواب.. إيداع التصريحات بالترشيح ابتداء من الاثنين 31 غشت إلى غاية الأربعاء 9 شتنبر 2026 - أكادير انفو - Agadir info,https://agadirinfo.ma/134096.html,اكادير انفو,2026-08-28,2026-08-29T16:45:14.714399+00:00,2026-08-29T16:45:14.714399+00:00,ar,البولتيك بالمغربانتخاب أعضاء مجلس النواب.. إيداع التصريحات بالترشيح ابتداء من الاثنين 31 غشت إلى غاية الأربعاء 9 شتنبر 2026 أفاد بلاغ لوزير الداخلية، اليوم السبت،,440,"{""region"": ""سوس ماسة"", ""primary_provinces"": [""أكادير إداوتنان""], ""primary_places"": [""أكادير""], ""secondary_provinces"": [], ""secondary_places"": []}","{""primary"": [], ""secondary"": []}","{""primary"": [], ""secondary"": []}","{""primary"": [{""id"": ""political_statements"", ""name"": ""التصريحات والمواقف السياسية"", ""hits"": [""بلاغ"", ""أكد""]}, {""id"": ""candidacy_nomination"", ""name"": ""الترشح والتزكية"", ""hits"": [""الترشح"", ""وكيل اللائحة""]}], ""secondary"": [{""id"": ""elections"", ""name"": ""الانتخابات والاقتراع"", ""hits"": [""انتخابات""]}, {""id"": ""electoral_campaign"", ""name"": ""الحملة الانتخابية"", ""hits"": [""الحملة الانتخابية""]}]}","{""level"": ""strong"", ""geographic_score"": 4, ""political_score"": 4, ""decision_reason"": ""صلة جغرافية وسياسية قوية"", ""geographic_reasons"": [""إقليم رئيسي داخل سوس ماسة"", ""مدينة أو مكان رئيسي داخل سوس ماسة""], ""political_reasons"": [""مواضيع سياسية: التصريحات والمواقف السياسية, الترشح والتزكية""], ""accepted"": true}",[],evt_0a7b0ed348ad,2026-08-29T16:45:14.714399+00:00
e5d3cb299d474c1d,thepress,ThePress,حزب الاستقلال يعلن دفعة جديدة من مرشحي الانتخابات التشريعية,https://thepress.ma/%D8%AD%D8%B2%D8%A8-%D8%A7%D9%84%D8%A7%D8%B3%D8%AA%D9%82%D9%84%D8%A7%D9%84-%D9%8A%D8%B9%D9%84%D9%86-%D8%AF%D9%81%D8%B9%D8%A9-%D8%AC%D8%AF%D9%8A%D8%AF%D8%A9-%D9%85%D9%86-%D9%85%D8%B1%D8%B4%D8%AD%D9%8A,خولة الطهيري,2026-08-28,2026-08-29T16:45:14.714399+00:00,2026-08-29T16:45:14.714399+00:00,ar,صادقت اللجنة التنفيذية لحزب الاستقلال، برئاسة الأمين العام نزار بركة، على دفعة جديدة من الترشيحات لخوض الانتخابات التشريعية المقبلة، وذلك خلال اجتماعها المنعقد الخميس 27,243,"{""region"": ""سوس ماسة"", ""primary_provinces"": [""اشتوكة أيت باها""], ""primary_places"": [""ماسة""], ""secondary_provinces"": [], ""secondary_places"": []}","{""primary"": [{""id"": ""PI"", ""name"": ""حزب الاستقلال""}], ""secondary"": []}","{""primary"": [{""id"": ""person_019"", ""name"": ""نزار بركة"", ""tier"": ""priority""}], ""secondary"": []}","{""primary"": [], ""secondary"": [{""id"": ""elections"", ""name"": ""الانتخابات والاقتراع"", ""hits"": [""استحقاقات""]}]}","{""level"": ""medium"", ""geographic_score"": 4, ""political_score"": 3, ""decision_reason"": ""صلة جغرافية وسياسية مقبولة"", ""geographic_reasons"": [""إقليم رئيسي داخل سوس ماسة"", ""مدينة أو مكان رئيسي داخل سوس ماسة""], ""political_reasons"": [""أحزاب رئيسية: حزب الاستقلال"", ""شخصيات رئيسية: نزار بركة""], ""accepted"": true}","[{""target_id"": ""PI"", ""target_type"": ""party"", ""target_name"": ""حزب الاستقلال"", ""label"": ""neutral"", ""label_ar"": ""محايد أو إخباري"", ""confidence"": ""medium"", ""positive_score"": 0, ""negative_score"": 0, ""mention_count"": 3, ""editorial_segment_count"": 2, ""reported_segment_count"": 1, ""evidence"": []}, {""target_id"": ""person_019"", ""target_type"": ""person"", ""target_name"": ""نزار بركة"", ""label"": ""neutral"", ""label_ar"": ""محايد أو إخباري"", ""confidence"": ""low"", ""positive_score"": 0, ""negative_score"": 0, ""mention_count"": 1, ""editorial_segment_count"": 1, ""reported_segment_count"": 0, ""evidence"": []}]",evt_e5d3cb299d47,2026-08-29T16:45:14.714399+00:00
782f17df7e5da265,thepress,ThePress,"""البام"" يكشف أسماء وكيلات اللوائح الجهوية للنساء",https://thepress.ma/%D8%A7%D9%84%D8%A8%D8%A7%D9%85-%D9%8A%D9%83%D8%B4%D9%81-%D8%A3%D8%B3%D9%85%D8%A7%D8%A1-%D9%88%D9%83%D9%8A%D9%84%D8%A7%D8%AA-%D8%A7%D9%84%D9%84%D9%88%D8%A7%D8%A6%D8%AD-%D8%A7%D9%84%D8%AC%D9%87,خولة الطهيري,2026-08-28,2026-08-29T16:45:14.714399+00:00,2026-08-29T16:45:14.714399+00:00,ar,كشف حزب الأصالة والمعاصرة، أمس الجمعة، عن أسماء النساء اللواتي سيتصدرن اللوائح الجهوية المخصصة للنساء في الانتخابات التشريعية المقرر تنظيمها يوم 23 شتنبر المقبل، وذلك,223,"{""region"": ""سوس ماسة"", ""primary_provinces"": [""اشتوكة أيت باها""], ""primary_places"": [""ماسة""], ""secondary_provinces"": [], ""secondary_places"": []}","{""primary"": [{""id"": ""PAM"", ""name"": ""حزب الأصالة والمعاصرة""}], ""secondary"": []}","{""primary"": [], ""secondary"": []}","{""primary"": [], ""secondary"": [{""id"": ""elections"", ""name"": ""الانتخابات والاقتراع"", ""hits"": [""استحقاقات""]}, {""id"": ""political_statements"", ""name"": ""التصريحات والمواقف السياسية"", ""hits"": [""أكد""]}]}","{""level"": ""medium"", ""geographic_score"": 4, ""political_score"": 2, ""decision_reason"": ""صلة جغرافية وسياسية مقبولة"", ""geographic_reasons"": [""إقليم رئيسي داخل سوس ماسة"", ""مدينة أو مكان رئيسي داخل سوس ماسة""], ""political_reasons"": [""أحزاب رئيسية: حزب الأصالة والمعاصرة""], ""accepted"": true}","[{""target_id"": ""PAM"", ""target_type"": ""party"", ""target_name"": ""حزب الأصالة والمعاصرة"", ""label"": ""neutral"", ""label_ar"": ""محايد أو إخباري"", ""confidence"": ""medium"", ""positive_score"": 0, ""negative_score"": 0, ""mention_count"": 3, ""editorial_segment_count"": 2, ""reported_segment_count"": 1, ""evidence"": []}]",evt_2fc8ea049acf,2026-08-29T16:45:14.714399+00:00
8f227e83efab622a,agadirino,أكاديرينو,"شوكي من أكادير: ""الأحرار"" في أتم الجاهزية للانتخابات ورهاننا كسب ثقة المغاربة (فيديو) - agadirino.ma",https://agadirino.ma/2026/08/29/%D8%B4%D9%88%D9%83%D9%8A-%D9%85%D9%86-%D8%A3%D9%83%D8%A7%D8%AF%D9%8A%D8%B1-%D8%A7%D9%84%D8%A3%D8%AD%D8%B1%D8%A7%D8%B1-%D9%81%D9%8A-%D8%A3%D8%AA%D9%85-%D8%A7%D9%84%D8%AC%D8%A7%D9%87%D8%B2%D9%8A,Driss Driss,2026-08-28,2026-08-29T20:57:32.619895+00:00,2026-08-29T20:57:32.619895+00:00,ar,أكد محمد شوكي، القيادي بحزب التجمع الوطني للأحرار، أن الحزب يوجد في أتم الجاهزية لخوض الاستحقاقات الانتخابية المقبلة، مؤكداً أن رهان الأحرار يتمثل في كسب,226,"{""region"": ""سوس ماسة"", ""primary_provinces"": [""أكادير إداوتنان""], ""primary_places"": [""أكادير""], ""secondary_provinces"": [""اشتوكة أيت باها""], ""secondary_places"": [""ماسة""]}","{""primary"": [{""id"": ""RNI"", ""name"": ""التجمع الوطني للأحرار""}], ""secondary"": []}","{""primary"": [], ""secondary"": []}","{""primary"": [{""id"": ""elections"", ""name"": ""الانتخابات والاقتراع"", ""hits"": [""انتخابات"", ""الاستحقاقات الانتخابية"", ""الاستحقاقات""]}, {""id"": ""political_statements"", ""name"": ""التصريحات والمواقف السياسية"", ""hits"": [""أكد"", ""اعتبر""]}], ""secondary"": [{""id"": ""party_activity"", ""name"": ""الأنشطة والتنظيمات الحزبية"", ""hits"": [""لقاء تواصلي""]}, {""id"": ""government_politics"", ""name"": ""السياسات والحصيلة الحكومية"", ""hits"": [""الحصيلة الحكومية""]}]}","{""level"": ""strong"", ""geographic_score"": 4, ""political_score"": 6, ""decision_reason"": ""صلة جغرافية وسياسية قوية"", ""geographic_reasons"": [""إقليم رئيسي داخل سوس ماسة"", ""مدينة أو مكان رئيسي داخل سوس ماسة""], ""political_reasons"": [""أحزاب رئيسية: التجمع الوطني للأحرار"", ""مواضيع سياسية: الانتخابات والاقتراع, التصريحات والمواقف السياسية""], ""accepted"": true}","[{""target_id"": ""RNI"", ""target_type"": ""party"", ""target_name"": ""التجمع الوطني للأحرار"", ""label"": ""favorable"", ""label_ar"": ""إيجابي أو داعم"", ""confidence"": ""medium"", ""positive_score"": 3, ""negative_score"": 0, ""mention_count"": 5, ""editorial_segment_count"": 1, ""reported_segment_count"": 4, ""evidence"": [""ثقة""]}]",evt_8f227e83efab,2026-08-29T20:57:32.619895+00:00
bc3476e01f888e22,agadirinfo,أكادير أنفو,البحرية الملكية تعترض 201 مرشح للهجرة غير النظامية بالداخلة كانوا يعتزمون التوجه إلى جزر الكناري - أكادير انفو - Agadir info,https://agadirinfo.ma/134100.html,اكادير انفو,2026-08-28,2026-08-29T20:57:32.619895+00:00,2026-08-29T20:57:32.619895+00:00,ar,خبار بلاديالبحرية الملكية تعترض 201 مرشح للهجرة غير النظامية بالداخلة كانوا يعتزمون التوجه إلى جزر الكناري اعترضت وحدات من البحرية الملكية، اليوم السبت، على بعد,102,"{""region"": ""سوس ماسة"", ""primary_provinces"": [""أكادير إداوتنان""], ""primary_places"": [""أكادير""], ""secondary_provinces"": [], ""secondary_places"": []}","{""primary"": [], ""secondary"": []}","{""primary"": [], ""secondary"": []}","{""primary"": [{""id"": ""candidacy_nomination"", ""name"": ""الترشح والتزكية"", ""hits"": [""مرشح""]}], ""secondary"": [{""id"": ""political_statements"", ""name"": ""التصريحات والمواقف السياسية"", ""hits"": [""بلاغ""]}]}","{""level"": ""medium"", ""geographic_score"": 4, ""political_score"": 3, ""decision_reason"": ""صلة جغرافية وسياسية مقبولة"", ""geographic_reasons"": [""إقليم رئيسي داخل سوس ماسة"", ""مدينة أو مكان رئيسي داخل سوس ماسة""], ""political_reasons"": [""مواضيع سياسية: الترشح والتزكية""], ""accepted"": true}",[],evt_bc3476e01f88,2026-08-29T20:57:32.619895+00:00
edb3d6730a8d1594,agadir24,أكادير24,بالأسماء والانتماءات الحزبية.. خريطة نواب سوس ماسة في نهاية الولاية التشريعية 2021-2026 | agadir24.info,https://agadir24.info/%D8%A8%D8%A7%D9%84%D8%A3%D8%B3%D9%85%D8%A7%D8%A1-%D9%88%D8%A7%D9%84%D8%A7%D9%86%D8%AA%D9%85%D8%A7%D8%A1%D8%A7%D8%AA-%D8%A7%D9%84%D8%AD%D8%B2%D8%A8%D9%8A%D8%A9-%D8%AE%D8%B1%D9%8A%D8%B7%D8%A9-%D9%86.html,عبدالله بن عيسى,2026-08-28,2026-08-29T20:57:32.619895+00:00,2026-08-29T20:57:32.619895+00:00,ar,تختتم جهة سوس ماسة الولاية التشريعية الحالية بتمثيلية تضم 28 عضوا بمجلس النواب، موزعين بين 21 نائبا منتخبا عن سبع دوائر محلية وسبعة أعضاء عن,731,"{""region"": ""سوس ماسة"", ""primary_provinces"": [""أكادير إداوتنان""], ""primary_places"": [""أكادير""], ""secondary_provinces"": [""إنزكان أيت ملول"", ""اشتوكة أيت باها"", ""تارودانت"", ""طاطا""], ""secondary_places"": [""ماسة"", ""أيت باها"", ""أيت ملول"", ""إنزكان"", ""تارودانت""]}","{""primary"": [{""id"": ""PI"", ""name"": ""حزب الاستقلال""}, {""id"": ""USFP"", ""name"": ""الاتحاد الاشتراكي للقوات الشعبية""}, {""id"": ""RNI"", ""name"": ""التجمع الوطني للأحرار""}, {""id"": ""PAM"", ""name"": ""حزب الأصالة والمعاصرة""}], ""secondary"": [{""id"": ""PPS"", ""name"": ""حزب التقدم والاشتراكية""}, {""id"": ""PJD"", ""name"": ""حزب العدالة والتنمية""}]}","{""primary"": [{""id"": ""person_003"", ""name"": ""كريم أشنكلي"", ""tier"": ""priority""}], ""secondary"": [{""id"": ""person_014"", ""name"": ""حميد وهبي"", ""tier"": ""priority""}, {""id"": ""person_004"", ""name"": ""عبد الصمد قيوح"", ""tier"": ""priority""}, {""id"": ""person_015"", ""name"": ""عبد العزيز البهجة"", ""tier"": ""priority""}, {""id"": ""person_002"", ""name"": ""عبد اللطيف وهبي"", ""tier"": ""priority""}, {""id"": ""person_006"", ""name"": ""لحسن السعدي"", ""tier"": ""priority""}, {""id"": ""person_062"", ""name"": ""أحمد بومكوك"", ""tier"": ""secondary""}, {""id"": ""person_073"", ""name"": ""إبراهيم أجنين"", ""tier"": ""secondary""}, {""id"": ""person_049"", ""name"": ""إسماعيل الزيتوني"", ""tier"": ""secondary""}, {""id"": ""person_061"", ""name"": ""إسماعيل كرام"", ""tier"": ""secondary""}, {""id"": ""person_038"", ""name"": ""جمال ديواني"", ""tier"": ""secondary""}, {""id"": ""person_085"", ""name"": ""حنان عدباوي"", ""tier"": ""secondary""}, {""id"": ""person_051"", ""name"": ""خالد الشناق"", ""tier"": ""secondary""}, {""id"": ""person_084"", ""name"": ""عبد الله غازي"", ""tier"": ""secondary""}]}","{""primary"": [{""id"": ""elections"", ""name"": ""الانتخابات والاقتراع"", ""hits"": [""انتخابات"", ""اقتراع""]}], ""secondary"": [{""id"": ""results_polls"", ""name"": ""النتائج والاستطلاعات الانتخابية"", ""hits"": [""المقاعد""]}, {""id"": ""government_politics"", ""name"": ""السياسات والحصيلة الحكومية"", ""hits"": [""الأغلبية الحكومية""]}]}","{""level"": ""strong"", ""geographic_score"": 4, ""political_score"": 6, ""decision_reason"": ""صلة جغرافية وسياسية قوية"", ""geographic_reasons"": [""إقليم رئيسي داخل سوس ماسة"", ""مدينة أو مكان رئيسي داخل سوس ماسة""], ""political_reasons"": [""أحزاب رئيسية: حزب الاستقلال, الاتحاد الاشتراكي للقوات الشعبية, التجمع الوطني للأحرار, حزب الأصالة والمعاصرة"", ""شخصيات رئيسية: كريم أشنكلي"", ""مواضيع سياسية: الانتخابات والاقتراع""], ""accepted"": true}","[{""target_id"": ""PI"", ""target_type"": ""party"", ""target_name"": ""حزب الاستقلال"", ""label"": ""favorable"", ""label_ar"": ""إيجابي أو داعم"", ""confidence"": ""medium"", ""positive_score"": 2, ""negative_score"": 0, ""mention_count"": 4, ""editorial_segment_count"": 4, ""reported_segment_count"": 0, ""evidence"": [""فاز"", ""فاز""]}, {""target_id"": ""USFP"", ""target_type"": ""party"", ""target_name"": ""الاتحاد الاشتراكي للقوات الشعبية"", ""label"": ""neutral"", ""label_ar"": ""محايد أو إخباري"", ""confidence"": ""medium"", ""positive_score"": 0, ""negative_score"": 0, ""mention_count"": 3, ""editorial_segment_count"": 3, ""reported_segment_count"": 0, ""evidence"": []}, {""target_id"": ""RNI"", ""target_type"": ""party"", ""target_name"": ""التجمع الوطني للأحرار"", ""label"": ""neutral"", ""label_ar"": ""محايد أو إخباري"", ""confidence"": ""medium"", ""positive_score"": 0, ""negative_score"": 0, ""mention_count"": 6, ""editorial_segment_count"": 6, ""reported_segment_count"": 0, ""evidence"": []}, {""target_id"": ""PAM"", ""target_type"": ""party"", ""target_name"": ""حزب الأصالة والمعاصرة"", ""label"": ""unclear"", ""label_ar"": ""غير واضح"", ""confidence"": ""low"", ""positive_score"": 1, ""negative_score"": 0, ""mention_count"": 6, ""editorial_segment_count"": 6, ""reported_segment_count"": 0, ""evidence"": [""فاز""]}, {""target_id"": ""PPS"", ""target_type"": ""party"", ""target_name"": ""حزب التقدم والاشتراكية"", ""label"": ""neutral"", ""label_ar"": ""محايد أو إخباري"", ""confidence"": ""medium"", ""positive_score"": 0, ""negative_score"": 0, ""mention_count"": 2, ""editorial_segment_count"": 2, ""reported_segment_count"": 0, ""evidence"": []}, {""target_id"": ""PJD"", ""target_type"": ""party"", ""target_name"": ""حزب العدالة والتنمية"", ""label"": ""neutral"", ""label_ar"": ""محايد أو إخباري"", ""confidence"": ""medium"", ""positive_score"": 0, ""negative_score"": 0, ""mention_count"": 2, ""editorial_segment_count"": 2, ""reported_segment_count"": 0, ""evidence"": []}, {""target_id"": ""person_003"", ""target_type"": ""person"", ""target_name"": ""كريم أشنكلي"", ""label"": ""neutral"", ""label_ar"": ""محايد أو إخباري"", ""confidence"": ""low"", ""positive_score"": 0, ""negative_score"": 0, ""mention_count"": 1, ""editorial_segment_count"": 1, ""reported_segment_count"": 0, ""evidence"": []}, {""target_id"": ""person_014"", ""target_type"": ""person"", ""target_name"": ""حميد وهبي"", ""label"": ""neutral"", ""label_ar"": ""محايد أو إخباري"", ""confidence"": ""low"", ""positive_score"": 0, ""negative_score"": 0, ""mention_count"": 1, ""editorial_segment_count"": 1, ""reported_segment_count"": 0, ""evidence"": []}, {""target_id"": ""person_004"", ""target_type"": ""person"", ""target_name"": ""عبد الصمد قيوح"", ""label"": ""unclear"", ""label_ar"": ""غير واضح"", ""confidence"": ""low"", ""positive_score"": 1, ""negative_score"": 0, ""mention_count"": 1, ""editorial_segment_count"": 1, ""reported_segment_count"": 0, ""evidence"": [""فاز""]}, {""target_id"": ""person_015"", ""target_type"": ""person"", ""target_name"": ""عبد العزيز البهجة"", ""label"": ""unclear"", ""label_ar"": ""غير واضح"", ""confidence"": ""low"", ""positive_score"": 1, ""negative_score"": 0, ""mention_count"": 2, ""editorial_segment_count"": 2, ""reported_segment_count"": 0, ""evidence"": [""فاز""]}, {""target_id"": ""person_002"", ""target_type"": ""person"", ""target_name"": ""عبد اللطيف وهبي"", ""label"": ""unclear"", ""label_ar"": ""غير واضح"", ""confidence"": ""low"", ""positive_score"": 1, ""negative_score"": 0, ""mention_count"": 1, ""editorial_segment_count"": 1, ""reported_segment_count"": 0, ""evidence"": [""فاز""]}, {""target_id"": ""person_006"", ""target_type"": ""person"", ""target_name"": ""لحسن السعدي"", ""label"": ""unclear"", ""label_ar"": ""غير واضح"", ""confidence"": ""low"", ""positive_score"": 1, ""negative_score"": 0, ""mention_count"": 1, ""editorial_segment_count"": 1, ""reported_segment_count"": 0, ""evidence"": [""فاز""]}, {""target_id"": ""person_062"", ""target_type"": ""person"", ""target_name"": ""أحمد بومكوك"", ""label"": ""neutral"", ""label_ar"": ""محايد أو إخباري"", ""confidence"": ""low"", ""positive_score"": 0, ""negative_score"": 0, ""mention_count"": 1, ""editorial_segment_count"": 1, ""reported_segment_count"": 0, ""evidence"": []}, {""target_id"": ""person_073"", ""target_type"": ""person"", ""target_name"": ""إبراهيم أجنين"", ""label"": ""unclear"", ""label_ar"": ""غير واضح"", ""confidence"": ""low"", ""positive_score"": 1, ""negative_score"": 0, ""mention_count"": 2, ""editorial_segment_count"": 2, ""reported_segment_count"": 0, ""evidence"": [""فاز""]}, {""target_id"": ""person_049"", ""target_type"": ""person"", ""target_name"": ""إسماعيل الزيتوني"", ""label"": ""neutral"", ""label_ar"": ""محايد أو إخباري"", ""confidence"": ""medium"", ""positive_score"": 0, ""negative_score"": 0, ""mention_count"": 2, ""editorial_segment_count"": 2, ""reported_segment_count"": 0, ""evidence"": []}, {""target_id"": ""person_061"", ""target_type"": ""person"", ""target_name"": ""إسماعيل كرام"", ""label"": ""neutral"", ""label_ar"": ""محايد أو إخباري"", ""confidence"": ""medium"", ""positive_score"": 0, ""negative_score"": 0, ""mention_count"": 2, ""editorial_segment_count"": 2, ""reported_segment_count"": 0, ""evidence"": []}, {""target_id"": ""person_038"", ""target_type"": ""person"", ""target_name"": ""جمال ديواني"", ""label"": ""neutral"", ""label_ar"": ""محايد أو إخباري"", ""confidence"": ""low"", ""positive_score"": 0, ""negative_score"": 0, ""mention_count"": 1, ""editorial_segment_count"": 1, ""reported_segment_count"": 0, ""evidence"": []}, {""target_id"": ""person_085"", ""target_type"": ""person"", ""target_name"": ""حنان عدباوي"", ""label"": ""neutral"", ""label_ar"": ""محايد أو إخباري"", ""confidence"": ""low"", ""positive_score"": 0, ""negative_score"": 0, ""mention_count"": 1, ""editorial_segment_count"": 1, ""reported_segment_count"": 0, ""evidence"": []}, {""target_id"": ""person_051"", ""target_type"": ""person"", ""target_name"": ""خالد الشناق"", ""label"": ""neutral"", ""label_ar"": ""محايد أو إخباري"", ""confidence"": ""low"", ""positive_score"": 0, ""negative_score"": 0, ""mention_count"": 1, ""editorial_segment_count"": 1, ""reported_segment_count"": 0, ""evidence"": []}, {""target_id"": ""person_084"", ""target_type"": ""person"", ""target_name"": ""عبد الله غازي"", ""label"": ""neutral"", ""label_ar"": ""محايد أو إخباري"", ""confidence"": ""medium"", ""positive_score"": 0, ""negative_score"": 0, ""mention_count"": 2, ""editorial_segment_count"": 2, ""reported_segment_count"": 0, ""evidence"": []}]",evt_edb3d6730a8d,2026-08-29T20:57:32.619895+00:00
b71e282a69859393,agadir24,أكادير24,"زكية الدريوش تعلن قائمة مرشحات لائحة ""الأحرار"" بسوس ماسة وتستحضر 30 سنة من العطاء للجهة | agadir24.info",https://agadir24.info/%D8%B2%D9%83%D9%8A%D8%A9-%D8%A7%D9%84%D8%AF%D8%B1%D9%8A%D9%88%D8%B4-%D8%AA%D8%B9%D9%84%D9%86-%D9%82%D8%A7%D8%A6%D9%85%D8%A9-%D9%85%D8%B1%D8%B4%D8%AD%D8%A7%D8%AA-%D9%84%D8%A7%D8%A6%D8%AD%D8%A9-%D8%A7.html,أكادير,2026-08-28,2026-08-29T20:57:32.619895+00:00,2026-08-29T20:57:32.619895+00:00,ar,كشفت زكية الدريوش، وكيلة اللائحة الجهوية لحزب التجمع الوطني للأحرار بجهة سوس ماسة، عن أسماء بقية المرشحات في اللائحة، واللاتي تضم كل من: سكينة أوبركة،,138,"{""region"": ""سوس ماسة"", ""primary_provinces"": [""أكادير إداوتنان"", ""اشتوكة أيت باها""], ""primary_places"": [""ماسة""], ""secondary_provinces"": [], ""secondary_places"": [""أكادير""]}","{""primary"": [{""id"": ""RNI"", ""name"": ""التجمع الوطني للأحرار""}], ""secondary"": []}","{""primary"": [{""id"": ""person_001"", ""name"": ""عزيز أخنوش"", ""tier"": ""priority""}], ""secondary"": []}","{""primary"": [], ""secondary"": [{""id"": ""party_activity"", ""name"": ""الأنشطة والتنظيمات الحزبية"", ""hits"": [""لقاء تواصلي""]}]}","{""level"": ""medium"", ""geographic_score"": 4, ""political_score"": 3, ""decision_reason"": ""صلة جغرافية وسياسية مقبولة"", ""geographic_reasons"": [""إقليم رئيسي داخل سوس ماسة"", ""مدينة أو مكان رئيسي داخل سوس ماسة""], ""political_reasons"": [""أحزاب رئيسية: التجمع الوطني للأحرار"", ""شخصيات رئيسية: عزيز أخنوش""], ""accepted"": true}","[{""target_id"": ""RNI"", ""target_type"": ""party"", ""target_name"": ""التجمع الوطني للأحرار"", ""label"": ""neutral"", ""label_ar"": ""محايد أو إخباري"", ""confidence"": ""medium"", ""positive_score"": 0, ""negative_score"": 0, ""mention_count"": 2, ""editorial_segment_count"": 2, ""reported_segment_count"": 0, ""evidence"": []}, {""target_id"": ""person_001"", ""target_type"": ""person"", ""target_name"": ""عزيز أخنوش"", ""label"": ""neutral"", ""label_ar"": ""محايد أو إخباري"", ""confidence"": ""low"", ""positive_score"": 0, ""negative_score"": 0, ""mention_count"": 1, ""editorial_segment_count"": 1, ""reported_segment_count"": 0, ""evidence"": []}]",evt_b71e282a6985,2026-08-29T20:57:32.619895+00:00
f4483387aafb4f48,agadir24,أكادير24,شوكي يعلن رسميا من أكادير تزكية الدريوش وكيلة للائحة الجهوية للحمامة بجهة سوس ماسة | agadir24.info,https://agadir24.info/%D8%B4%D9%88%D9%83%D9%8A-%D9%8A%D8%B9%D9%84%D9%86-%D8%B1%D8%B3%D9%85%D9%8A%D8%A7-%D9%85%D9%86-%D8%A3%D9%83%D8%A7%D8%AF%D9%8A%D8%B1-%D8%AA%D8%B2%D9%83%D9%8A%D8%A9-%D8%A7%D9%84%D8%AF%D8%B1%D9%8A%D9%88.html,أكادير,2026-08-28,2026-08-29T20:57:32.619895+00:00,2026-08-29T20:57:32.619895+00:00,ar,أعلن محمد شوكي، رئيس حزب التجمع الوطني للأحرار، خلال لقاء تواصلي عُقد بمدينة أكادير، عن اعتماد زكية الدريوش، كاتبة الدولة المكلفة بالصيد البحري وعضو المكتب,141,"{""region"": ""سوس ماسة"", ""primary_provinces"": [""أكادير إداوتنان"", ""اشتوكة أيت باها""], ""primary_places"": [""أكادير"", ""ماسة""], ""secondary_provinces"": [], ""secondary_places"": []}","{""primary"": [{""id"": ""RNI"", ""name"": ""التجمع الوطني للأحرار""}], ""secondary"": []}","{""primary"": [], ""secondary"": []}","{""primary"": [{""id"": ""candidacy_nomination"", ""name"": ""الترشح والتزكية"", ""hits"": [""تزكية""]}], ""secondary"": [{""id"": ""elections"", ""name"": ""الانتخابات والاقتراع"", ""hits"": [""الاستحقاقات""]}, {""id"": ""party_activity"", ""name"": ""الأنشطة والتنظيمات الحزبية"", ""hits"": [""لقاء تواصلي""]}, {""id"": ""government_politics"", ""name"": ""السياسات والحصيلة الحكومية"", ""hits"": [""الحصيلة الحكومية""]}]}","{""level"": ""strong"", ""geographic_score"": 4, ""political_score"": 5, ""decision_reason"": ""صلة جغرافية وسياسية قوية"", ""geographic_reasons"": [""إقليم رئيسي داخل سوس ماسة"", ""مدينة أو مكان رئيسي داخل سوس ماسة""], ""political_reasons"": [""أحزاب رئيسية: التجمع الوطني للأحرار"", ""مواضيع سياسية: الترشح والتزكية""], ""accepted"": true}","[{""target_id"": ""RNI"", ""target_type"": ""party"", ""target_name"": ""التجمع الوطني للأحرار"", ""label"": ""neutral"", ""label_ar"": ""محايد أو إخباري"", ""confidence"": ""low"", ""positive_score"": 0, ""negative_score"": 0, ""mention_count"": 1, ""editorial_segment_count"": 0, ""reported_segment_count"": 1, ""evidence"": []}]",evt_f4483387aafb,2026-08-29T20:57:32.619895+00:00
126f4f6c4e012259,agadir24,أكادير24,أخنوش يستعرض «ثورة أكادير التنموية» في لقاء حزبي ويختار الصمت تجاه اتهامات الخصوم | agadir24.info,https://agadir24.info/%D8%A3%D8%AE%D9%86%D9%88%D8%B4-%D9%8A%D8%B3%D8%AA%D8%B9%D8%B1%D8%B6-%D8%AB%D9%88%D8%B1%D8%A9-%D8%A3%D9%83%D8%A7%D8%AF%D9%8A%D8%B1-%D8%A7%D9%84%D8%AA%D9%86%D9%85%D9%88%D9%8A%D8%A9-%D9%81.html,أكادير,2026-08-28,2026-08-29T20:57:32.619895+00:00,2026-08-29T20:57:32.619895+00:00,ar,تجاهل عزيز أخنوش، رئيس الحكومة والأمين العام لحزب التجمع الوطني للأحرار، الاتهامات والانتقادات الموجهة إليه و لحزبه من طرف الخصوم السياسيين، مفضلاً التركيز الكامل على,323,"{""region"": ""سوس ماسة"", ""primary_provinces"": [""أكادير إداوتنان""], ""primary_places"": [""أكادير""], ""secondary_provinces"": [], ""secondary_places"": []}","{""primary"": [{""id"": ""RNI"", ""name"": ""التجمع الوطني للأحرار""}], ""secondary"": []}","{""primary"": [{""id"": ""person_001"", ""name"": ""عزيز أخنوش"", ""tier"": ""priority""}], ""secondary"": []}","{""primary"": [{""id"": ""government_politics"", ""name"": ""السياسات والحصيلة الحكومية"", ""hits"": [""رئيس الحكومة""]}], ""secondary"": [{""id"": ""party_activity"", ""name"": ""الأنشطة والتنظيمات الحزبية"", ""hits"": [""لقاء تواصلي""]}, {""id"": ""elected_councils"", ""name"": ""المجالس المنتخبة والتدبير المحلي"", ""hits"": [""المجلس الجماعي""]}, {""id"": ""political_statements"", ""name"": ""التصريحات والمواقف السياسية"", ""hits"": [""أكد""]}]}","{""level"": ""strong"", ""geographic_score"": 4, ""political_score"": 5, ""decision_reason"": ""صلة جغرافية وسياسية قوية"", ""geographic_reasons"": [""إقليم رئيسي داخل سوس ماسة"", ""مدينة أو مكان رئيسي داخل سوس ماسة""], ""political_reasons"": [""أحزاب رئيسية: التجمع الوطني للأحرار"", ""شخصيات رئيسية: عزيز أخنوش"", ""مواضيع سياسية: السياسات والحصيلة الحكومية""], ""accepted"": true}","[{""target_id"": ""RNI"", ""target_type"": ""party"", ""target_name"": ""التجمع الوطني للأحرار"", ""label"": ""critical"", ""label_ar"": ""ناقد أو سلبي"", ""confidence"": ""medium"", ""positive_score"": 0, ""negative_score"": 2, ""mention_count"": 1, ""editorial_segment_count"": 1, ""reported_segment_count"": 0, ""evidence"": [""انتقادات""]}, {""target_id"": ""person_001"", ""target_type"": ""person"", ""target_name"": ""عزيز أخنوش"", ""label"": ""unclear"", ""label_ar"": ""غير واضح"", ""confidence"": ""low"", ""positive_score"": 1, ""negative_score"": 2, ""mention_count"": 6, ""editorial_segment_count"": 4, ""reported_segment_count"": 2, ""evidence"": [""انتقادات"", ""دينامية""]}]",evt_126f4f6c4e01,2026-08-29T20:57:32.619895+00:00
70336f15664dfd24,hespress,هسبريس,"شوكي يلمح إلى ""الأصالة والمعاصرة"": التصدّر لا يُصنع بالصور الزائفة",https://www.hespress.com/%D8%B4%D9%88%D9%83%D9%8A-%D9%8A%D9%84%D9%85%D8%AD-%D8%A5%D9%84%D9%89-%D8%A7%D9%84%D8%A3%D8%B5%D8%A7%D9%84%D8%A9-%D9%88%D8%A7%D9%84%D9%85%D8%B9%D8%A7%D8%B5%D8%B1%D8%A9-%D8%A7%D9%84%D8%AA%D8%B5-1798982.html,هسبريس,2026-08-28,2026-08-29T20:57:32.619895+00:00,2026-08-29T20:57:32.619895+00:00,ar,بعد أسبوع حافل بالتراشق السياسي بين حزبي “الحمامة” و”الجرار”، دعا محمد شوكي، رئيس حزب التجمع الوطني للأحرار، السبت، منافسيه إلى تقديم بدائلهم للمغاربة في مجالات,396,"{""region"": ""سوس ماسة"", ""primary_provinces"": [""اشتوكة أيت باها""], ""primary_places"": [""ماسة""], ""secondary_provinces"": [], ""secondary_places"": []}","{""primary"": [{""id"": ""PAM"", ""name"": ""حزب الأصالة والمعاصرة""}, {""id"": ""RNI"", ""name"": ""التجمع الوطني للأحرار""}, {""id"": ""PI"", ""name"": ""حزب الاستقلال""}], ""secondary"": []}","{""primary"": [{""id"": ""person_001"", ""name"": ""عزيز أخنوش"", ""tier"": ""priority""}, {""id"": ""person_031"", ""name"": ""فوزي لقجع"", ""tier"": ""priority""}], ""secondary"": []}","{""primary"": [{""id"": ""government_politics"", ""name"": ""السياسات والحصيلة الحكومية"", ""hits"": [""رئيس الحكومة""]}], ""secondary"": [{""id"": ""elections"", ""name"": ""الانتخابات والاقتراع"", ""hits"": [""انتخابات""]}, {""id"": ""party_activity"", ""name"": ""الأنشطة والتنظيمات الحزبية"", ""hits"": [""لقاء تواصلي""]}, {""id"": ""results_polls"", ""name"": ""النتائج والاستطلاعات الانتخابية"", ""hits"": [""المقاعد""]}, {""id"": ""political_statements"", ""name"": ""التصريحات والمواقف السياسية"", ""hits"": [""اعتبر""]}]}","{""level"": ""strong"", ""geographic_score"": 4, ""political_score"": 5, ""decision_reason"": ""صلة جغرافية وسياسية قوية"", ""geographic_reasons"": [""إقليم رئيسي داخل سوس ماسة"", ""مدينة أو مكان رئيسي داخل سوس ماسة""], ""political_reasons"": [""أحزاب رئيسية: حزب الأصالة والمعاصرة, التجمع الوطني للأحرار, حزب الاستقلال"", ""شخصيات رئيسية: عزيز أخنوش, فوزي لقجع"", ""مواضيع سياسية: السياسات والحصيلة الحكومية""], ""accepted"": true}","[{""target_id"": ""PAM"", ""target_type"": ""party"", ""target_name"": ""حزب الأصالة والمعاصرة"", ""label"": ""neutral"", ""label_ar"": ""محايد أو إخباري"", ""confidence"": ""medium"", ""positive_score"": 0, ""negative_score"": 0, ""mention_count"": 3, ""editorial_segment_count"": 1, ""reported_segment_count"": 2, ""evidence"": []}, {""target_id"": ""RNI"", ""target_type"": ""party"", ""target_name"": ""التجمع الوطني للأحرار"", ""label"": ""neutral"", ""label_ar"": ""محايد أو إخباري"", ""confidence"": ""medium"", ""positive_score"": 0, ""negative_score"": 0, ""mention_count"": 4, ""editorial_segment_count"": 0, ""reported_segment_count"": 4, ""evidence"": []}, {""target_id"": ""PI"", ""target_type"": ""party"", ""target_name"": ""حزب الاستقلال"", ""label"": ""neutral"", ""label_ar"": ""محايد أو إخباري"", ""confidence"": ""low"", ""positive_score"": 0, ""negative_score"": 0, ""mention_count"": 0, ""editorial_segment_count"": 0, ""reported_segment_count"": 0, ""evidence"": []}, {""target_id"": ""person_001"", ""target_type"": ""person"", ""target_name"": ""عزيز أخنوش"", ""label"": ""neutral"", ""label_ar"": ""محايد أو إخباري"", ""confidence"": ""low"", ""positive_score"": 0, ""negative_score"": 0, ""mention_count"": 1, ""editorial_segment_count"": 0, ""reported_segment_count"": 1, ""evidence"": []}, {""target_id"": ""person_031"", ""target_type"": ""person"", ""target_name"": ""فوزي لقجع"", ""label"": ""neutral"", ""label_ar"": ""محايد أو إخباري"", ""confidence"": ""low"", ""positive_score"": 0, ""negative_score"": 0, ""mention_count"": 1, ""editorial_segment_count"": 0, ""reported_segment_count"": 1, ""evidence"": []}]",evt_70336f15664d,2026-08-29T20:57:32.619895+00:00
8184066759e5a3ee,chtoukapress,اشتوكة بريس,أخنوش: التنمية بأكادير رؤية متكاملة تخدم المواطن وتنعكس على جودة حياته,https://www.chtoukapress.com/306363.html,Chtouka,2026-08-28,2026-08-30T05:28:26.109906+00:00,2026-08-30T05:28:26.109906+00:00,ar,أكد عزيز أخنوش، رئيس مجلس جماعة أكادير وعضو المكتب السياسي لحزب التجمع الوطني للأحرار، خلال لقاء تواصلي نظم بالمدينة، أن العمل السياسي لا قيمة له,259,"{""region"": ""سوس ماسة"", ""primary_provinces"": [""أكادير إداوتنان""], ""primary_places"": [""أكادير""], ""secondary_provinces"": [], ""secondary_places"": []}","{""primary"": [{""id"": ""RNI"", ""name"": ""التجمع الوطني للأحرار""}], ""secondary"": []}","{""primary"": [{""id"": ""person_001"", ""name"": ""عزيز أخنوش"", ""tier"": ""priority""}], ""secondary"": []}","{""primary"": [{""id"": ""political_statements"", ""name"": ""التصريحات والمواقف السياسية"", ""hits"": [""أكد"", ""اعتبر""]}], ""secondary"": [{""id"": ""party_activity"", ""name"": ""الأنشطة والتنظيمات الحزبية"", ""hits"": [""لقاء تواصلي""]}]}","{""level"": ""strong"", ""geographic_score"": 4, ""political_score"": 5, ""decision_reason"": ""صلة جغرافية وسياسية قوية"", ""geographic_reasons"": [""إقليم رئيسي داخل سوس ماسة"", ""مدينة أو مكان رئيسي داخل سوس ماسة""], ""political_reasons"": [""أحزاب رئيسية: التجمع الوطني للأحرار"", ""شخصيات رئيسية: عزيز أخنوش"", ""مواضيع سياسية: التصريحات والمواقف السياسية""], ""accepted"": true}","[{""target_id"": ""RNI"", ""target_type"": ""party"", ""target_name"": ""التجمع الوطني للأحرار"", ""label"": ""neutral"", ""label_ar"": ""محايد أو إخباري"", ""confidence"": ""low"", ""positive_score"": 0, ""negative_score"": 0, ""mention_count"": 1, ""editorial_segment_count"": 0, ""reported_segment_count"": 1, ""evidence"": []}, {""target_id"": ""person_001"", ""target_type"": ""person"", ""target_name"": ""عزيز أخنوش"", ""label"": ""neutral"", ""label_ar"": ""محايد أو إخباري"", ""confidence"": ""medium"", ""positive_score"": 0, ""negative_score"": 0, ""mention_count"": 5, ""editorial_segment_count"": 2, ""reported_segment_count"": 3, ""evidence"": []}]",evt_8184066759e5,2026-08-30T05:28:26.109906+00:00
4ef4edc1960416c7,hespress,هسبريس,"قياديات بـ""الأحرار"": حولنا 20 مليون سائح إلى واقع.. ونثق بالشباب والنساء",https://www.hespress.com/%D9%82%D9%8A%D8%A7%D8%AF%D9%8A%D8%A7%D8%AA-%D8%A8%D9%80%D8%A7%D9%84%D8%A3%D8%AD%D8%B1%D8%A7%D8%B1-%D8%AD%D9%88%D9%84%D9%86%D8%A7-20-%D9%85%D9%84%D9%8A%D9%88%D9%86-%D8%B3%D8%A7%D8%A6%D8%AD-%D8%A5-1799104.html,هسبريس من أكادير,2026-08-28,2026-08-30T05:28:26.109906+00:00,2026-08-30T05:28:26.109906+00:00,ar,قالت فاطمة الزهراء عمور، عضو المكتب السياسي لحزب التجمع الوطني للأحرار، السبت، إن الحزب “استطاع تنزيل أوراش كبرى ظلّ المغاربة ينتظرونها لسنين”، مشيرةً إلى “الدعم,424,"{""region"": ""سوس ماسة"", ""primary_provinces"": [""تارودانت""], ""primary_places"": [""تارودانت""], ""secondary_provinces"": [""أكادير إداوتنان"", ""اشتوكة أيت باها""], ""secondary_places"": [""أكادير"", ""ماسة""]}","{""primary"": [{""id"": ""RNI"", ""name"": ""التجمع الوطني للأحرار""}], ""secondary"": []}","{""primary"": [], ""secondary"": []}","{""primary"": [], ""secondary"": [{""id"": ""elections"", ""name"": ""الانتخابات والاقتراع"", ""hits"": [""انتخابات""]}, {""id"": ""party_activity"", ""name"": ""الأنشطة والتنظيمات الحزبية"", ""hits"": [""لقاء تواصلي""]}, {""id"": ""candidacy_nomination"", ""name"": ""الترشح والتزكية"", ""hits"": [""الترشح""]}]}","{""level"": ""medium"", ""geographic_score"": 4, ""political_score"": 2, ""decision_reason"": ""صلة جغرافية وسياسية مقبولة"", ""geographic_reasons"": [""إقليم رئيسي داخل سوس ماسة"", ""مدينة أو مكان رئيسي داخل سوس ماسة""], ""political_reasons"": [""أحزاب رئيسية: التجمع الوطني للأحرار""], ""accepted"": true}","[{""target_id"": ""RNI"", ""target_type"": ""party"", ""target_name"": ""التجمع الوطني للأحرار"", ""label"": ""neutral"", ""label_ar"": ""محايد أو إخباري"", ""confidence"": ""medium"", ""positive_score"": 0, ""negative_score"": 0, ""mention_count"": 4, ""editorial_segment_count"": 1, ""reported_segment_count"": 3, ""evidence"": []}]",evt_4ef4edc19604,2026-08-30T05:28:26.109906+00:00
d4d60589b9bfdd7f,hespress,هسبريس,20 ملياراً لأحياء الجبال واستثمارات للتنمية.. أخنوش يعرض حصيلة أكادير,https://www.hespress.com/20-%D9%85%D9%84%D9%8A%D8%A7%D8%B1%D8%A7%D9%8B-%D9%84%D8%A3%D8%AD%D9%8A%D8%A7%D8%A1-%D8%A7%D9%84%D8%AC%D8%A8%D8%A7%D9%84-%D9%88%D8%A7%D8%B3%D8%AA%D8%AB%D9%85%D8%A7%D8%B1%D8%A7%D8%AA-%D9%84%D9%84%D8%AA-1799072.html,هسبريس من أكادير,2026-08-28,2026-08-30T05:28:26.109906+00:00,2026-08-30T05:28:26.109906+00:00,ar,أشاد عزيز أخنوش، رئيس الحكومة وعمدة مدينة أكادير، بحصيلة تدبير حزب التجمع الوطني للأحرار رفقة حلفائه للمجلس الجماعي بعاصمة سوس منذ سنة 2021، مشيراً إلى,601,"{""region"": ""سوس ماسة"", ""primary_provinces"": [""أكادير إداوتنان""], ""primary_places"": [""أكادير""], ""secondary_provinces"": [""اشتوكة أيت باها""], ""secondary_places"": [""ماسة"", ""أنزا"", ""أورير"", ""تغازوت"", ""تيكيوين""]}","{""primary"": [{""id"": ""RNI"", ""name"": ""التجمع الوطني للأحرار""}], ""secondary"": []}","{""primary"": [{""id"": ""person_001"", ""name"": ""عزيز أخنوش"", ""tier"": ""priority""}], ""secondary"": []}","{""primary"": [{""id"": ""government_politics"", ""name"": ""السياسات والحصيلة الحكومية"", ""hits"": [""رئيس الحكومة""]}], ""secondary"": [{""id"": ""elections"", ""name"": ""الانتخابات والاقتراع"", ""hits"": [""انتخابات""]}, {""id"": ""party_activity"", ""name"": ""الأنشطة والتنظيمات الحزبية"", ""hits"": [""لقاء تواصلي""]}, {""id"": ""elected_councils"", ""name"": ""المجالس المنتخبة والتدبير المحلي"", ""hits"": [""المجلس الجماعي""]}]}","{""level"": ""strong"", ""geographic_score"": 4, ""political_score"": 5, ""decision_reason"": ""صلة جغرافية وسياسية قوية"", ""geographic_reasons"": [""إقليم رئيسي داخل سوس ماسة"", ""مدينة أو مكان رئيسي داخل سوس ماسة""], ""political_reasons"": [""أحزاب رئيسية: التجمع الوطني للأحرار"", ""شخصيات رئيسية: عزيز أخنوش"", ""مواضيع سياسية: السياسات والحصيلة الحكومية""], ""accepted"": true}","[{""target_id"": ""RNI"", ""target_type"": ""party"", ""target_name"": ""التجمع الوطني للأحرار"", ""label"": ""favorable"", ""label_ar"": ""إيجابي أو داعم"", ""confidence"": ""medium"", ""positive_score"": 2, ""negative_score"": 0, ""mention_count"": 1, ""editorial_segment_count"": 1, ""reported_segment_count"": 0, ""evidence"": [""أشاد""]}, {""target_id"": ""person_001"", ""target_type"": ""person"", ""target_name"": ""عزيز أخنوش"", ""label"": ""favorable"", ""label_ar"": ""إيجابي أو داعم"", ""confidence"": ""medium"", ""positive_score"": 2, ""negative_score"": 0, ""mention_count"": 9, ""editorial_segment_count"": 2, ""reported_segment_count"": 7, ""evidence"": [""أشاد""]}]",evt_d4d60589b9bf,2026-08-30T05:28:26.109906+00:00
f3cee1f222750e59,chtoukapress,اشتوكة بريس,قيادات حزب “الأحرار” تلتئم غدا السبت بأكادير,https://www.chtoukapress.com/306307.html,اشتوكة بريس,2026-08-27,2026-08-28T11:28:27.053319+00:00,2026-08-28T11:28:27.053319+00:00,ar,علمت اشتوكة بريس أن قيادات حزب التجمع الوطني للأحرار، ستجتمع غدا السبت بمدينة أكادير، في لقاء سياسي مرتقب، ينتظر أن يتم خلاله الإعلان رسميا عن,140,"{""region"": ""سوس ماسة"", ""primary_provinces"": [""أكادير إداوتنان"", ""إنزكان أيت ملول""], ""primary_places"": [""أكادير""], ""secondary_provinces"": [""اشتوكة أيت باها"", ""تارودانت"", ""طاطا""], ""secondary_places"": [""أيت باها"", ""أيت ملول"", ""إنزكان"", ""تارودانت"", ""ماسة""]}","{""primary"": [{""id"": ""RNI"", ""name"": ""التجمع الوطني للأحرار""}], ""secondary"": []}","{""primary"": [{""id"": ""person_061"", ""name"": ""إسماعيل كرام"", ""tier"": ""secondary""}, {""id"": ""person_084"", ""name"": ""عبد الله غازي"", ""tier"": ""secondary""}, {""id"": ""person_052"", ""name"": ""عمر أمين"", ""tier"": ""secondary""}], ""secondary"": []}","{""primary"": [], ""secondary"": [{""id"": ""candidacy_nomination"", ""name"": ""الترشح والتزكية"", ""hits"": [""تزكية""]}]}","{""level"": ""medium"", ""geographic_score"": 4, ""political_score"": 3, ""decision_reason"": ""صلة جغرافية وسياسية مقبولة"", ""geographic_reasons"": [""إقليم رئيسي داخل سوس ماسة"", ""مدينة أو مكان رئيسي داخل سوس ماسة""], ""political_reasons"": [""أحزاب رئيسية: التجمع الوطني للأحرار"", ""شخصيات رئيسية: إسماعيل كرام, عبد الله غازي, عمر أمين""], ""accepted"": true}","[{""target_id"": ""RNI"", ""target_type"": ""party"", ""target_name"": ""التجمع الوطني للأحرار"", ""label"": ""neutral"", ""label_ar"": ""محايد أو إخباري"", ""confidence"": ""medium"", ""positive_score"": 0, ""negative_score"": 0, ""mention_count"": 3, ""editorial_segment_count"": 3, ""reported_segment_count"": 0, ""evidence"": []}, {""target_id"": ""person_061"", ""target_type"": ""person"", ""target_name"": ""إسماعيل كرام"", ""label"": ""neutral"", ""label_ar"": ""محايد أو إخباري"", ""confidence"": ""low"", ""positive_score"": 0, ""negative_score"": 0, ""mention_count"": 1, ""editorial_segment_count"": 1, ""reported_segment_count"": 0, ""evidence"": []}, {""target_id"": ""person_084"", ""target_type"": ""person"", ""target_name"": ""عبد الله غازي"", ""label"": ""neutral"", ""label_ar"": ""محايد أو إخباري"", ""confidence"": ""low"", ""positive_score"": 0, ""negative_score"": 0, ""mention_count"": 1, ""editorial_segment_count"": 1, ""reported_segment_count"": 0, ""evidence"": []}, {""target_id"": ""person_052"", ""target_type"": ""person"", ""target_name"": ""عمر أمين"", ""label"": ""neutral"", ""label_ar"": ""محايد أو إخباري"", ""confidence"": ""low"", ""positive_score"": 0, ""negative_score"": 0, ""mention_count"": 1, ""editorial_segment_count"": 1, ""reported_segment_count"": 0, ""evidence"": []}]",evt_f3cee1f22275,2026-08-28T11:28:27.053319+00:00
2d80dd34edf2967a,le360,Le360,انتخابات 2026 (5): النفوذ والمال والجاه.. الوزيرة السابقة شرفات أفيلال تفضح «الميركاتو الانتخابي» وتعري واقع «صناعة الأعيان»,https://ar.le360.ma/politique/MGHT6N67DNCTPJXD5R2ZLYITFI,أشرف الحساني; عبد الرحيم الطاهيري; خليل السالك,2026-08-27,2026-08-28T11:28:27.053319+00:00,2026-08-28T11:28:27.053319+00:00,ar,وتقول شرفات أفيلال، الوزيرة السابقة المنتدبة المكلفة بالماء بأن «الأحزاب اليسارية بالمغرب لم تمت، وأنها تمثل اليوم مشروعا مجتمعيا حقيقيا، إذ رغم وجود أعطاب على,519,"{""region"": ""سوس ماسة"", ""primary_provinces"": [""اشتوكة أيت باها""], ""primary_places"": [""ماسة""], ""secondary_provinces"": [], ""secondary_places"": []}","{""primary"": [{""id"": ""PPS"", ""name"": ""حزب التقدم والاشتراكية""}], ""secondary"": []}","{""primary"": [], ""secondary"": []}","{""primary"": [{""id"": ""elections"", ""name"": ""الانتخابات والاقتراع"", ""hits"": [""انتخابات"", ""استحقاقات"", ""انتخابية"", ""التصويت"", ""الاستحقاقات""]}, {""id"": ""candidacy_nomination"", ""name"": ""الترشح والتزكية"", ""hits"": [""تزكية"", ""التزكيات"", ""مرشحا"", ""ترشيحها""]}], ""secondary"": [{""id"": ""results_polls"", ""name"": ""النتائج والاستطلاعات الانتخابية"", ""hits"": [""المقاعد""]}]}","{""level"": ""strong"", ""geographic_score"": 4, ""political_score"": 6, ""decision_reason"": ""صلة جغرافية وسياسية قوية"", ""geographic_reasons"": [""إقليم رئيسي داخل سوس ماسة"", ""مدينة أو مكان رئيسي داخل سوس ماسة""], ""political_reasons"": [""أحزاب رئيسية: حزب التقدم والاشتراكية"", ""مواضيع سياسية: الانتخابات والاقتراع, الترشح والتزكية""], ""accepted"": true}","[{""target_id"": ""PPS"", ""target_type"": ""party"", ""target_name"": ""حزب التقدم والاشتراكية"", ""label"": ""neutral"", ""label_ar"": ""محايد أو إخباري"", ""confidence"": ""medium"", ""positive_score"": 0, ""negative_score"": 0, ""mention_count"": 4, ""editorial_segment_count"": 0, ""reported_segment_count"": 4, ""evidence"": []}]",evt_2d80dd34edf2,2026-08-28T11:28:27.053319+00:00
f934510271bbdc88,le360,Le360,سباق تشريعيات 2026: وزراء يختارون مواجهة صناديق الاقتراع وآخرون يفضلون الانسحاب,https://ar.le360.ma/politique/JV263DLJ6VDFFLY7Z2QD2RANX4,طارق قطاب,2026-08-27,2026-08-28T11:28:27.053319+00:00,2026-08-28T11:28:27.053319+00:00,ar,وتبرز الخريطة الانتخابية لأعضاء الجهاز التنفيذي تباين الرهانات الحزبية والحسابات الفردية؛ فبينما يقود حزب الأصالة والمعاصرة حملة هجومية عبر الدفع بوزير الميزانية فوزي لقجع، يعيد,1397,"{""region"": ""سوس ماسة"", ""primary_provinces"": [""تارودانت""], ""primary_places"": [""تارودانت""], ""secondary_provinces"": [], ""secondary_places"": []}","{""primary"": [{""id"": ""PAM"", ""name"": ""حزب الأصالة والمعاصرة""}, {""id"": ""PI"", ""name"": ""حزب الاستقلال""}, {""id"": ""RNI"", ""name"": ""التجمع الوطني للأحرار""}], ""secondary"": []}","{""primary"": [{""id"": ""person_031"", ""name"": ""فوزي لقجع"", ""tier"": ""priority""}], ""secondary"": [{""id"": ""person_004"", ""name"": ""عبد الصمد قيوح"", ""tier"": ""priority""}, {""id"": ""person_002"", ""name"": ""عبد اللطيف وهبي"", ""tier"": ""priority""}, {""id"": ""person_027"", ""name"": ""عبد الوافي لفتيت"", ""tier"": ""priority""}, {""id"": ""person_023"", ""name"": ""فاطمة الزهراء المنصوري"", ""tier"": ""priority""}, {""id"": ""person_006"", ""name"": ""لحسن السعدي"", ""tier"": ""priority""}, {""id"": ""person_019"", ""name"": ""نزار بركة"", ""tier"": ""priority""}]}","{""primary"": [{""id"": ""elections"", ""name"": ""الانتخابات والاقتراع"", ""hits"": [""تشريعيات"", ""صناديق الاقتراع"", ""انتخابات"", ""انتخابية"", ""الاستحقاقات""]}, {""id"": ""candidacy_nomination"", ""name"": ""الترشح والتزكية"", ""hits"": [""ترشح"", ""الترشح"", ""ترشحه""]}, {""id"": ""government_politics"", ""name"": ""السياسات والحصيلة الحكومية"", ""hits"": [""رئيس الحكومة""]}], ""secondary"": [{""id"": ""alliances_conflicts"", ""name"": ""التحالفات والخلافات السياسية"", ""hits"": [""صراع""]}, {""id"": ""legal_accountability"", ""name"": ""المتابعات والعزل والمحاسبة"", ""hits"": [""تضارب المصالح""]}]}","{""level"": ""strong"", ""geographic_score"": 4, ""political_score"": 7, ""decision_reason"": ""صلة جغرافية وسياسية قوية"", ""geographic_reasons"": [""إقليم رئيسي داخل سوس ماسة"", ""مدينة أو مكان رئيسي داخل سوس ماسة""], ""political_reasons"": [""أحزاب رئيسية: حزب الأصالة والمعاصرة, حزب الاستقلال, التجمع الوطني للأحرار"", ""شخصيات رئيسية: فوزي لقجع"", ""مواضيع سياسية: الانتخابات والاقتراع, الترشح والتزكية, السياسات والحصيلة الحكومية""], ""accepted"": true}","[{""target_id"": ""PAM"", ""target_type"": ""party"", ""target_name"": ""حزب الأصالة والمعاصرة"", ""label"": ""favorable"", ""label_ar"": ""إيجابي أو داعم"", ""confidence"": ""medium"", ""positive_score"": 2, ""negative_score"": 0, ""mention_count"": 5, ""editorial_segment_count"": 4, ""reported_segment_count"": 1, ""evidence"": [""حضور وازن"", ""كفاءات""]}, {""target_id"": ""PI"", ""target_type"": ""party"", ""target_name"": ""حزب الاستقلال"", ""label"": ""unclear"", ""label_ar"": ""غير واضح"", ""confidence"": ""low"", ""positive_score"": 1, ""negative_score"": 0, ""mention_count"": 3, ""editorial_segment_count"": 3, ""reported_segment_count"": 0, ""evidence"": [""فاز""]}, {""target_id"": ""RNI"", ""target_type"": ""party"", ""target_name"": ""التجمع الوطني للأحرار"", ""label"": ""unclear"", ""label_ar"": ""غير واضح"", ""confidence"": ""low"", ""positive_score"": 1, ""negative_score"": 0, ""mention_count"": 4, ""editorial_segment_count"": 4, ""reported_segment_count"": 0, ""evidence"": [""كفاءات""]}, {""target_id"": ""person_031"", ""target_type"": ""person"", ""target_name"": ""فوزي لقجع"", ""label"": ""unclear"", ""label_ar"": ""غير واضح"", ""confidence"": ""low"", ""positive_score"": 1, ""negative_score"": 0, ""mention_count"": 5, ""editorial_segment_count"": 5, ""reported_segment_count"": 0, ""evidence"": [""حضور وازن""]}, {""target_id"": ""person_004"", ""target_type"": ""person"", ""target_name"": ""عبد الصمد قيوح"", ""label"": ""neutral"", ""label_ar"": ""محايد أو إخباري"", ""confidence"": ""low"", ""positive_score"": 0, ""negative_score"": 0, ""mention_count"": 1, ""editorial_segment_count"": 1, ""reported_segment_count"": 0, ""evidence"": []}, {""target_id"": ""person_002"", ""target_type"": ""person"", ""target_name"": ""عبد اللطيف وهبي"", ""label"": ""neutral"", ""label_ar"": ""محايد أو إخباري"", ""confidence"": ""low"", ""positive_score"": 0, ""negative_score"": 0, ""mention_count"": 1, ""editorial_segment_count"": 1, ""reported_segment_count"": 0, ""evidence"": []}, {""target_id"": ""person_027"", ""target_type"": ""person"", ""target_name"": ""عبد الوافي لفتيت"", ""label"": ""neutral"", ""label_ar"": ""محايد أو إخباري"", ""confidence"": ""low"", ""positive_score"": 0, ""negative_score"": 0, ""mention_count"": 1, ""editorial_segment_count"": 1, ""reported_segment_count"": 0, ""evidence"": []}, {""target_id"": ""person_023"", ""target_type"": ""person"", ""target_name"": ""فاطمة الزهراء المنصوري"", ""label"": ""neutral"", ""label_ar"": ""محايد أو إخباري"", ""confidence"": ""low"", ""positive_score"": 0, ""negative_score"": 0, ""mention_count"": 1, ""editorial_segment_count"": 1, ""reported_segment_count"": 0, ""evidence"": []}, {""target_id"": ""person_006"", ""target_type"": ""person"", ""target_name"": ""لحسن السعدي"", ""label"": ""neutral"", ""label_ar"": ""محايد أو إخباري"", ""confidence"": ""low"", ""positive_score"": 0, ""negative_score"": 0, ""mention_count"": 1, ""editorial_segment_count"": 1, ""reported_segment_count"": 0, ""evidence"": []}, {""target_id"": ""person_019"", ""target_type"": ""person"", ""target_name"": ""نزار بركة"", ""label"": ""unclear"", ""label_ar"": ""غير واضح"", ""confidence"": ""low"", ""positive_score"": 1, ""negative_score"": 0, ""mention_count"": 1, ""editorial_segment_count"": 1, ""reported_segment_count"": 0, ""evidence"": [""فاز""]}]",evt_f934510271bb,2026-08-28T11:28:27.053319+00:00
57d2a93d2558411e,le360,Le360,PAM vs RNI: pourquoi le ministère des Finances est-il déjà au cœur des convoitises?,https://fr.le360.ma/politique/pam-vs-rni-pourquoi-le-ministere-des-finances-est-il-deja-au-coeur-des-convoitises_PJNLZYFT3FF55EFWB6ZE7MFGEA,Wadie El Mouden,2026-08-27,2026-08-28T11:28:27.053319+00:00,2026-08-28T11:28:27.053319+00:00,fr,"Dans l’enregistrement qui circule, le président de la Chambre des représentants et membre du RNI affirme, en substance, que si son parti conserve la présidence",1460,"{""region"": ""سوس ماسة"", ""primary_provinces"": [""اشتوكة أيت باها""], ""primary_places"": [""ماسة""], ""secondary_provinces"": [], ""secondary_places"": []}","{""primary"": [{""id"": ""RNI"", ""name"": ""التجمع الوطني للأحرار""}, {""id"": ""PAM"", ""name"": ""حزب الأصالة والمعاصرة""}], ""secondary"": [{""id"": ""PI"", ""name"": ""حزب الاستقلال""}]}","{""primary"": [{""id"": ""person_031"", ""name"": ""فوزي لقجع"", ""tier"": ""priority""}], ""secondary"": [{""id"": ""person_019"", ""name"": ""نزار بركة"", ""tier"": ""priority""}]}","{""primary"": [{""id"": ""elections"", ""name"": ""الانتخابات والاقتراع"", ""hits"": [""électorale"", ""législatives"", ""électoral"", ""scrutin"", ""électorales""]}, {""id"": ""government_politics"", ""name"": ""السياسات والحصيلة الحكومية"", ""hits"": [""gouvernement"", ""ministre"", ""projet de loi""]}, {""id"": ""political_statements"", ""name"": ""التصريحات والمواقف السياسية"", ""hits"": [""affirme"", ""communiqué""]}], ""secondary"": [{""id"": ""alliances_conflicts"", ""name"": ""التحالفات والخلافات السياسية"", ""hits"": [""majorité"", ""rupture""]}, {""id"": ""candidacy_nomination"", ""name"": ""الترشح والتزكية"", ""hits"": [""candidats""]}, {""id"": ""resignation_defection"", ""name"": ""الاستقالة وتغيير الانتماء"", ""hits"": [""ralliement""]}, {""id"": ""party_activity"", ""name"": ""الأنشطة والتنظيمات الحزبية"", ""hits"": [""bureau politique""]}, {""id"": ""internal_party_election"", ""name"": ""انتخاب المسؤولين والهياكل الحزبية"", ""hits"": [""coordinateur régional""]}]}","{""level"": ""strong"", ""geographic_score"": 4, ""political_score"": 7, ""decision_reason"": ""صلة جغرافية وسياسية قوية"", ""geographic_reasons"": [""إقليم رئيسي داخل سوس ماسة"", ""مدينة أو مكان رئيسي داخل سوس ماسة""], ""political_reasons"": [""أحزاب رئيسية: التجمع الوطني للأحرار, حزب الأصالة والمعاصرة"", ""شخصيات رئيسية: فوزي لقجع"", ""مواضيع سياسية: الانتخابات والاقتراع, السياسات والحصيلة الحكومية, التصريحات والمواقف السياسية""], ""accepted"": true}","[{""target_id"": ""RNI"", ""target_type"": ""party"", ""target_name"": ""التجمع الوطني للأحرار"", ""label"": ""neutral"", ""label_ar"": ""محايد أو إخباري"", ""confidence"": ""medium"", ""positive_score"": 0, ""negative_score"": 0, ""mention_count"": 16, ""editorial_segment_count"": 14, ""reported_segment_count"": 2, ""evidence"": []}, {""target_id"": ""PAM"", ""target_type"": ""party"", ""target_name"": ""حزب الأصالة والمعاصرة"", ""label"": ""neutral"", ""label_ar"": ""محايد أو إخباري"", ""confidence"": ""medium"", ""positive_score"": 0, ""negative_score"": 0, ""mention_count"": 9, ""editorial_segment_count"": 9, ""reported_segment_count"": 0, ""evidence"": []}, {""target_id"": ""PI"", ""target_type"": ""party"", ""target_name"": ""حزب الاستقلال"", ""label"": ""neutral"", ""label_ar"": ""محايد أو إخباري"", ""confidence"": ""low"", ""positive_score"": 0, ""negative_score"": 0, ""mention_count"": 1, ""editorial_segment_count"": 1, ""reported_segment_count"": 0, ""evidence"": []}, {""target_id"": ""person_031"", ""target_type"": ""person"", ""target_name"": ""فوزي لقجع"", ""label"": ""neutral"", ""label_ar"": ""محايد أو إخباري"", ""confidence"": ""medium"", ""positive_score"": 0, ""negative_score"": 0, ""mention_count"": 14, ""editorial_segment_count"": 11, ""reported_segment_count"": 3, ""evidence"": []}, {""target_id"": ""person_019"", ""target_type"": ""person"", ""target_name"": ""نزار بركة"", ""label"": ""neutral"", ""label_ar"": ""محايد أو إخباري"", ""confidence"": ""medium"", ""positive_score"": 0, ""negative_score"": 0, ""mention_count"": 3, ""editorial_segment_count"": 3, ""reported_segment_count"": 0, ""evidence"": []}]",evt_57d2a93d2558,2026-08-28T11:28:27.053319+00:00
07e978d8ff684874,agadir24,أكادير24,"حزب الأصالة والمعاصرة يحسم معايير ""الكفاءة والاستحقاق"" ويعلن رسمياً عن وكيلات اللوائح الجهوية للنساء | agadir24.info",https://agadir24.info/%D8%AD%D8%B2%D8%A8-%D8%A7%D9%84%D8%A3%D8%B5%D8%A7%D9%84%D8%A9-%D9%88%D8%A7%D9%84%D9%85%D8%B9%D8%A7%D8%B5%D8%B1%D8%A9-%D9%8A%D8%AD%D8%B3%D9%85-%D9%85%D8%B9%D8%A7%D9%8A%D9%8A%D8%B1-%D8%A7%D9%84%D9%83.html,أكادير,2026-08-27,2026-08-28T22:24:22.805175+00:00,2026-08-28T22:24:22.805175+00:00,ar,أعلن حزب الأصالة والمعاصرة رسمياً عن اعتماد وكيلات اللوائح الجهوية للنساء برسم الاستحقاقات التشريعية المقبلة، وذلك عقب استكمال كافة مراحل مسطرة التقييم والانتقاء المعتمدة داخل,319,"{""region"": ""سوس ماسة"", ""primary_provinces"": [""اشتوكة أيت باها""], ""primary_places"": [""ماسة""], ""secondary_provinces"": [], ""secondary_places"": []}","{""primary"": [{""id"": ""PAM"", ""name"": ""حزب الأصالة والمعاصرة""}], ""secondary"": []}","{""primary"": [], ""secondary"": []}","{""primary"": [{""id"": ""elections"", ""name"": ""الانتخابات والاقتراع"", ""hits"": [""الاستحقاقات""]}], ""secondary"": [{""id"": ""internal_party_election"", ""name"": ""انتخاب المسؤولين والهياكل الحزبية"", ""hits"": [""الأمين الجهوي""]}, {""id"": ""political_statements"", ""name"": ""التصريحات والمواقف السياسية"", ""hits"": [""أكد"", ""اعتبر""]}]}","{""level"": ""strong"", ""geographic_score"": 4, ""political_score"": 5, ""decision_reason"": ""صلة جغرافية وسياسية قوية"", ""geographic_reasons"": [""إقليم رئيسي داخل سوس ماسة"", ""مدينة أو مكان رئيسي داخل سوس ماسة""], ""political_reasons"": [""أحزاب رئيسية: حزب الأصالة والمعاصرة"", ""مواضيع سياسية: الانتخابات والاقتراع""], ""accepted"": true}","[{""target_id"": ""PAM"", ""target_type"": ""party"", ""target_name"": ""حزب الأصالة والمعاصرة"", ""label"": ""favorable"", ""label_ar"": ""إيجابي أو داعم"", ""confidence"": ""medium"", ""positive_score"": 3, ""negative_score"": 0, ""mention_count"": 3, ""editorial_segment_count"": 1, ""reported_segment_count"": 2, ""evidence"": [""يحسم""]}]",evt_07e978d8ff68,2026-08-28T22:24:22.805175+00:00
43424438e6c73272,hespress,هسبريس,"انتخابات 2026.. هل يحافظ ""ثلاثي 2021"" على مقاعد إنزكان آيت ملول؟",https://www.hespress.com/%D8%A7%D9%86%D8%AA%D8%AE%D8%A7%D8%A8%D8%A7%D8%AA-2026-%D9%87%D9%84-%D9%8A%D8%AD%D8%A7%D9%81%D8%B8-%D8%AB%D9%84%D8%A7%D8%AB%D9%8A-2021-%D8%B9%D9%84%D9%89-%D9%85%D9%82%D8%A7%D8%B9%D8%AF-%D8%A5-1798254.html,هسبريس,2026-08-27,2026-08-28T22:24:22.805175+00:00,2026-08-28T22:24:22.805175+00:00,ar,تتحوّل دائرة إنزكان- آيت ملول، مع كل استحقاق انتخابي في المغرب، إلى ساحة صراع سياسي محتدم؛ بالنظر إلى وزنها الديمغرافي وثقلها التجاري. وتشكل المقاعد البرلمانية,537,"{""region"": ""سوس ماسة"", ""primary_provinces"": [""إنزكان أيت ملول""], ""primary_places"": [""أيت ملول"", ""إنزكان""], ""secondary_provinces"": [""أكادير إداوتنان""], ""secondary_places"": [""أكادير""]}","{""primary"": [{""id"": ""PJD"", ""name"": ""حزب العدالة والتنمية""}, {""id"": ""USFP"", ""name"": ""الاتحاد الاشتراكي للقوات الشعبية""}, {""id"": ""RNI"", ""name"": ""التجمع الوطني للأحرار""}, {""id"": ""MP"", ""name"": ""الحركة الشعبية""}, {""id"": ""PAM"", ""name"": ""حزب الأصالة والمعاصرة""}, {""id"": ""PPS"", ""name"": ""حزب التقدم والاشتراكية""}], ""secondary"": [{""id"": ""FFD"", ""name"": ""جبهة القوى الديمقراطية""}, {""id"": ""PI"", ""name"": ""حزب الاستقلال""}, {""id"": ""FGD"", ""name"": ""فيدرالية اليسار الديمقراطي""}]}","{""primary"": [], ""secondary"": [{""id"": ""person_049"", ""name"": ""إسماعيل الزيتوني"", ""tier"": ""secondary""}, {""id"": ""person_051"", ""name"": ""خالد الشناق"", ""tier"": ""secondary""}, {""id"": ""person_052"", ""name"": ""عمر أمين"", ""tier"": ""secondary""}, {""id"": ""person_050"", ""name"": ""محمد أودمين"", ""tier"": ""secondary""}]}","{""primary"": [{""id"": ""elections"", ""name"": ""الانتخابات والاقتراع"", ""hits"": [""انتخابات"", ""تشريعيات"", ""الاستحقاقات"", ""اقتراع""]}, {""id"": ""results_polls"", ""name"": ""النتائج والاستطلاعات الانتخابية"", ""hits"": [""المقاعد"", ""نتائج الانتخابات"", ""عدد الأصوات""]}, {""id"": ""alliances_conflicts"", ""name"": ""التحالفات والخلافات السياسية"", ""hits"": [""صراع"", ""تحالف""]}], ""secondary"": [{""id"": ""candidacy_nomination"", ""name"": ""الترشح والتزكية"", ""hits"": [""مرشح"", ""تزكية""]}]}","{""level"": ""strong"", ""geographic_score"": 4, ""political_score"": 6, ""decision_reason"": ""صلة جغرافية وسياسية قوية"", ""geographic_reasons"": [""إقليم رئيسي داخل سوس ماسة"", ""مدينة أو مكان رئيسي داخل سوس ماسة""], ""political_reasons"": [""أحزاب رئيسية: حزب العدالة والتنمية, الاتحاد الاشتراكي للقوات الشعبية, التجمع الوطني للأحرار, الحركة الشعبية"", ""مواضيع سياسية: الانتخابات والاقتراع, النتائج والاستطلاعات الانتخابية, التحالفات والخلافات السياسية""], ""accepted"": true}","[{""target_id"": ""PJD"", ""target_type"": ""party"", ""target_name"": ""حزب العدالة والتنمية"", ""label"": ""unclear"", ""label_ar"": ""غير واضح"", ""confidence"": ""low"", ""positive_score"": 0, ""negative_score"": 1, ""mention_count"": 4, ""editorial_segment_count"": 3, ""reported_segment_count"": 1, ""evidence"": [""تراجع""]}, {""target_id"": ""USFP"", ""target_type"": ""party"", ""target_name"": ""الاتحاد الاشتراكي للقوات الشعبية"", ""label"": ""neutral"", ""label_ar"": ""محايد أو إخباري"", ""confidence"": ""medium"", ""positive_score"": 0, ""negative_score"": 0, ""mention_count"": 2, ""editorial_segment_count"": 2, ""reported_segment_count"": 0, ""evidence"": []}, {""target_id"": ""RNI"", ""target_type"": ""party"", ""target_name"": ""التجمع الوطني للأحرار"", ""label"": ""unclear"", ""label_ar"": ""غير واضح"", ""confidence"": ""low"", ""positive_score"": 1, ""negative_score"": 0, ""mention_count"": 1, ""editorial_segment_count"": 1, ""reported_segment_count"": 0, ""evidence"": [""يحسم""]}, {""target_id"": ""MP"", ""target_type"": ""party"", ""target_name"": ""الحركة الشعبية"", ""label"": ""neutral"", ""label_ar"": ""محايد أو إخباري"", ""confidence"": ""medium"", ""positive_score"": 0, ""negative_score"": 0, ""mention_count"": 2, ""editorial_segment_count"": 2, ""reported_segment_count"": 0, ""evidence"": []}, {""target_id"": ""PAM"", ""target_type"": ""party"", ""target_name"": ""حزب الأصالة والمعاصرة"", ""label"": ""neutral"", ""label_ar"": ""محايد أو إخباري"", ""confidence"": ""medium"", ""positive_score"": 0, ""negative_score"": 0, ""mention_count"": 3, ""editorial_segment_count"": 2, ""reported_segment_count"": 1, ""evidence"": []}, {""target_id"": ""PPS"", ""target_type"": ""party"", ""target_name"": ""حزب التقدم والاشتراكية"", ""label"": ""neutral"", ""label_ar"": ""محايد أو إخباري"", ""confidence"": ""medium"", ""positive_score"": 0, ""negative_score"": 0, ""mention_count"": 3, ""editorial_segment_count"": 2, ""reported_segment_count"": 1, ""evidence"": []}, {""target_id"": ""FFD"", ""target_type"": ""party"", ""target_name"": ""جبهة القوى الديمقراطية"", ""label"": ""neutral"", ""label_ar"": ""محايد أو إخباري"", ""confidence"": ""medium"", ""positive_score"": 0, ""negative_score"": 0, ""mention_count"": 2, ""editorial_segment_count"": 2, ""reported_segment_count"": 0, ""evidence"": []}, {""target_id"": ""PI"", ""target_type"": ""party"", ""target_name"": ""حزب الاستقلال"", ""label"": ""unclear"", ""label_ar"": ""غير واضح"", ""confidence"": ""low"", ""positive_score"": 1, ""negative_score"": 0, ""mention_count"": 3, ""editorial_segment_count"": 2, ""reported_segment_count"": 1, ""evidence"": [""نجح""]}, {""target_id"": ""FGD"", ""target_type"": ""party"", ""target_name"": ""فيدرالية اليسار الديمقراطي"", ""label"": ""neutral"", ""label_ar"": ""محايد أو إخباري"", ""confidence"": ""low"", ""positive_score"": 0, ""negative_score"": 0, ""mention_count"": 1, ""editorial_segment_count"": 1, ""reported_segment_count"": 0, ""evidence"": []}, {""target_id"": ""person_049"", ""target_type"": ""person"", ""target_name"": ""إسماعيل الزيتوني"", ""label"": ""unclear"", ""label_ar"": ""غير واضح"", ""confidence"": ""low"", ""positive_score"": 1, ""negative_score"": 0, ""mention_count"": 1, ""editorial_segment_count"": 1, ""reported_segment_count"": 0, ""evidence"": [""يحسم""]}, {""target_id"": ""person_051"", ""target_type"": ""person"", ""target_name"": ""خالد الشناق"", ""label"": ""unclear"", ""label_ar"": ""غير واضح"", ""confidence"": ""low"", ""positive_score"": 1, ""negative_score"": 0, ""mention_count"": 2, ""editorial_segment_count"": 2, ""reported_segment_count"": 0, ""evidence"": [""نجح""]}, {""target_id"": ""person_052"", ""target_type"": ""person"", ""target_name"": ""عمر أمين"", ""label"": ""neutral"", ""label_ar"": ""محايد أو إخباري"", ""confidence"": ""low"", ""positive_score"": 0, ""negative_score"": 0, ""mention_count"": 1, ""editorial_segment_count"": 0, ""reported_segment_count"": 1, ""evidence"": []}, {""target_id"": ""person_050"", ""target_type"": ""person"", ""target_name"": ""محمد أودمين"", ""label"": ""neutral"", ""label_ar"": ""محايد أو إخباري"", ""confidence"": ""low"", ""positive_score"": 0, ""negative_score"": 0, ""mention_count"": 1, ""editorial_segment_count"": 1, ""reported_segment_count"": 0, ""evidence"": []}]",evt_43424438e6c7,2026-08-28T22:24:22.805175+00:00
2fc8ea049acfcd3a,hespress,هسبريس,"""البام"" يكشف وكيلات اللوائح الجهوية",https://www.hespress.com/%D8%A7%D9%84%D8%A8%D8%A7%D9%85-%D9%8A%D9%83%D8%B4%D9%81-%D9%88%D9%83%D9%8A%D9%84%D8%A7%D8%AA-%D8%A7%D9%84%D9%84%D9%88%D8%A7%D8%A6%D8%AD-%D8%A7%D9%84%D8%AC%D9%87%D9%88%D9%8A%D8%A9-1798250.html,هسبريس من الرباط,2026-08-27,2026-08-28T22:24:22.805175+00:00,2026-08-28T22:24:22.805175+00:00,ar,أعلن حزب الأصالة والمعاصرة اعتماد وكيلات اللوائح الجهوية للنساء في جهات المملكة الـ12، برسم الاستحقاقات التشريعية المقبلة، عقب استكمال مسطرة للتقييم والانتقاء قال الحزب إنها,239,"{""region"": ""سوس ماسة"", ""primary_provinces"": [""اشتوكة أيت باها""], ""primary_places"": [""ماسة""], ""secondary_provinces"": [], ""secondary_places"": []}","{""primary"": [{""id"": ""PAM"", ""name"": ""حزب الأصالة والمعاصرة""}], ""secondary"": []}","{""primary"": [], ""secondary"": []}","{""primary"": [{""id"": ""elections"", ""name"": ""الانتخابات والاقتراع"", ""hits"": [""الاستحقاقات""]}, {""id"": ""political_statements"", ""name"": ""التصريحات والمواقف السياسية"", ""hits"": [""بلاغ"", ""اعتبر""]}], ""secondary"": [{""id"": ""internal_party_election"", ""name"": ""انتخاب المسؤولين والهياكل الحزبية"", ""hits"": [""الأمين الجهوي""]}]}","{""level"": ""strong"", ""geographic_score"": 4, ""political_score"": 6, ""decision_reason"": ""صلة جغرافية وسياسية قوية"", ""geographic_reasons"": [""إقليم رئيسي داخل سوس ماسة"", ""مدينة أو مكان رئيسي داخل سوس ماسة""], ""political_reasons"": [""أحزاب رئيسية: حزب الأصالة والمعاصرة"", ""مواضيع سياسية: الانتخابات والاقتراع, التصريحات والمواقف السياسية""], ""accepted"": true}","[{""target_id"": ""PAM"", ""target_type"": ""party"", ""target_name"": ""حزب الأصالة والمعاصرة"", ""label"": ""neutral"", ""label_ar"": ""محايد أو إخباري"", ""confidence"": ""medium"", ""positive_score"": 0, ""negative_score"": 0, ""mention_count"": 3, ""editorial_segment_count"": 1, ""reported_segment_count"": 2, ""evidence"": []}]",evt_2fc8ea049acf,2026-08-28T22:24:22.805175+00:00
db1af7f17b670bc2,le360,Le360,صراع «الأحرار» و«البام»: لماذا اندلعت معركة حقيبة المالية قبل الأوان؟,https://ar.le360.ma/politique/JXNLFWGNAZE65BYICNTRFGEQ7Q,وديع المودن,2026-08-27,2026-08-28T22:24:22.805175+00:00,2026-08-28T22:24:22.805175+00:00,ar,أكد رئيس مجلس النواب والقيادي في حزب «الحمامة»، ضمن التسجيل المتداول، أنه في حال احتفاظ حزبه برئاسة الحكومة بعد تشريعيات 23 شتنبر، فإن فوزي لقجع,945,"{""region"": ""سوس ماسة"", ""primary_provinces"": [""اشتوكة أيت باها""], ""primary_places"": [""ماسة""], ""secondary_provinces"": [], ""secondary_places"": []}","{""primary"": [{""id"": ""RNI"", ""name"": ""التجمع الوطني للأحرار""}, {""id"": ""PAM"", ""name"": ""حزب الأصالة والمعاصرة""}], ""secondary"": [{""id"": ""PI"", ""name"": ""حزب الاستقلال""}]}","{""primary"": [{""id"": ""person_031"", ""name"": ""فوزي لقجع"", ""tier"": ""priority""}], ""secondary"": [{""id"": ""person_019"", ""name"": ""نزار بركة"", ""tier"": ""priority""}]}","{""primary"": [{""id"": ""alliances_conflicts"", ""name"": ""التحالفات والخلافات السياسية"", ""hits"": [""صراع"", ""التحالفات""]}, {""id"": ""elections"", ""name"": ""الانتخابات والاقتراع"", ""hits"": [""تشريعيات"", ""اقتراع""]}, {""id"": ""candidacy_nomination"", ""name"": ""الترشح والتزكية"", ""hits"": [""التزكيات"", ""ترشيحه""]}], ""secondary"": [{""id"": ""political_statements"", ""name"": ""التصريحات والمواقف السياسية"", ""hits"": [""أكد""]}, {""id"": ""results_polls"", ""name"": ""النتائج والاستطلاعات الانتخابية"", ""hits"": [""المقاعد""]}]}","{""level"": ""strong"", ""geographic_score"": 4, ""political_score"": 7, ""decision_reason"": ""صلة جغرافية وسياسية قوية"", ""geographic_reasons"": [""إقليم رئيسي داخل سوس ماسة"", ""مدينة أو مكان رئيسي داخل سوس ماسة""], ""political_reasons"": [""أحزاب رئيسية: التجمع الوطني للأحرار, حزب الأصالة والمعاصرة"", ""شخصيات رئيسية: فوزي لقجع"", ""مواضيع سياسية: التحالفات والخلافات السياسية, الانتخابات والاقتراع, الترشح والتزكية""], ""accepted"": true}","[{""target_id"": ""RNI"", ""target_type"": ""party"", ""target_name"": ""التجمع الوطني للأحرار"", ""label"": ""neutral"", ""label_ar"": ""محايد أو إخباري"", ""confidence"": ""medium"", ""positive_score"": 0, ""negative_score"": 0, ""mention_count"": 7, ""editorial_segment_count"": 5, ""reported_segment_count"": 2, ""evidence"": []}, {""target_id"": ""PAM"", ""target_type"": ""party"", ""target_name"": ""حزب الأصالة والمعاصرة"", ""label"": ""neutral"", ""label_ar"": ""محايد أو إخباري"", ""confidence"": ""medium"", ""positive_score"": 0, ""negative_score"": 0, ""mention_count"": 8, ""editorial_segment_count"": 3, ""reported_segment_count"": 5, ""evidence"": []}, {""target_id"": ""PI"", ""target_type"": ""party"", ""target_name"": ""حزب الاستقلال"", ""label"": ""neutral"", ""label_ar"": ""محايد أو إخباري"", ""confidence"": ""low"", ""positive_score"": 0, ""negative_score"": 0, ""mention_count"": 1, ""editorial_segment_count"": 1, ""reported_segment_count"": 0, ""evidence"": []}, {""target_id"": ""person_031"", ""target_type"": ""person"", ""target_name"": ""فوزي لقجع"", ""label"": ""neutral"", ""label_ar"": ""محايد أو إخباري"", ""confidence"": ""medium"", ""positive_score"": 0, ""negative_score"": 0, ""mention_count"": 13, ""editorial_segment_count"": 7, ""reported_segment_count"": 6, ""evidence"": []}, {""target_id"": ""person_019"", ""target_type"": ""person"", ""target_name"": ""نزار بركة"", ""label"": ""neutral"", ""label_ar"": ""محايد أو إخباري"", ""confidence"": ""medium"", ""positive_score"": 0, ""negative_score"": 0, ""mention_count"": 3, ""editorial_segment_count"": 2, ""reported_segment_count"": 1, ""evidence"": []}]",evt_db1af7f17b67,2026-08-28T22:24:22.805175+00:00
dfe001df6bb46920,le360,Le360,Législatives: trois ministres en compétition à Taroudant,https://fr.le360.ma/politique/legislatives-trois-ministres-en-competition-a-taroudant_3ZSFRXAC2BARTHU2B2KOEEIA4M,La Rédaction,2026-08-27,2026-08-28T22:24:22.805175+00:00,2026-08-28T22:24:22.805175+00:00,fr,"Trois membres du gouvernement actuel s’engagent pleinement dans la compétition électorale au sein de la province de Taroudant, une région qui constitue leur berceau natal",630,"{""region"": ""سوس ماسة"", ""primary_provinces"": [""تارودانت""], ""primary_places"": [""تارودانت""], ""secondary_provinces"": [], ""secondary_places"": [""أولاد برحيل""]}","{""primary"": [{""id"": ""PAM"", ""name"": ""حزب الأصالة والمعاصرة""}, {""id"": ""RNI"", ""name"": ""التجمع الوطني للأحرار""}, {""id"": ""PJD"", ""name"": ""حزب العدالة والتنمية""}], ""secondary"": [{""id"": ""USFP"", ""name"": ""الاتحاد الاشتراكي للقوات الشعبية""}, {""id"": ""UC"", ""name"": ""الاتحاد الدستوري""}, {""id"": ""MP"", ""name"": ""الحركة الشعبية""}, {""id"": ""PI"", ""name"": ""حزب الاستقلال""}, {""id"": ""PPS"", ""name"": ""حزب التقدم والاشتراكية""}]}","{""primary"": [{""id"": ""person_002"", ""name"": ""عبد اللطيف وهبي"", ""tier"": ""priority""}], ""secondary"": [{""id"": ""person_015"", ""name"": ""عبد العزيز البهجة"", ""tier"": ""priority""}, {""id"": ""person_006"", ""name"": ""لحسن السعدي"", ""tier"": ""priority""}]}","{""primary"": [{""id"": ""elections"", ""name"": ""الانتخابات والاقتراع"", ""hits"": [""législatives"", ""électorale"", ""élections"", ""électoral"", ""scrutin""]}, {""id"": ""government_politics"", ""name"": ""السياسات والحصيلة الحكومية"", ""hits"": [""gouvernement"", ""ministre""]}, {""id"": ""results_polls"", ""name"": ""النتائج والاستطلاعات الانتخابية"", ""hits"": [""sièges""]}], ""secondary"": [{""id"": ""candidacy_nomination"", ""name"": ""الترشح والتزكية"", ""hits"": [""candidat"", ""candidats""]}, {""id"": ""alliances_conflicts"", ""name"": ""التحالفات والخلافات السياسية"", ""hits"": [""majorité""]}, {""id"": ""elected_councils"", ""name"": ""المجالس المنتخبة والتدبير المحلي"", ""hits"": [""commune""]}]}","{""level"": ""strong"", ""geographic_score"": 4, ""political_score"": 7, ""decision_reason"": ""صلة جغرافية وسياسية قوية"", ""geographic_reasons"": [""إقليم رئيسي داخل سوس ماسة"", ""مدينة أو مكان رئيسي داخل سوس ماسة""], ""political_reasons"": [""أحزاب رئيسية: حزب الأصالة والمعاصرة, التجمع الوطني للأحرار, حزب العدالة والتنمية"", ""شخصيات رئيسية: عبد اللطيف وهبي"", ""مواضيع سياسية: الانتخابات والاقتراع, السياسات والحصيلة الحكومية, النتائج والاستطلاعات الانتخابية""], ""accepted"": true}","[{""target_id"": ""PAM"", ""target_type"": ""party"", ""target_name"": ""حزب الأصالة والمعاصرة"", ""label"": ""neutral"", ""label_ar"": ""محايد أو إخباري"", ""confidence"": ""medium"", ""positive_score"": 0, ""negative_score"": 0, ""mention_count"": 4, ""editorial_segment_count"": 4, ""reported_segment_count"": 0, ""evidence"": []}, {""target_id"": ""RNI"", ""target_type"": ""party"", ""target_name"": ""التجمع الوطني للأحرار"", ""label"": ""neutral"", ""label_ar"": ""محايد أو إخباري"", ""confidence"": ""medium"", ""positive_score"": 0, ""negative_score"": 0, ""mention_count"": 4, ""editorial_segment_count"": 3, ""reported_segment_count"": 1, ""evidence"": []}, {""target_id"": ""PJD"", ""target_type"": ""party"", ""target_name"": ""حزب العدالة والتنمية"", ""label"": ""neutral"", ""label_ar"": ""محايد أو إخباري"", ""confidence"": ""medium"", ""positive_score"": 0, ""negative_score"": 0, ""mention_count"": 3, ""editorial_segment_count"": 3, ""reported_segment_count"": 0, ""evidence"": []}, {""target_id"": ""USFP"", ""target_type"": ""party"", ""target_name"": ""الاتحاد الاشتراكي للقوات الشعبية"", ""label"": ""unclear"", ""label_ar"": ""غير واضح"", ""confidence"": ""low"", ""positive_score"": 1, ""negative_score"": 0, ""mention_count"": 1, ""editorial_segment_count"": 1, ""reported_segment_count"": 0, ""evidence"": [""progrès""]}, {""target_id"": ""UC"", ""target_type"": ""party"", ""target_name"": ""الاتحاد الدستوري"", ""label"": ""unclear"", ""label_ar"": ""غير واضح"", ""confidence"": ""low"", ""positive_score"": 1, ""negative_score"": 0, ""mention_count"": 1, ""editorial_segment_count"": 1, ""reported_segment_count"": 0, ""evidence"": [""progrès""]}, {""target_id"": ""MP"", ""target_type"": ""party"", ""target_name"": ""الحركة الشعبية"", ""label"": ""unclear"", ""label_ar"": ""غير واضح"", ""confidence"": ""low"", ""positive_score"": 1, ""negative_score"": 0, ""mention_count"": 1, ""editorial_segment_count"": 1, ""reported_segment_count"": 0, ""evidence"": [""progrès""]}, {""target_id"": ""PI"", ""target_type"": ""party"", ""target_name"": ""حزب الاستقلال"", ""label"": ""neutral"", ""label_ar"": ""محايد أو إخباري"", ""confidence"": ""low"", ""positive_score"": 0, ""negative_score"": 0, ""mention_count"": 1, ""editorial_segment_count"": 1, ""reported_segment_count"": 0, ""evidence"": []}, {""target_id"": ""PPS"", ""target_type"": ""party"", ""target_name"": ""حزب التقدم والاشتراكية"", ""label"": ""unclear"", ""label_ar"": ""غير واضح"", ""confidence"": ""low"", ""positive_score"": 1, ""negative_score"": 0, ""mention_count"": 1, ""editorial_segment_count"": 1, ""reported_segment_count"": 0, ""evidence"": [""progrès""]}, {""target_id"": ""person_002"", ""target_type"": ""person"", ""target_name"": ""عبد اللطيف وهبي"", ""label"": ""neutral"", ""label_ar"": ""محايد أو إخباري"", ""confidence"": ""medium"", ""positive_score"": 0, ""negative_score"": 0, ""mention_count"": 2, ""editorial_segment_count"": 2, ""reported_segment_count"": 0, ""evidence"": []}, {""target_id"": ""person_015"", ""target_type"": ""person"", ""target_name"": ""عبد العزيز البهجة"", ""label"": ""neutral"", ""label_ar"": ""محايد أو إخباري"", ""confidence"": ""low"", ""positive_score"": 0, ""negative_score"": 0, ""mention_count"": 1, ""editorial_segment_count"": 1, ""reported_segment_count"": 0, ""evidence"": []}, {""target_id"": ""person_006"", ""target_type"": ""person"", ""target_name"": ""لحسن السعدي"", ""label"": ""neutral"", ""label_ar"": ""محايد أو إخباري"", ""confidence"": ""low"", ""positive_score"": 0, ""negative_score"": 0, ""mention_count"": 1, ""editorial_segment_count"": 1, ""reported_segment_count"": 0, ""evidence"": []}]",evt_dfe001df6bb4,2026-08-28T22:24:22.805175+00:00
e71b2553e206da3c,le360,Le360,Législatives: voici les 12 candidates retenues par le PAM pour les listes régionales,https://fr.le360.ma/politique/legislatives-voici-les-12-candidates-retenues-par-le-pam-pour-les-listes-regionales_VQLVONHPWZD5XPYBYCC4UT7UXI,La Rédaction,2026-08-27,2026-08-28T22:24:22.805175+00:00,2026-08-28T22:24:22.805175+00:00,fr,Le Parti Authenticité et Modernité (PAM) a dévoilé les noms des candidates qui conduiront ses listes régionales réservées aux femmes pour les prochaines élections législatives.,352,"{""region"": ""سوس ماسة"", ""primary_provinces"": [""اشتوكة أيت باها""], ""primary_places"": [""ماسة""], ""secondary_provinces"": [], ""secondary_places"": []}","{""primary"": [{""id"": ""PAM"", ""name"": ""حزب الأصالة والمعاصرة""}], ""secondary"": []}","{""primary"": [], ""secondary"": []}","{""primary"": [{""id"": ""elections"", ""name"": ""الانتخابات والاقتراع"", ""hits"": [""législatives"", ""régionales"", ""élections"", ""électorale""]}, {""id"": ""candidacy_nomination"", ""name"": ""الترشح والتزكية"", ""hits"": [""candidates"", ""candidatures"", ""tête de liste""]}], ""secondary"": [{""id"": ""electoral_campaign"", ""name"": ""الحملة الانتخابية"", ""hits"": [""campagne électorale""]}, {""id"": ""internal_party_election"", ""name"": ""انتخاب المسؤولين والهياكل الحزبية"", ""hits"": [""secrétaire régional""]}]}","{""level"": ""strong"", ""geographic_score"": 4, ""political_score"": 6, ""decision_reason"": ""صلة جغرافية وسياسية قوية"", ""geographic_reasons"": [""إقليم رئيسي داخل سوس ماسة"", ""مدينة أو مكان رئيسي داخل سوس ماسة""], ""political_reasons"": [""أحزاب رئيسية: حزب الأصالة والمعاصرة"", ""مواضيع سياسية: الانتخابات والاقتراع, الترشح والتزكية""], ""accepted"": true}","[{""target_id"": ""PAM"", ""target_type"": ""party"", ""target_name"": ""حزب الأصالة والمعاصرة"", ""label"": ""neutral"", ""label_ar"": ""محايد أو إخباري"", ""confidence"": ""medium"", ""positive_score"": 0, ""negative_score"": 0, ""mention_count"": 6, ""editorial_segment_count"": 5, ""reported_segment_count"": 1, ""evidence"": []}]",evt_e71b2553e206,2026-08-28T22:24:22.805175+00:00
caede862d998e03a,agadirinfo,أكادير أنفو,من هو سعيد أزكار الذي نال ثقة الاستقلاليين لوصافة لائحة الدكتور جمال ديواني بالتشريعيات في أكادير إداوتنان؟ - أكادير انفو - Agadir info,https://agadirinfo.ma/134087.html,اكادير انفو,2026-08-27,2026-08-29T16:45:14.714399+00:00,2026-08-29T16:45:14.714399+00:00,ar,أكادير والجهةمن هو سعيد أزكار الذي نال ثقة الاستقلاليين لوصافة لائحة الدكتور جمال ديواني بالتشريعيات في أكادير إداوتنان؟ يخوض سعيد أزكار، المستشار الجماعي بجماعة التامري،,793,"{""region"": ""سوس ماسة"", ""primary_provinces"": [""أكادير إداوتنان""], ""primary_places"": [""أكادير""], ""secondary_provinces"": [""اشتوكة أيت باها""], ""secondary_places"": [""أورير"", ""ماسة""]}","{""primary"": [{""id"": ""PI"", ""name"": ""حزب الاستقلال""}], ""secondary"": []}","{""primary"": [{""id"": ""person_038"", ""name"": ""جمال ديواني"", ""tier"": ""secondary""}], ""secondary"": [{""id"": ""person_005"", ""name"": ""زينب قيوح"", ""tier"": ""priority""}, {""id"": ""person_004"", ""name"": ""عبد الصمد قيوح"", ""tier"": ""priority""}]}","{""primary"": [{""id"": ""elections"", ""name"": ""الانتخابات والاقتراع"", ""hits"": [""تشريعيات"", ""الاستحقاقات"", ""انتخابات"", ""صناديق الاقتراع""]}], ""secondary"": [{""id"": ""candidacy_nomination"", ""name"": ""الترشح والتزكية"", ""hits"": [""مرشح""]}, {""id"": ""elected_councils"", ""name"": ""المجالس المنتخبة والتدبير المحلي"", ""hits"": [""المجلس الجماعي""]}, {""id"": ""results_polls"", ""name"": ""النتائج والاستطلاعات الانتخابية"", ""hits"": [""المقاعد""]}]}","{""level"": ""strong"", ""geographic_score"": 4, ""political_score"": 6, ""decision_reason"": ""صلة جغرافية وسياسية قوية"", ""geographic_reasons"": [""إقليم رئيسي داخل سوس ماسة"", ""مدينة أو مكان رئيسي داخل سوس ماسة""], ""political_reasons"": [""أحزاب رئيسية: حزب الاستقلال"", ""شخصيات رئيسية: جمال ديواني"", ""مواضيع سياسية: الانتخابات والاقتراع""], ""accepted"": true}","[{""target_id"": ""PI"", ""target_type"": ""party"", ""target_name"": ""حزب الاستقلال"", ""label"": ""unclear"", ""label_ar"": ""غير واضح"", ""confidence"": ""low"", ""positive_score"": 1, ""negative_score"": 0, ""mention_count"": 9, ""editorial_segment_count"": 9, ""reported_segment_count"": 0, ""evidence"": [""كفاءات""]}, {""target_id"": ""person_038"", ""target_type"": ""person"", ""target_name"": ""جمال ديواني"", ""label"": ""favorable"", ""label_ar"": ""إيجابي أو داعم"", ""confidence"": ""medium"", ""positive_score"": 5, ""negative_score"": 0, ""mention_count"": 5, ""editorial_segment_count"": 5, ""reported_segment_count"": 0, ""evidence"": [""ثقة"", ""ثقة""]}, {""target_id"": ""person_005"", ""target_type"": ""person"", ""target_name"": ""زينب قيوح"", ""label"": ""neutral"", ""label_ar"": ""محايد أو إخباري"", ""confidence"": ""low"", ""positive_score"": 0, ""negative_score"": 0, ""mention_count"": 1, ""editorial_segment_count"": 1, ""reported_segment_count"": 0, ""evidence"": []}, {""target_id"": ""person_004"", ""target_type"": ""person"", ""target_name"": ""عبد الصمد قيوح"", ""label"": ""unclear"", ""label_ar"": ""غير واضح"", ""confidence"": ""low"", ""positive_score"": 1, ""negative_score"": 0, ""mention_count"": 3, ""editorial_segment_count"": 3, ""reported_segment_count"": 0, ""evidence"": [""كفاءات""]}]",evt_caede862d998,2026-08-29T16:45:14.714399+00:00
7b3459575dbabc03,chtoukapress,اشتوكة بريس,بالصور..التجمع الوطني للأحرار بتارودانت الشمالية يعزز تعبئته استعداداً للاستحقاقات المقبلة,https://www.chtoukapress.com/306277.html,Chtouka,2026-08-26,2026-08-27T22:18:10.092175+00:00,2026-08-27T22:18:10.092175+00:00,ar,عقدت المنسقية الإقليمية لحزب التجمع الوطني للأحرار بدائرة تارودانت الشمالية لقاءً تواصلياً موسعاً، بحضور المنسق الإقليمي للحزب السيد أحمد الزاهيدي، والسيد لحسن السعدي، والسيد عبد,314,"{""region"": ""سوس ماسة"", ""primary_provinces"": [""تارودانت""], ""primary_places"": [""تارودانت""], ""secondary_provinces"": [""اشتوكة أيت باها""], ""secondary_places"": [""ماسة""]}","{""primary"": [{""id"": ""RNI"", ""name"": ""التجمع الوطني للأحرار""}], ""secondary"": []}","{""primary"": [{""id"": ""person_006"", ""name"": ""لحسن السعدي"", ""tier"": ""priority""}], ""secondary"": []}","{""primary"": [{""id"": ""elections"", ""name"": ""الانتخابات والاقتراع"", ""hits"": [""استحقاقات""]}, {""id"": ""elected_councils"", ""name"": ""المجالس المنتخبة والتدبير المحلي"", ""hits"": [""المجلس الإقليمي"", ""رئيس المجلس""]}], ""secondary"": [{""id"": ""political_statements"", ""name"": ""التصريحات والمواقف السياسية"", ""hits"": [""أكد""]}]}","{""level"": ""strong"", ""geographic_score"": 4, ""political_score"": 7, ""decision_reason"": ""صلة جغرافية وسياسية قوية"", ""geographic_reasons"": [""إقليم رئيسي داخل سوس ماسة"", ""مدينة أو مكان رئيسي داخل سوس ماسة""], ""political_reasons"": [""أحزاب رئيسية: التجمع الوطني للأحرار"", ""شخصيات رئيسية: لحسن السعدي"", ""مواضيع سياسية: الانتخابات والاقتراع, المجالس المنتخبة والتدبير المحلي""], ""accepted"": true}","[{""target_id"": ""RNI"", ""target_type"": ""party"", ""target_name"": ""التجمع الوطني للأحرار"", ""label"": ""neutral"", ""label_ar"": ""محايد أو إخباري"", ""confidence"": ""medium"", ""positive_score"": 0, ""negative_score"": 0, ""mention_count"": 4, ""editorial_segment_count"": 3, ""reported_segment_count"": 1, ""evidence"": []}, {""target_id"": ""person_006"", ""target_type"": ""person"", ""target_name"": ""لحسن السعدي"", ""label"": ""neutral"", ""label_ar"": ""محايد أو إخباري"", ""confidence"": ""medium"", ""positive_score"": 0, ""negative_score"": 0, ""mention_count"": 2, ""editorial_segment_count"": 1, ""reported_segment_count"": 1, ""evidence"": []}]",evt_7b3459575dba,2026-08-27T22:18:10.092175+00:00
edd8ea1ee695723d,agadirinfo,أكادير أنفو,التجمع الوطني للأحرار بتارودانت الشمالية يعزز تعبئته استعداداً للاستحقاقات المقبلة - أكادير انفو - Agadir info,https://agadirinfo.ma/134066.html,اكادير انفو,2026-08-26,2026-08-27T22:18:10.092175+00:00,2026-08-27T22:18:10.092175+00:00,ar,أكادير والجهةالتجمع الوطني للأحرار بتارودانت الشمالية يعزز تعبئته استعداداً للاستحقاقات المقبلة عقدت المنسقية الإقليمية لحزب التجمع الوطني للأحرار بدائرة تارودانت الشمالية لقاءً تواصلياً موسعاً، بحضور,325,"{""region"": ""سوس ماسة"", ""primary_provinces"": [""تارودانت""], ""primary_places"": [""تارودانت""], ""secondary_provinces"": [""أكادير إداوتنان"", ""اشتوكة أيت باها""], ""secondary_places"": [""أكادير"", ""ماسة""]}","{""primary"": [{""id"": ""RNI"", ""name"": ""التجمع الوطني للأحرار""}], ""secondary"": []}","{""primary"": [{""id"": ""person_006"", ""name"": ""لحسن السعدي"", ""tier"": ""priority""}], ""secondary"": []}","{""primary"": [{""id"": ""elections"", ""name"": ""الانتخابات والاقتراع"", ""hits"": [""استحقاقات""]}, {""id"": ""elected_councils"", ""name"": ""المجالس المنتخبة والتدبير المحلي"", ""hits"": [""المجلس الإقليمي"", ""رئيس المجلس""]}], ""secondary"": [{""id"": ""political_statements"", ""name"": ""التصريحات والمواقف السياسية"", ""hits"": [""أكد""]}]}","{""level"": ""strong"", ""geographic_score"": 4, ""political_score"": 7, ""decision_reason"": ""صلة جغرافية وسياسية قوية"", ""geographic_reasons"": [""إقليم رئيسي داخل سوس ماسة"", ""مدينة أو مكان رئيسي داخل سوس ماسة""], ""political_reasons"": [""أحزاب رئيسية: التجمع الوطني للأحرار"", ""شخصيات رئيسية: لحسن السعدي"", ""مواضيع سياسية: الانتخابات والاقتراع, المجالس المنتخبة والتدبير المحلي""], ""accepted"": true}","[{""target_id"": ""RNI"", ""target_type"": ""party"", ""target_name"": ""التجمع الوطني للأحرار"", ""label"": ""neutral"", ""label_ar"": ""محايد أو إخباري"", ""confidence"": ""medium"", ""positive_score"": 0, ""negative_score"": 0, ""mention_count"": 4, ""editorial_segment_count"": 3, ""reported_segment_count"": 1, ""evidence"": []}, {""target_id"": ""person_006"", ""target_type"": ""person"", ""target_name"": ""لحسن السعدي"", ""label"": ""neutral"", ""label_ar"": ""محايد أو إخباري"", ""confidence"": ""medium"", ""positive_score"": 0, ""negative_score"": 0, ""mention_count"": 2, ""editorial_segment_count"": 1, ""reported_segment_count"": 1, ""evidence"": []}]",evt_7b3459575dba,2026-08-27T22:18:10.092175+00:00
0d34f99a6a4bd36d,agadir24,أكادير24,التجمع الوطني للأحرار بتارودانت الشمالية يعزز تعبئته استعداداً للاستحقاقات المقبلة | agadir24.info,https://agadir24.info/%D8%A7%D9%84%D8%AA%D8%AC%D9%85%D8%B9-%D8%A7%D9%84%D9%88%D8%B7%D9%86%D9%8A-%D9%84%D9%84%D8%A3%D8%AD%D8%B1%D8%A7%D8%B1-%D8%A8%D8%AA%D8%A7%D8%B1%D9%88%D8%AF%D8%A7%D9%86%D8%AA-%D8%A7%D9%84%D8%B4%D9%85.html,أكادير,2026-08-26,2026-08-27T22:18:10.092175+00:00,2026-08-27T22:18:10.092175+00:00,ar,عقدت المنسقية الإقليمية لحزب التجمع الوطني للأحرار بدائرة تارودانت الشمالية لقاءً تواصلياً موسعاً، بحضور المنسق الإقليمي للحزب السيد أحمد الزاهيدي، والسيد لحسن السعدي، والسيد عبد,314,"{""region"": ""سوس ماسة"", ""primary_provinces"": [""تارودانت""], ""primary_places"": [""تارودانت""], ""secondary_provinces"": [""اشتوكة أيت باها""], ""secondary_places"": [""ماسة""]}","{""primary"": [{""id"": ""RNI"", ""name"": ""التجمع الوطني للأحرار""}], ""secondary"": []}","{""primary"": [{""id"": ""person_006"", ""name"": ""لحسن السعدي"", ""tier"": ""priority""}], ""secondary"": []}","{""primary"": [{""id"": ""elections"", ""name"": ""الانتخابات والاقتراع"", ""hits"": [""استحقاقات""]}, {""id"": ""elected_councils"", ""name"": ""المجالس المنتخبة والتدبير المحلي"", ""hits"": [""المجلس الإقليمي"", ""رئيس المجلس""]}], ""secondary"": [{""id"": ""political_statements"", ""name"": ""التصريحات والمواقف السياسية"", ""hits"": [""أكد""]}]}","{""level"": ""strong"", ""geographic_score"": 4, ""political_score"": 7, ""decision_reason"": ""صلة جغرافية وسياسية قوية"", ""geographic_reasons"": [""إقليم رئيسي داخل سوس ماسة"", ""مدينة أو مكان رئيسي داخل سوس ماسة""], ""political_reasons"": [""أحزاب رئيسية: التجمع الوطني للأحرار"", ""شخصيات رئيسية: لحسن السعدي"", ""مواضيع سياسية: الانتخابات والاقتراع, المجالس المنتخبة والتدبير المحلي""], ""accepted"": true}","[{""target_id"": ""RNI"", ""target_type"": ""party"", ""target_name"": ""التجمع الوطني للأحرار"", ""label"": ""neutral"", ""label_ar"": ""محايد أو إخباري"", ""confidence"": ""medium"", ""positive_score"": 0, ""negative_score"": 0, ""mention_count"": 4, ""editorial_segment_count"": 3, ""reported_segment_count"": 1, ""evidence"": []}, {""target_id"": ""person_006"", ""target_type"": ""person"", ""target_name"": ""لحسن السعدي"", ""label"": ""neutral"", ""label_ar"": ""محايد أو إخباري"", ""confidence"": ""medium"", ""positive_score"": 0, ""negative_score"": 0, ""mention_count"": 2, ""editorial_segment_count"": 1, ""reported_segment_count"": 1, ""evidence"": []}]",evt_7b3459575dba,2026-08-27T22:18:10.092175+00:00
db674129e4856416,agadir24,أكادير24,قبل إيداع الترشيحات.. أربعة مقاعد بلا ضمانات في أكادير إداوتنان ومعركة «الرابع» تهدد خريطة 2021 | agadir24.info,https://agadir24.info/%D9%82%D8%A8%D9%84-%D8%A5%D9%8A%D8%AF%D8%A7%D8%B9-%D8%A7%D9%84%D8%AA%D8%B1%D8%B4%D9%8A%D8%AD%D8%A7%D8%AA-%D8%A3%D8%B1%D8%A8%D8%B9%D8%A9-%D9%85%D9%82%D8%A7%D8%B9%D8%AF.html,أكادير,2026-08-26,2026-08-27T22:18:10.092175+00:00,2026-08-27T22:18:10.092175+00:00,ar,لا تدخل دائرة أكادير إداوتنان انتخابات 2026 من نقطة الصفر. إنها تدخلها محمّلة بنتيجتين متناقضتين: اكتساح للعدالة والتنمية سنة 2016، ثم تصدر كاسح للتجمع الوطني,2213,"{""region"": ""سوس ماسة"", ""primary_provinces"": [""أكادير إداوتنان""], ""primary_places"": [""أكادير""], ""secondary_provinces"": [], ""secondary_places"": []}","{""primary"": [{""id"": ""RNI"", ""name"": ""التجمع الوطني للأحرار""}, {""id"": ""PAM"", ""name"": ""حزب الأصالة والمعاصرة""}], ""secondary"": [{""id"": ""USFP"", ""name"": ""الاتحاد الاشتراكي للقوات الشعبية""}, {""id"": ""PI"", ""name"": ""حزب الاستقلال""}, {""id"": ""PPS"", ""name"": ""حزب التقدم والاشتراكية""}, {""id"": ""PJD"", ""name"": ""حزب العدالة والتنمية""}]}","{""primary"": [], ""secondary"": [{""id"": ""person_014"", ""name"": ""حميد وهبي"", ""tier"": ""priority""}, {""id"": ""person_003"", ""name"": ""كريم أشنكلي"", ""tier"": ""priority""}, {""id"": ""person_103"", ""name"": ""محمد باكيري"", ""tier"": ""manual_unverified""}]}","{""primary"": [{""id"": ""elections"", ""name"": ""الانتخابات والاقتراع"", ""hits"": [""انتخابات"", ""انتخابية"", ""اقتراع"", ""التصويت""]}, {""id"": ""results_polls"", ""name"": ""النتائج والاستطلاعات الانتخابية"", ""hits"": [""المقاعد"", ""نتائج الانتخابات""]}, {""id"": ""alliances_conflicts"", ""name"": ""التحالفات والخلافات السياسية"", ""hits"": [""تحالف"", ""التحالفات"", ""توتر""]}], ""secondary"": [{""id"": ""candidacy_nomination"", ""name"": ""الترشح والتزكية"", ""hits"": [""مرشح"", ""وكيل اللائحة""]}, {""id"": ""elected_councils"", ""name"": ""المجالس المنتخبة والتدبير المحلي"", ""hits"": [""المجلس الجماعي""]}, {""id"": ""government_politics"", ""name"": ""السياسات والحصيلة الحكومية"", ""hits"": [""الأغلبية الحكومية""]}]}","{""level"": ""strong"", ""geographic_score"": 4, ""political_score"": 6, ""decision_reason"": ""صلة جغرافية وسياسية قوية"", ""geographic_reasons"": [""إقليم رئيسي داخل سوس ماسة"", ""مدينة أو مكان رئيسي داخل سوس ماسة""], ""political_reasons"": [""أحزاب رئيسية: التجمع الوطني للأحرار, حزب الأصالة والمعاصرة"", ""مواضيع سياسية: الانتخابات والاقتراع, النتائج والاستطلاعات الانتخابية, التحالفات والخلافات السياسية""], ""accepted"": true}","[{""target_id"": ""RNI"", ""target_type"": ""party"", ""target_name"": ""التجمع الوطني للأحرار"", ""label"": ""neutral"", ""label_ar"": ""محايد أو إخباري"", ""confidence"": ""medium"", ""positive_score"": 0, ""negative_score"": 0, ""mention_count"": 14, ""editorial_segment_count"": 8, ""reported_segment_count"": 6, ""evidence"": []}, {""target_id"": ""PAM"", ""target_type"": ""party"", ""target_name"": ""حزب الأصالة والمعاصرة"", ""label"": ""neutral"", ""label_ar"": ""محايد أو إخباري"", ""confidence"": ""medium"", ""positive_score"": 0, ""negative_score"": 0, ""mention_count"": 8, ""editorial_segment_count"": 2, ""reported_segment_count"": 6, ""evidence"": []}, {""target_id"": ""USFP"", ""target_type"": ""party"", ""target_name"": ""الاتحاد الاشتراكي للقوات الشعبية"", ""label"": ""unclear"", ""label_ar"": ""غير واضح"", ""confidence"": ""low"", ""positive_score"": 0, ""negative_score"": 1, ""mention_count"": 10, ""editorial_segment_count"": 8, ""reported_segment_count"": 2, ""evidence"": [""تراجع""]}, {""target_id"": ""PI"", ""target_type"": ""party"", ""target_name"": ""حزب الاستقلال"", ""label"": ""neutral"", ""label_ar"": ""محايد أو إخباري"", ""confidence"": ""low"", ""positive_score"": 0, ""negative_score"": 0, ""mention_count"": 1, ""editorial_segment_count"": 1, ""reported_segment_count"": 0, ""evidence"": []}, {""target_id"": ""PPS"", ""target_type"": ""party"", ""target_name"": ""حزب التقدم والاشتراكية"", ""label"": ""unclear"", ""label_ar"": ""غير واضح"", ""confidence"": ""low"", ""positive_score"": 0, ""negative_score"": 1, ""mention_count"": 8, ""editorial_segment_count"": 5, ""reported_segment_count"": 3, ""evidence"": [""تراجع""]}, {""target_id"": ""PJD"", ""target_type"": ""party"", ""target_name"": ""حزب العدالة والتنمية"", ""label"": ""unclear"", ""label_ar"": ""غير واضح"", ""confidence"": ""low"", ""positive_score"": 1, ""negative_score"": 1, ""mention_count"": 7, ""editorial_segment_count"": 6, ""reported_segment_count"": 1, ""evidence"": [""فاز"", ""تراجع""]}, {""target_id"": ""person_014"", ""target_type"": ""person"", ""target_name"": ""حميد وهبي"", ""label"": ""neutral"", ""label_ar"": ""محايد أو إخباري"", ""confidence"": ""medium"", ""positive_score"": 0, ""negative_score"": 0, ""mention_count"": 2, ""editorial_segment_count"": 2, ""reported_segment_count"": 0, ""evidence"": []}, {""target_id"": ""person_003"", ""target_type"": ""person"", ""target_name"": ""كريم أشنكلي"", ""label"": ""neutral"", ""label_ar"": ""محايد أو إخباري"", ""confidence"": ""low"", ""positive_score"": 0, ""negative_score"": 0, ""mention_count"": 1, ""editorial_segment_count"": 1, ""reported_segment_count"": 0, ""evidence"": []}, {""target_id"": ""person_103"", ""target_type"": ""person"", ""target_name"": ""محمد باكيري"", ""label"": ""neutral"", ""label_ar"": ""محايد أو إخباري"", ""confidence"": ""low"", ""positive_score"": 0, ""negative_score"": 0, ""mention_count"": 1, ""editorial_segment_count"": 1, ""reported_segment_count"": 0, ""evidence"": []}]",evt_db674129e485,2026-08-27T22:18:10.092175+00:00
fa4c5ee133d23f6a,le360,Le360,Ces ministres qui se présentent aux Législatives 2026… et ceux qui abandonnent,https://fr.le360.ma/politique/ces-ministres-qui-se-presentent-aux-legislatives-2026-et-ceux-qui-abandonnent_YYBYEJMOKRCQXL33XJORDS23XY,Tarik Qattab,2026-08-26,2026-08-27T22:18:10.092175+00:00,2026-08-27T22:18:10.092175+00:00,fr,"À l’approche des élections législatives de 2026, l’échiquier politique marocain s’anime d’une dynamique singulière. Alors que le mandat de la majorité sortante touche à sa",3015,"{""region"": ""سوس ماسة"", ""primary_provinces"": [""تارودانت""], ""primary_places"": [""تارودانت""], ""secondary_provinces"": [], ""secondary_places"": []}","{""primary"": [{""id"": ""RNI"", ""name"": ""التجمع الوطني للأحرار""}, {""id"": ""PAM"", ""name"": ""حزب الأصالة والمعاصرة""}, {""id"": ""PI"", ""name"": ""حزب الاستقلال""}], ""secondary"": [{""id"": ""PJD"", ""name"": ""حزب العدالة والتنمية""}]}","{""primary"": [{""id"": ""person_031"", ""name"": ""فوزي لقجع"", ""tier"": ""priority""}], ""secondary"": [{""id"": ""person_004"", ""name"": ""عبد الصمد قيوح"", ""tier"": ""priority""}, {""id"": ""person_002"", ""name"": ""عبد اللطيف وهبي"", ""tier"": ""priority""}, {""id"": ""person_027"", ""name"": ""عبد الوافي لفتيت"", ""tier"": ""priority""}, {""id"": ""person_006"", ""name"": ""لحسن السعدي"", ""tier"": ""priority""}, {""id"": ""person_019"", ""name"": ""نزار بركة"", ""tier"": ""priority""}]}","{""primary"": [{""id"": ""elections"", ""name"": ""الانتخابات والاقتراع"", ""hits"": [""législatives"", ""élections"", ""électoral"", ""suffrage"", ""électorale""]}, {""id"": ""alliances_conflicts"", ""name"": ""التحالفات والخلافات السياسية"", ""hits"": [""majorité"", ""coalition"", ""opposition"", ""conflit"", ""tensions""]}, {""id"": ""government_politics"", ""name"": ""السياسات والحصيلة الحكومية"", ""hits"": [""chef du gouvernement"", ""gouvernement"", ""ministre"", ""politiques publiques""]}, {""id"": ""candidacy_nomination"", ""name"": ""الترشح والتزكية"", ""hits"": [""candidate"", ""candidature"", ""candidats""]}, {""id"": ""elected_councils"", ""name"": ""المجالس المنتخبة والتدبير المحلي"", ""hits"": [""conseil communal"", ""élu local"", ""président du conseil""]}, {""id"": ""legal_accountability"", ""name"": ""المتابعات والعزل والمحاسبة"", ""hits"": [""poursuites judiciaires"", ""condamnation"", ""enrichissement illicite""]}], ""secondary"": [{""id"": ""resignation_defection"", ""name"": ""الاستقالة وتغيير الانتماء"", ""hits"": [""démission""]}, {""id"": ""party_activity"", ""name"": ""الأنشطة والتنظيمات الحزبية"", ""hits"": [""congrès""]}, {""id"": ""results_polls"", ""name"": ""النتائج والاستطلاعات الانتخابية"", ""hits"": [""sièges""]}, {""id"": ""political_statements"", ""name"": ""التصريحات والمواقف السياسية"", ""hits"": [""affirme""]}]}","{""level"": ""strong"", ""geographic_score"": 4, ""political_score"": 7, ""decision_reason"": ""صلة جغرافية وسياسية قوية"", ""geographic_reasons"": [""إقليم رئيسي داخل سوس ماسة"", ""مدينة أو مكان رئيسي داخل سوس ماسة""], ""political_reasons"": [""أحزاب رئيسية: التجمع الوطني للأحرار, حزب الأصالة والمعاصرة, حزب الاستقلال"", ""شخصيات رئيسية: فوزي لقجع"", ""مواضيع سياسية: الانتخابات والاقتراع, التحالفات والخلافات السياسية, السياسات والحصيلة الحكومية, الترشح والتزكية""], ""accepted"": true}","[{""target_id"": ""RNI"", ""target_type"": ""party"", ""target_name"": ""التجمع الوطني للأحرار"", ""label"": ""unclear"", ""label_ar"": ""غير واضح"", ""confidence"": ""low"", ""positive_score"": 1, ""negative_score"": 0, ""mention_count"": 7, ""editorial_segment_count"": 7, ""reported_segment_count"": 0, ""evidence"": [""compétences""]}, {""target_id"": ""PAM"", ""target_type"": ""party"", ""target_name"": ""حزب الأصالة والمعاصرة"", ""label"": ""neutral"", ""label_ar"": ""محايد أو إخباري"", ""confidence"": ""medium"", ""positive_score"": 0, ""negative_score"": 0, ""mention_count"": 13, ""editorial_segment_count"": 12, ""reported_segment_count"": 1, ""evidence"": []}, {""target_id"": ""PI"", ""target_type"": ""party"", ""target_name"": ""حزب الاستقلال"", ""label"": ""neutral"", ""label_ar"": ""محايد أو إخباري"", ""confidence"": ""medium"", ""positive_score"": 0, ""negative_score"": 0, ""mention_count"": 5, ""editorial_segment_count"": 5, ""reported_segment_count"": 0, ""evidence"": []}, {""target_id"": ""PJD"", ""target_type"": ""party"", ""target_name"": ""حزب العدالة والتنمية"", ""label"": ""neutral"", ""label_ar"": ""محايد أو إخباري"", ""confidence"": ""low"", ""positive_score"": 0, ""negative_score"": 0, ""mention_count"": 1, ""editorial_segment_count"": 1, ""reported_segment_count"": 0, ""evidence"": []}, {""target_id"": ""person_031"", ""target_type"": ""person"", ""target_name"": ""فوزي لقجع"", ""label"": ""unclear"", ""label_ar"": ""غير واضح"", ""confidence"": ""low"", ""positive_score"": 1, ""negative_score"": 0, ""mention_count"": 3, ""editorial_segment_count"": 2, ""reported_segment_count"": 1, ""evidence"": [""leadership""]}, {""target_id"": ""person_004"", ""target_type"": ""person"", ""target_name"": ""عبد الصمد قيوح"", ""label"": ""neutral"", ""label_ar"": ""محايد أو إخباري"", ""confidence"": ""low"", ""positive_score"": 0, ""negative_score"": 0, ""mention_count"": 1, ""editorial_segment_count"": 1, ""reported_segment_count"": 0, ""evidence"": []}, {""target_id"": ""person_002"", ""target_type"": ""person"", ""target_name"": ""عبد اللطيف وهبي"", ""label"": ""neutral"", ""label_ar"": ""محايد أو إخباري"", ""confidence"": ""medium"", ""positive_score"": 0, ""negative_score"": 0, ""mention_count"": 2, ""editorial_segment_count"": 2, ""reported_segment_count"": 0, ""evidence"": []}, {""target_id"": ""person_027"", ""target_type"": ""person"", ""target_name"": ""عبد الوافي لفتيت"", ""label"": ""neutral"", ""label_ar"": ""محايد أو إخباري"", ""confidence"": ""low"", ""positive_score"": 0, ""negative_score"": 0, ""mention_count"": 1, ""editorial_segment_count"": 1, ""reported_segment_count"": 0, ""evidence"": []}, {""target_id"": ""person_006"", ""target_type"": ""person"", ""target_name"": ""لحسن السعدي"", ""label"": ""neutral"", ""label_ar"": ""محايد أو إخباري"", ""confidence"": ""low"", ""positive_score"": 0, ""negative_score"": 0, ""mention_count"": 1, ""editorial_segment_count"": 1, ""reported_segment_count"": 0, ""evidence"": []}, {""target_id"": ""person_019"", ""target_type"": ""person"", ""target_name"": ""نزار بركة"", ""label"": ""neutral"", ""label_ar"": ""محايد أو إخباري"", ""confidence"": ""medium"", ""positive_score"": 0, ""negative_score"": 0, ""mention_count"": 2, ""editorial_segment_count"": 2, ""reported_segment_count"": 0, ""evidence"": []}]",evt_fa4c5ee133d2,2026-08-27T22:18:10.092175+00:00
daffb930d506f599,al3omk,العمق المغربي,هل أصبح المال شرطا للترشح للانتخابات؟,https://al3omk.com/1182722.html,رشيد غفران,2026-08-25,2026-08-26T20:05:28.935136+00:00,2026-08-26T20:05:28.935136+00:00,ar,لم أكن أبحث عن امتياز، ولا عن مقعد مضمون، حين فكرت في خوض الانتخابات المقبلة، كنت أبحث عن فرصة أضع فيها ما راكمته من تجربة,1177,"{""region"": ""سوس ماسة"", ""primary_provinces"": [""تارودانت""], ""primary_places"": [""تارودانت""], ""secondary_provinces"": [], ""secondary_places"": []}","{""primary"": [], ""secondary"": []}","{""primary"": [], ""secondary"": []}","{""primary"": [{""id"": ""candidacy_nomination"", ""name"": ""الترشح والتزكية"", ""hits"": [""ترشح"", ""الترشح"", ""مرشح""]}, {""id"": ""elections"", ""name"": ""الانتخابات والاقتراع"", ""hits"": [""انتخابات"", ""انتخابية""]}], ""secondary"": [{""id"": ""electoral_campaign"", ""name"": ""الحملة الانتخابية"", ""hits"": [""الحملة الانتخابية"", ""حملة انتخابية""]}, {""id"": ""alliances_conflicts"", ""name"": ""التحالفات والخلافات السياسية"", ""hits"": [""التحالفات""]}, {""id"": ""results_polls"", ""name"": ""النتائج والاستطلاعات الانتخابية"", ""hits"": [""المقاعد""]}, {""id"": ""political_statements"", ""name"": ""التصريحات والمواقف السياسية"", ""hits"": [""اتهم""]}]}","{""level"": ""strong"", ""geographic_score"": 4, ""political_score"": 4, ""decision_reason"": ""صلة جغرافية وسياسية قوية"", ""geographic_reasons"": [""إقليم رئيسي داخل سوس ماسة"", ""مدينة أو مكان رئيسي داخل سوس ماسة""], ""political_reasons"": [""مواضيع سياسية: الترشح والتزكية, الانتخابات والاقتراع""], ""accepted"": true}",[],evt_daffb930d506,2026-08-26T20:05:28.935136+00:00
e5c8a0716a715a76,hespress,هسبريس,انتخابات 2026.. كيف تبدو خريطة التنافس في دائرة أكادير إداوتنان؟,https://www.hespress.com/%D8%A7%D9%86%D8%AA%D8%AE%D8%A7%D8%A8%D8%A7%D8%AA-2026-%D9%83%D9%8A%D9%81-%D8%AA%D8%A8%D8%AF%D9%88-%D8%AE%D8%B1%D9%8A%D8%B7%D8%A9-%D8%A7%D9%84%D8%AA%D9%86%D8%A7%D9%81%D8%B3-%D9%81%D9%8A-%D8%AF%D8%A7-1797268.html,هسبريس,2026-08-25,2026-08-26T20:05:28.935136+00:00,2026-08-26T20:05:28.935136+00:00,ar,تكتسب دائرة أكادير إداوتنان، عاصمة سوس، وزناً سياسياً في السياق الانتخابي وموقعاً بارزاً داخل جهة سوس-ماسة، لكونها تُشعل التنافس على أربعة مقاعد بمجلس النواب. وشهدت,949,"{""region"": ""سوس ماسة"", ""primary_provinces"": [""أكادير إداوتنان""], ""primary_places"": [""أكادير""], ""secondary_provinces"": [""اشتوكة أيت باها""], ""secondary_places"": [""ماسة""]}","{""primary"": [{""id"": ""PAM"", ""name"": ""حزب الأصالة والمعاصرة""}, {""id"": ""RNI"", ""name"": ""التجمع الوطني للأحرار""}, {""id"": ""PI"", ""name"": ""حزب الاستقلال""}, {""id"": ""PJD"", ""name"": ""حزب العدالة والتنمية""}, {""id"": ""USFP"", ""name"": ""الاتحاد الاشتراكي للقوات الشعبية""}, {""id"": ""PPS"", ""name"": ""حزب التقدم والاشتراكية""}, {""id"": ""FGD"", ""name"": ""فيدرالية اليسار الديمقراطي""}], ""secondary"": [{""id"": ""PSU"", ""name"": ""الحزب الاشتراكي الموحد""}]}","{""primary"": [], ""secondary"": [{""id"": ""person_014"", ""name"": ""حميد وهبي"", ""tier"": ""priority""}, {""id"": ""person_009"", ""name"": ""صالح المالوكي"", ""tier"": ""priority""}, {""id"": ""person_002"", ""name"": ""عبد اللطيف وهبي"", ""tier"": ""priority""}, {""id"": ""person_003"", ""name"": ""كريم أشنكلي"", ""tier"": ""priority""}, {""id"": ""person_103"", ""name"": ""محمد باكيري"", ""tier"": ""manual_unverified""}]}","{""primary"": [{""id"": ""elections"", ""name"": ""الانتخابات والاقتراع"", ""hits"": [""انتخابات"", ""الاستحقاقات"", ""انتخابية""]}, {""id"": ""results_polls"", ""name"": ""النتائج والاستطلاعات الانتخابية"", ""hits"": [""المقاعد""]}], ""secondary"": [{""id"": ""elected_councils"", ""name"": ""المجالس المنتخبة والتدبير المحلي"", ""hits"": [""المجلس الجماعي"", ""المجلس الإقليمي""]}, {""id"": ""candidacy_nomination"", ""name"": ""الترشح والتزكية"", ""hits"": [""وكيل اللائحة""]}, {""id"": ""alliances_conflicts"", ""name"": ""التحالفات والخلافات السياسية"", ""hits"": [""تحالف""]}]}","{""level"": ""strong"", ""geographic_score"": 4, ""political_score"": 6, ""decision_reason"": ""صلة جغرافية وسياسية قوية"", ""geographic_reasons"": [""إقليم رئيسي داخل سوس ماسة"", ""مدينة أو مكان رئيسي داخل سوس ماسة""], ""political_reasons"": [""أحزاب رئيسية: حزب الأصالة والمعاصرة, التجمع الوطني للأحرار, حزب الاستقلال, حزب العدالة والتنمية"", ""مواضيع سياسية: الانتخابات والاقتراع, النتائج والاستطلاعات الانتخابية""], ""accepted"": true}","[{""target_id"": ""PAM"", ""target_type"": ""party"", ""target_name"": ""حزب الأصالة والمعاصرة"", ""label"": ""unclear"", ""label_ar"": ""غير واضح"", ""confidence"": ""low"", ""positive_score"": 0, ""negative_score"": 1, ""mention_count"": 6, ""editorial_segment_count"": 2, ""reported_segment_count"": 4, ""evidence"": [""تراجع""]}, {""target_id"": ""RNI"", ""target_type"": ""party"", ""target_name"": ""التجمع الوطني للأحرار"", ""label"": ""neutral"", ""label_ar"": ""محايد أو إخباري"", ""confidence"": ""medium"", ""positive_score"": 0, ""negative_score"": 0, ""mention_count"": 7, ""editorial_segment_count"": 4, ""reported_segment_count"": 3, ""evidence"": []}, {""target_id"": ""PI"", ""target_type"": ""party"", ""target_name"": ""حزب الاستقلال"", ""label"": ""neutral"", ""label_ar"": ""محايد أو إخباري"", ""confidence"": ""low"", ""positive_score"": 0, ""negative_score"": 0, ""mention_count"": 1, ""editorial_segment_count"": 1, ""reported_segment_count"": 0, ""evidence"": []}, {""target_id"": ""PJD"", ""target_type"": ""party"", ""target_name"": ""حزب العدالة والتنمية"", ""label"": ""neutral"", ""label_ar"": ""محايد أو إخباري"", ""confidence"": ""medium"", ""positive_score"": 0, ""negative_score"": 0, ""mention_count"": 5, ""editorial_segment_count"": 4, ""reported_segment_count"": 1, ""evidence"": []}, {""target_id"": ""USFP"", ""target_type"": ""party"", ""target_name"": ""الاتحاد الاشتراكي للقوات الشعبية"", ""label"": ""neutral"", ""label_ar"": ""محايد أو إخباري"", ""confidence"": ""medium"", ""positive_score"": 0, ""negative_score"": 0, ""mention_count"": 8, ""editorial_segment_count"": 5, ""reported_segment_count"": 3, ""evidence"": []}, {""target_id"": ""PPS"", ""target_type"": ""party"", ""target_name"": ""حزب التقدم والاشتراكية"", ""label"": ""neutral"", ""label_ar"": ""محايد أو إخباري"", ""confidence"": ""medium"", ""positive_score"": 0, ""negative_score"": 0, ""mention_count"": 8, ""editorial_segment_count"": 5, ""reported_segment_count"": 3, ""evidence"": []}, {""target_id"": ""FGD"", ""target_type"": ""party"", ""target_name"": ""فيدرالية اليسار الديمقراطي"", ""label"": ""neutral"", ""label_ar"": ""محايد أو إخباري"", ""confidence"": ""medium"", ""positive_score"": 0, ""negative_score"": 0, ""mention_count"": 2, ""editorial_segment_count"": 1, ""reported_segment_count"": 1, ""evidence"": []}, {""target_id"": ""PSU"", ""target_type"": ""party"", ""target_name"": ""الحزب الاشتراكي الموحد"", ""label"": ""neutral"", ""label_ar"": ""محايد أو إخباري"", ""confidence"": ""low"", ""positive_score"": 0, ""negative_score"": 0, ""mention_count"": 1, ""editorial_segment_count"": 0, ""reported_segment_count"": 1, ""evidence"": []}, {""target_id"": ""person_014"", ""target_type"": ""person"", ""target_name"": ""حميد وهبي"", ""label"": ""unclear"", ""label_ar"": ""غير واضح"", ""confidence"": ""low"", ""positive_score"": 0, ""negative_score"": 1, ""mention_count"": 6, ""editorial_segment_count"": 3, ""reported_segment_count"": 3, ""evidence"": [""تراجع""]}, {""target_id"": ""person_009"", ""target_type"": ""person"", ""target_name"": ""صالح المالوكي"", ""label"": ""neutral"", ""label_ar"": ""محايد أو إخباري"", ""confidence"": ""low"", ""positive_score"": 0, ""negative_score"": 0, ""mention_count"": 1, ""editorial_segment_count"": 1, ""reported_segment_count"": 0, ""evidence"": []}, {""target_id"": ""person_002"", ""target_type"": ""person"", ""target_name"": ""عبد اللطيف وهبي"", ""label"": ""unclear"", ""label_ar"": ""غير واضح"", ""confidence"": ""low"", ""positive_score"": 0, ""negative_score"": 1, ""mention_count"": 1, ""editorial_segment_count"": 1, ""reported_segment_count"": 0, ""evidence"": [""تراجع""]}, {""target_id"": ""person_003"", ""target_type"": ""person"", ""target_name"": ""كريم أشنكلي"", ""label"": ""neutral"", ""label_ar"": ""محايد أو إخباري"", ""confidence"": ""medium"", ""positive_score"": 0, ""negative_score"": 0, ""mention_count"": 2, ""editorial_segment_count"": 2, ""reported_segment_count"": 0, ""evidence"": []}, {""target_id"": ""person_103"", ""target_type"": ""person"", ""target_name"": ""محمد باكيري"", ""label"": ""neutral"", ""label_ar"": ""محايد أو إخباري"", ""confidence"": ""medium"", ""positive_score"": 0, ""negative_score"": 0, ""mention_count"": 2, ""editorial_segment_count"": 1, ""reported_segment_count"": 1, ""evidence"": []}]",evt_e5c8a0716a71,2026-08-26T20:05:28.935136+00:00
74edc04e68b28b7b,agadirino,أكاديرينو,وزراء الأحرار في ضيافة عمر أمين.. دعم قوي لمرشح الحزب بإنزكان أيت ملول - agadirino.ma,https://agadirino.ma/2026/08/25/%D9%88%D8%B2%D8%B1%D8%A7%D8%A1-%D8%A7%D9%84%D8%A3%D8%AD%D8%B1%D8%A7%D8%B1-%D9%81%D9%8A-%D8%B6%D9%8A%D8%A7%D9%81%D8%A9-%D8%B9%D9%85%D8%B1-%D8%A3%D9%85%D9%8A%D9%86-%D8%AF%D8%B9%D9%85-%D9%82%D9%88,Driss Driss,2026-08-24,2026-08-25T18:59:14.318133+00:00,2026-08-25T18:59:14.318133+00:00,ar,يحظى عمر أمين مرشح حزب التجمع الوطني للأحرار بعمالة إنزكان أيت ملول، بدعم كبير من قيادات ووزراء الحزب، حيث استقبلهم في لقاء أخوي بمنزله. وعرف,91,"{""region"": ""سوس ماسة"", ""primary_provinces"": [""إنزكان أيت ملول""], ""primary_places"": [""أيت ملول"", ""إنزكان""], ""secondary_provinces"": [""اشتوكة أيت باها""], ""secondary_places"": [""ماسة""]}","{""primary"": [{""id"": ""RNI"", ""name"": ""التجمع الوطني للأحرار""}], ""secondary"": []}","{""primary"": [{""id"": ""person_052"", ""name"": ""عمر أمين"", ""tier"": ""secondary""}, {""id"": ""person_003"", ""name"": ""كريم أشنكلي"", ""tier"": ""priority""}], ""secondary"": []}","{""primary"": [{""id"": ""candidacy_nomination"", ""name"": ""الترشح والتزكية"", ""hits"": [""مرشح""]}], ""secondary"": []}","{""level"": ""strong"", ""geographic_score"": 4, ""political_score"": 6, ""decision_reason"": ""صلة جغرافية وسياسية قوية"", ""geographic_reasons"": [""إقليم رئيسي داخل سوس ماسة"", ""مدينة أو مكان رئيسي داخل سوس ماسة""], ""political_reasons"": [""أحزاب رئيسية: التجمع الوطني للأحرار"", ""شخصيات رئيسية: عمر أمين, كريم أشنكلي"", ""مواضيع سياسية: الترشح والتزكية""], ""accepted"": true}","[{""target_id"": ""RNI"", ""target_type"": ""party"", ""target_name"": ""التجمع الوطني للأحرار"", ""label"": ""favorable"", ""label_ar"": ""إيجابي أو داعم"", ""confidence"": ""medium"", ""positive_score"": 2, ""negative_score"": 0, ""mention_count"": 3, ""editorial_segment_count"": 3, ""reported_segment_count"": 0, ""evidence"": [""ثقة""]}, {""target_id"": ""person_052"", ""target_type"": ""person"", ""target_name"": ""عمر أمين"", ""label"": ""favorable"", ""label_ar"": ""إيجابي أو داعم"", ""confidence"": ""medium"", ""positive_score"": 2, ""negative_score"": 0, ""mention_count"": 3, ""editorial_segment_count"": 3, ""reported_segment_count"": 0, ""evidence"": [""ثقة""]}, {""target_id"": ""person_003"", ""target_type"": ""person"", ""target_name"": ""كريم أشنكلي"", ""label"": ""neutral"", ""label_ar"": ""محايد أو إخباري"", ""confidence"": ""low"", ""positive_score"": 0, ""negative_score"": 0, ""mention_count"": 1, ""editorial_segment_count"": 1, ""reported_segment_count"": 0, ""evidence"": []}]",evt_74edc04e68b2,2026-08-25T18:59:14.318133+00:00
e0fda58f8c246ab9,agadirinfo,أكادير أنفو,الانتخابات التشريعية: الشروع في تسليم الإشعارات الموجهة إلى الناخبين لإحاطتهم علما بأماكن إقامة مكاتب التصويت - أكادير انفو - Agadir info,https://agadirinfo.ma/134023.html,اكادير انفو,2026-08-23,2026-08-24T19:01:45.420337+00:00,2026-08-24T19:01:45.420337+00:00,ar,خبار بلاديالانتخابات التشريعية: الشروع في تسليم الإشعارات الموجهة إلى الناخبين لإحاطتهم علما بأماكن إقامة مكاتب التصويت بمناسبة الانتخابات التشريعية لانتخاب أعضاء مجلس النواب المقرر إجراؤها,374,"{""region"": ""سوس ماسة"", ""primary_provinces"": [""أكادير إداوتنان""], ""primary_places"": [""أكادير""], ""secondary_provinces"": [], ""secondary_places"": []}","{""primary"": [], ""secondary"": []}","{""primary"": [], ""secondary"": []}","{""primary"": [{""id"": ""elections"", ""name"": ""الانتخابات والاقتراع"", ""hits"": [""التصويت"", ""اقتراع"", ""اللوائح الانتخابية""]}], ""secondary"": [{""id"": ""political_statements"", ""name"": ""التصريحات والمواقف السياسية"", ""hits"": [""بلاغ""]}]}","{""level"": ""medium"", ""geographic_score"": 4, ""political_score"": 3, ""decision_reason"": ""صلة جغرافية وسياسية مقبولة"", ""geographic_reasons"": [""إقليم رئيسي داخل سوس ماسة"", ""مدينة أو مكان رئيسي داخل سوس ماسة""], ""political_reasons"": [""مواضيع سياسية: الانتخابات والاقتراع""], ""accepted"": true}",[],evt_e0fda58f8c24,2026-08-24T19:01:45.420337+00:00
3522525e545b919c,agadir24,أكادير24,الأحرار يكشف لائحته الكاملة بأكادير إداوتنان.. زينة إدحلي وكيلة وأربعة أسماء تخوض تشريعيات 2026 | agadir24.info,https://agadir24.info/%D8%A7%D9%84%D8%A3%D8%AD%D8%B1%D8%A7%D8%B1-%D9%8A%D9%83%D8%B4%D9%81-%D9%84%D8%A7%D8%A6%D8%AD%D8%AA%D9%87-%D8%A7%D9%84%D9%83%D8%A7%D9%85%D9%84%D8%A9-%D8%A8%D8%A3%D9%83%D8%A7%D8%AF%D9%8A%D8%B1-%D8%A5.html,أكادير,2026-08-23,2026-08-24T19:01:45.420337+00:00,2026-08-24T19:01:45.420337+00:00,ar,أعلن حزب التجمع الوطني للأحرار عن اللائحة الكاملة لمرشحيه بالدائرة الانتخابية المحلية أكادير إداوتنان، استعداداً لخوض الانتخابات التشريعية المقرر تنظيمها يوم الأربعاء 23 شتنبر 2026.,150,"{""region"": ""سوس ماسة"", ""primary_provinces"": [""أكادير إداوتنان""], ""primary_places"": [""أكادير""], ""secondary_provinces"": [], ""secondary_places"": []}","{""primary"": [{""id"": ""RNI"", ""name"": ""التجمع الوطني للأحرار""}], ""secondary"": []}","{""primary"": [], ""secondary"": []}","{""primary"": [{""id"": ""elections"", ""name"": ""الانتخابات والاقتراع"", ""hits"": [""تشريعيات"", ""استحقاقات"", ""انتخابية""]}, {""id"": ""candidacy_nomination"", ""name"": ""الترشح والتزكية"", ""hits"": [""مرشحة""]}], ""secondary"": [{""id"": ""political_statements"", ""name"": ""التصريحات والمواقف السياسية"", ""hits"": [""أكد""]}]}","{""level"": ""strong"", ""geographic_score"": 4, ""political_score"": 6, ""decision_reason"": ""صلة جغرافية وسياسية قوية"", ""geographic_reasons"": [""إقليم رئيسي داخل سوس ماسة"", ""مدينة أو مكان رئيسي داخل سوس ماسة""], ""political_reasons"": [""أحزاب رئيسية: التجمع الوطني للأحرار"", ""مواضيع سياسية: الانتخابات والاقتراع, الترشح والتزكية""], ""accepted"": true}","[{""target_id"": ""RNI"", ""target_type"": ""party"", ""target_name"": ""التجمع الوطني للأحرار"", ""label"": ""neutral"", ""label_ar"": ""محايد أو إخباري"", ""confidence"": ""medium"", ""positive_score"": 0, ""negative_score"": 0, ""mention_count"": 4, ""editorial_segment_count"": 2, ""reported_segment_count"": 2, ""evidence"": []}]",evt_3522525e545b,2026-08-24T19:01:45.420337+00:00
5c88197d8850abb0,agadir24,أكادير24,حزب التجمع الوطني للأحرار | agadir24.info,https://agadir24.info/topics/agadir-politique/rni,,2026-08-23,2026-08-24T19:01:45.420337+00:00,2026-08-24T19:01:45.420337+00:00,ar,أعلن حزب التجمع الوطني للأحرار عن اللائحة الكاملة لمرشحيه بالدائرة الانتخابية المحلية أكادير إداوتنان، استعداداً لخوض الانتخابات التشريعية المقرر تنظيمها… أعلن حزب التجمع الوطني للأحرار,80,"{""region"": ""سوس ماسة"", ""primary_provinces"": [""أكادير إداوتنان""], ""primary_places"": [""أكادير""], ""secondary_provinces"": [], ""secondary_places"": []}","{""primary"": [{""id"": ""RNI"", ""name"": ""التجمع الوطني للأحرار""}], ""secondary"": []}","{""primary"": [], ""secondary"": []}","{""primary"": [{""id"": ""elections"", ""name"": ""الانتخابات والاقتراع"", ""hits"": [""انتخابات"", ""اقتراع""]}], ""secondary"": []}","{""level"": ""strong"", ""geographic_score"": 4, ""political_score"": 5, ""decision_reason"": ""صلة جغرافية وسياسية قوية"", ""geographic_reasons"": [""إقليم رئيسي داخل سوس ماسة"", ""مدينة أو مكان رئيسي داخل سوس ماسة""], ""political_reasons"": [""أحزاب رئيسية: التجمع الوطني للأحرار"", ""مواضيع سياسية: الانتخابات والاقتراع""], ""accepted"": true}","[{""target_id"": ""RNI"", ""target_type"": ""party"", ""target_name"": ""التجمع الوطني للأحرار"", ""label"": ""neutral"", ""label_ar"": ""محايد أو إخباري"", ""confidence"": ""medium"", ""positive_score"": 0, ""negative_score"": 0, ""mention_count"": 2, ""editorial_segment_count"": 1, ""reported_segment_count"": 1, ""evidence"": []}]",evt_5c88197d8850,2026-08-24T19:01:45.420337+00:00
ac4d2c16831e5ce8,agadir24,أكادير24,هل يتجه «الأحرار» إلى تزكية الوزيرة زكية الدريوش وكيلة للائحة «الحمامة» بجهة سوس ماسة؟ | agadir24.info,https://agadir24.info/%D9%87%D9%84-%D9%8A%D8%AA%D8%AC%D9%87-%D8%A7%D9%84%D8%A3%D8%AD%D8%B1%D8%A7%D8%B1-%D8%A5%D9%84%D9%89-%D8%AA%D8%B2%D9%83%D9%8A%D8%A9-%D8%A7%D9%84%D9%88%D8%B2%D9%8A%D8%B1%D8%A9-%D8%B2%D9%83.html,عبدالله بن عيسى,2026-08-22,2026-08-23T13:03:45.160862+00:00,2026-08-23T13:03:45.160862+00:00,ar,أعاد حضور زكية الدريوش، كاتبة الدولة المكلفة بالصيد البحري وعضو المكتب السياسي لحزب التجمع الوطني للأحرار، في اللقاء التواصلي الذي نظمه الحزب بمدينة تيزنيت، السبت,1009,"{""region"": ""سوس ماسة"", ""primary_provinces"": [""أكادير إداوتنان"", ""اشتوكة أيت باها""], ""primary_places"": [""ماسة""], ""secondary_provinces"": [], ""secondary_places"": [""أكادير""]}","{""primary"": [{""id"": ""RNI"", ""name"": ""التجمع الوطني للأحرار""}], ""secondary"": []}","{""primary"": [{""id"": ""person_003"", ""name"": ""كريم أشنكلي"", ""tier"": ""priority""}, {""id"": ""person_084"", ""name"": ""عبد الله غازي"", ""tier"": ""secondary""}], ""secondary"": []}","{""primary"": [{""id"": ""candidacy_nomination"", ""name"": ""الترشح والتزكية"", ""hits"": [""تزكية"", ""مرشحا"", ""دائرة انتخابية"", ""ترشيحها""]}], ""secondary"": [{""id"": ""political_statements"", ""name"": ""التصريحات والمواقف السياسية"", ""hits"": [""أكد"", ""بلاغ""]}, {""id"": ""elections"", ""name"": ""الانتخابات والاقتراع"", ""hits"": [""انتخابية""]}, {""id"": ""alliances_conflicts"", ""name"": ""التحالفات والخلافات السياسية"", ""hits"": [""معارضة""]}]}","{""level"": ""strong"", ""geographic_score"": 4, ""political_score"": 6, ""decision_reason"": ""صلة جغرافية وسياسية قوية"", ""geographic_reasons"": [""إقليم رئيسي داخل سوس ماسة"", ""مدينة أو مكان رئيسي داخل سوس ماسة""], ""political_reasons"": [""أحزاب رئيسية: التجمع الوطني للأحرار"", ""شخصيات رئيسية: كريم أشنكلي, عبد الله غازي"", ""مواضيع سياسية: الترشح والتزكية""], ""accepted"": true}","[{""target_id"": ""RNI"", ""target_type"": ""party"", ""target_name"": ""التجمع الوطني للأحرار"", ""label"": ""unclear"", ""label_ar"": ""غير واضح"", ""confidence"": ""low"", ""positive_score"": 1, ""negative_score"": 0, ""mention_count"": 7, ""editorial_segment_count"": 2, ""reported_segment_count"": 5, ""evidence"": [""يحسم""]}, {""target_id"": ""person_003"", ""target_type"": ""person"", ""target_name"": ""كريم أشنكلي"", ""label"": ""neutral"", ""label_ar"": ""محايد أو إخباري"", ""confidence"": ""medium"", ""positive_score"": 0, ""negative_score"": 0, ""mention_count"": 2, ""editorial_segment_count"": 2, ""reported_segment_count"": 0, ""evidence"": []}, {""target_id"": ""person_084"", ""target_type"": ""person"", ""target_name"": ""عبد الله غازي"", ""label"": ""neutral"", ""label_ar"": ""محايد أو إخباري"", ""confidence"": ""medium"", ""positive_score"": 0, ""negative_score"": 0, ""mention_count"": 5, ""editorial_segment_count"": 3, ""reported_segment_count"": 2, ""evidence"": []}]",evt_ac4d2c16831e,2026-08-23T13:03:45.160862+00:00
02ce7009869f8777,agadir24,أكادير24,أيام الحسم في سوس ماسة.. سبع دوائر و21 مقعداً ولوائح جهوية تعيد رسم معركة تشريعيات 2026 | agadir24.info,https://agadir24.info/%D8%A3%D9%8A%D8%A7%D9%85-%D8%A7%D9%84%D8%AD%D8%B3%D9%85-%D9%81%D9%8A-%D8%B3%D9%88%D8%B3-%D9%85%D8%A7%D8%B3%D8%A9-%D8%B3%D8%A8%D8%B9-%D8%AF%D9%88%D8%A7%D8%A6%D8%B1-%D9%8821-%D9%85%D9%82%D8%B9%D8%AF.html,عبدالله بن عيسى,2026-08-22,2026-08-24T01:59:15.933738+00:00,2026-08-24T01:59:15.933738+00:00,ar,دخلت الاستعدادات للانتخابات التشريعية بجهة سوس ماسة مرحلة حاسمة، قبل أيام من انطلاق عملية إيداع الترشيحات، بعدما كشفت مجموعة من الأحزاب السياسية عن وكلاء لوائحها,1713,"{""region"": ""سوس ماسة"", ""primary_provinces"": [""تارودانت""], ""primary_places"": [""تارودانت""], ""secondary_provinces"": [""أكادير إداوتنان"", ""إنزكان أيت ملول"", ""اشتوكة أيت باها"", ""طاطا""], ""secondary_places"": [""ماسة"", ""أكادير"", ""أيت باها"", ""أيت ملول"", ""إنزكان""]}","{""primary"": [{""id"": ""RNI"", ""name"": ""التجمع الوطني للأحرار""}, {""id"": ""USFP"", ""name"": ""الاتحاد الاشتراكي للقوات الشعبية""}, {""id"": ""UC"", ""name"": ""الاتحاد الدستوري""}, {""id"": ""PAM"", ""name"": ""حزب الأصالة والمعاصرة""}, {""id"": ""PPS"", ""name"": ""حزب التقدم والاشتراكية""}, {""id"": ""PJD"", ""name"": ""حزب العدالة والتنمية""}, {""id"": ""FGD"", ""name"": ""فيدرالية اليسار الديمقراطي""}], ""secondary"": [{""id"": ""PI"", ""name"": ""حزب الاستقلال""}]}","{""primary"": [], ""secondary"": [{""id"": ""person_020"", ""name"": ""إدريس لشكر"", ""tier"": ""priority""}, {""id"": ""person_014"", ""name"": ""حميد وهبي"", ""tier"": ""priority""}, {""id"": ""person_004"", ""name"": ""عبد الصمد قيوح"", ""tier"": ""priority""}, {""id"": ""person_015"", ""name"": ""عبد العزيز البهجة"", ""tier"": ""priority""}, {""id"": ""person_002"", ""name"": ""عبد اللطيف وهبي"", ""tier"": ""priority""}, {""id"": ""person_006"", ""name"": ""لحسن السعدي"", ""tier"": ""priority""}, {""id"": ""person_061"", ""name"": ""إسماعيل كرام"", ""tier"": ""secondary""}, {""id"": ""person_066"", ""name"": ""السعدية نعمة"", ""tier"": ""secondary""}, {""id"": ""person_051"", ""name"": ""خالد الشناق"", ""tier"": ""secondary""}, {""id"": ""person_099"", ""name"": ""سناء عكي"", ""tier"": ""secondary""}, {""id"": ""person_048"", ""name"": ""سناء فوزي"", ""tier"": ""secondary""}, {""id"": ""person_084"", ""name"": ""عبد الله غازي"", ""tier"": ""secondary""}, {""id"": ""person_052"", ""name"": ""عمر أمين"", ""tier"": ""secondary""}, {""id"": ""person_103"", ""name"": ""محمد باكيري"", ""tier"": ""manual_unverified""}]}","{""primary"": [{""id"": ""elections"", ""name"": ""الانتخابات والاقتراع"", ""hits"": [""تشريعيات"", ""انتخابات"", ""انتخابية"", ""صناديق الاقتراع"", ""استحقاقات""]}], ""secondary"": [{""id"": ""results_polls"", ""name"": ""النتائج والاستطلاعات الانتخابية"", ""hits"": [""نسبة المشاركة"", ""المقاعد""]}, {""id"": ""candidacy_nomination"", ""name"": ""الترشح والتزكية"", ""hits"": [""تزكية""]}, {""id"": ""electoral_campaign"", ""name"": ""الحملة الانتخابية"", ""hits"": [""الحملة الانتخابية""]}, {""id"": ""alliances_conflicts"", ""name"": ""التحالفات والخلافات السياسية"", ""hits"": [""صراع""]}, {""id"": ""political_statements"", ""name"": ""التصريحات والمواقف السياسية"", ""hits"": [""أكد""]}, {""id"": ""government_politics"", ""name"": ""السياسات والحصيلة الحكومية"", ""hits"": [""الأغلبية الحكومية""]}]}","{""level"": ""strong"", ""geographic_score"": 4, ""political_score"": 5, ""decision_reason"": ""صلة جغرافية وسياسية قوية"", ""geographic_reasons"": [""إقليم رئيسي داخل سوس ماسة"", ""مدينة أو مكان رئيسي داخل سوس ماسة""], ""political_reasons"": [""أحزاب رئيسية: التجمع الوطني للأحرار, الاتحاد الاشتراكي للقوات الشعبية, الاتحاد الدستوري, حزب الأصالة والمعاصرة"", ""مواضيع سياسية: الانتخابات والاقتراع""], ""accepted"": true}","[{""target_id"": ""RNI"", ""target_type"": ""party"", ""target_name"": ""التجمع الوطني للأحرار"", ""label"": ""neutral"", ""label_ar"": ""محايد أو إخباري"", ""confidence"": ""medium"", ""positive_score"": 0, ""negative_score"": 0, ""mention_count"": 12, ""editorial_segment_count"": 11, ""reported_segment_count"": 1, ""evidence"": []}, {""target_id"": ""USFP"", ""target_type"": ""party"", ""target_name"": ""الاتحاد الاشتراكي للقوات الشعبية"", ""label"": ""neutral"", ""label_ar"": ""محايد أو إخباري"", ""confidence"": ""medium"", ""positive_score"": 0, ""negative_score"": 0, ""mention_count"": 6, ""editorial_segment_count"": 5, ""reported_segment_count"": 1, ""evidence"": []}, {""target_id"": ""UC"", ""target_type"": ""party"", ""target_name"": ""الاتحاد الدستوري"", ""label"": ""neutral"", ""label_ar"": ""محايد أو إخباري"", ""confidence"": ""medium"", ""positive_score"": 0, ""negative_score"": 0, ""mention_count"": 3, ""editorial_segment_count"": 3, ""reported_segment_count"": 0, ""evidence"": []}, {""target_id"": ""PAM"", ""target_type"": ""party"", ""target_name"": ""حزب الأصالة والمعاصرة"", ""label"": ""neutral"", ""label_ar"": ""محايد أو إخباري"", ""confidence"": ""medium"", ""positive_score"": 0, ""negative_score"": 0, ""mention_count"": 10, ""editorial_segment_count"": 8, ""reported_segment_count"": 2, ""evidence"": []}, {""target_id"": ""PPS"", ""target_type"": ""party"", ""target_name"": ""حزب التقدم والاشتراكية"", ""label"": ""neutral"", ""label_ar"": ""محايد أو إخباري"", ""confidence"": ""medium"", ""positive_score"": 0, ""negative_score"": 0, ""mention_count"": 8, ""editorial_segment_count"": 7, ""reported_segment_count"": 1, ""evidence"": []}, {""target_id"": ""PJD"", ""target_type"": ""party"", ""target_name"": ""حزب العدالة والتنمية"", ""label"": ""neutral"", ""label_ar"": ""محايد أو إخباري"", ""confidence"": ""medium"", ""positive_score"": 0, ""negative_score"": 0, ""mention_count"": 10, ""editorial_segment_count"": 9, ""reported_segment_count"": 1, ""evidence"": []}, {""target_id"": ""FGD"", ""target_type"": ""party"", ""target_name"": ""فيدرالية اليسار الديمقراطي"", ""label"": ""neutral"", ""label_ar"": ""محايد أو إخباري"", ""confidence"": ""medium"", ""positive_score"": 0, ""negative_score"": 0, ""mention_count"": 2, ""editorial_segment_count"": 2, ""reported_segment_count"": 0, ""evidence"": []}, {""target_id"": ""PI"", ""target_type"": ""party"", ""target_name"": ""حزب الاستقلال"", ""label"": ""neutral"", ""label_ar"": ""محايد أو إخباري"", ""confidence"": ""medium"", ""positive_score"": 0, ""negative_score"": 0, ""mention_count"": 9, ""editorial_segment_count"": 8, ""reported_segment_count"": 1, ""evidence"": []}, {""target_id"": ""person_020"", ""target_type"": ""person"", ""target_name"": ""إدريس لشكر"", ""label"": ""neutral"", ""label_ar"": ""محايد أو إخباري"", ""confidence"": ""medium"", ""positive_score"": 0, ""negative_score"": 0, ""mention_count"": 2, ""editorial_segment_count"": 1, ""reported_segment_count"": 1, ""evidence"": []}, {""target_id"": ""person_014"", ""target_type"": ""person"", ""target_name"": ""حميد وهبي"", ""label"": ""neutral"", ""label_ar"": ""محايد أو إخباري"", ""confidence"": ""medium"", ""positive_score"": 0, ""negative_score"": 0, ""mention_count"": 2, ""editorial_segment_count"": 1, ""reported_segment_count"": 1, ""evidence"": []}, {""target_id"": ""person_004"", ""target_type"": ""person"", ""target_name"": ""عبد الصمد قيوح"", ""label"": ""neutral"", ""label_ar"": ""محايد أو إخباري"", ""confidence"": ""medium"", ""positive_score"": 0, ""negative_score"": 0, ""mention_count"": 2, ""editorial_segment_count"": 2, ""reported_segment_count"": 0, ""evidence"": []}, {""target_id"": ""person_015"", ""target_type"": ""person"", ""target_name"": ""عبد العزيز البهجة"", ""label"": ""neutral"", ""label_ar"": ""محايد أو إخباري"", ""confidence"": ""medium"", ""positive_score"": 0, ""negative_score"": 0, ""mention_count"": 2, ""editorial_segment_count"": 2, ""reported_segment_count"": 0, ""evidence"": []}, {""target_id"": ""person_002"", ""target_type"": ""person"", ""target_name"": ""عبد اللطيف وهبي"", ""label"": ""neutral"", ""label_ar"": ""محايد أو إخباري"", ""confidence"": ""medium"", ""positive_score"": 0, ""negative_score"": 0, ""mention_count"": 2, ""editorial_segment_count"": 2, ""reported_segment_count"": 0, ""evidence"": []}, {""target_id"": ""person_006"", ""target_type"": ""person"", ""target_name"": ""لحسن السعدي"", ""label"": ""neutral"", ""label_ar"": ""محايد أو إخباري"", ""confidence"": ""medium"", ""positive_score"": 0, ""negative_score"": 0, ""mention_count"": 2, ""editorial_segment_count"": 2, ""reported_segment_count"": 0, ""evidence"": []}, {""target_id"": ""person_061"", ""target_type"": ""person"", ""target_name"": ""إسماعيل كرام"", ""label"": ""neutral"", ""label_ar"": ""محايد أو إخباري"", ""confidence"": ""medium"", ""positive_score"": 0, ""negative_score"": 0, ""mention_count"": 2, ""editorial_segment_count"": 1, ""reported_segment_count"": 1, ""evidence"": []}, {""target_id"": ""person_066"", ""target_type"": ""person"", ""target_name"": ""السعدية نعمة"", ""label"": ""neutral"", ""label_ar"": ""محايد أو إخباري"", ""confidence"": ""medium"", ""positive_score"": 0, ""negative_score"": 0, ""mention_count"": 2, ""editorial_segment_count"": 2, ""reported_segment_count"": 0, ""evidence"": []}, {""target_id"": ""person_051"", ""target_type"": ""person"", ""target_name"": ""خالد الشناق"", ""label"": ""neutral"", ""label_ar"": ""محايد أو إخباري"", ""confidence"": ""medium"", ""positive_score"": 0, ""negative_score"": 0, ""mention_count"": 2, ""editorial_segment_count"": 2, ""reported_segment_count"": 0, ""evidence"": []}, {""target_id"": ""person_099"", ""target_type"": ""person"", ""target_name"": ""سناء عكي"", ""label"": ""neutral"", ""label_ar"": ""محايد أو إخباري"", ""confidence"": ""medium"", ""positive_score"": 0, ""negative_score"": 0, ""mention_count"": 2, ""editorial_segment_count"": 2, ""reported_segment_count"": 0, ""evidence"": []}, {""target_id"": ""person_048"", ""target_type"": ""person"", ""target_name"": ""سناء فوزي"", ""label"": ""neutral"", ""label_ar"": ""محايد أو إخباري"", ""confidence"": ""medium"", ""positive_score"": 0, ""negative_score"": 0, ""mention_count"": 2, ""editorial_segment_count"": 2, ""reported_segment_count"": 0, ""evidence"": []}, {""target_id"": ""person_084"", ""target_type"": ""person"", ""target_name"": ""عبد الله غازي"", ""label"": ""neutral"", ""label_ar"": ""محايد أو إخباري"", ""confidence"": ""medium"", ""positive_score"": 0, ""negative_score"": 0, ""mention_count"": 2, ""editorial_segment_count"": 2, ""reported_segment_count"": 0, ""evidence"": []}, {""target_id"": ""person_052"", ""target_type"": ""person"", ""target_name"": ""عمر أمين"", ""label"": ""neutral"", ""label_ar"": ""محايد أو إخباري"", ""confidence"": ""medium"", ""positive_score"": 0, ""negative_score"": 0, ""mention_count"": 2, ""editorial_segment_count"": 2, ""reported_segment_count"": 0, ""evidence"": []}, {""target_id"": ""person_103"", ""target_type"": ""person"", ""target_name"": ""محمد باكيري"", ""label"": ""neutral"", ""label_ar"": ""محايد أو إخباري"", ""confidence"": ""medium"", ""positive_score"": 0, ""negative_score"": 0, ""mention_count"": 2, ""editorial_segment_count"": 2, ""reported_segment_count"": 0, ""evidence"": []}]",evt_02ce7009869f,2026-08-24T01:59:15.933738+00:00
7788eea27186cace,agadirino,أكاديرينو,قيادة الاحرار في بيت مرشح الحزب عمر أمين بإقليم انزكان ايت ملول (صور) - agadirino.ma,https://agadirino.ma/2026/08/23/%D9%82%D9%8A%D8%A7%D8%AF%D8%A9-%D8%A7%D9%84%D8%A7%D8%AD%D8%B1%D8%A7%D8%B1-%D9%81%D9%8A-%D8%A8%D9%8A%D8%AA-%D9%85%D8%B1%D8%B4%D8%AD-%D8%A7%D9%84%D8%AD%D8%B2%D8%A8-%D8%B9%D9%85%D8%B1-%D8%A3%D9%85%D9%8A,Driss Driss,2026-08-22,2026-08-24T01:59:15.933738+00:00,2026-08-24T01:59:15.933738+00:00,ar,احتضن منزل مرشح حزب التجمع الوطني للأحرار بعمالة إنزكان، السيد عمر أمين، أمس السبت، لقاءً تواصلياً للحزب، في إطار الدينامية التنظيمية والسياسية التي يواصل تعزيزها,242,"{""region"": ""سوس ماسة"", ""primary_provinces"": [""إنزكان أيت ملول""], ""primary_places"": [""أيت ملول"", ""إنزكان""], ""secondary_provinces"": [""اشتوكة أيت باها""], ""secondary_places"": [""ماسة""]}","{""primary"": [{""id"": ""RNI"", ""name"": ""التجمع الوطني للأحرار""}], ""secondary"": []}","{""primary"": [{""id"": ""person_052"", ""name"": ""عمر أمين"", ""tier"": ""secondary""}, {""id"": ""person_003"", ""name"": ""كريم أشنكلي"", ""tier"": ""priority""}], ""secondary"": []}","{""primary"": [{""id"": ""candidacy_nomination"", ""name"": ""الترشح والتزكية"", ""hits"": [""مرشح""]}], ""secondary"": [{""id"": ""elections"", ""name"": ""الانتخابات والاقتراع"", ""hits"": [""الاستحقاقات الانتخابية"", ""الاستحقاقات""]}]}","{""level"": ""strong"", ""geographic_score"": 4, ""political_score"": 6, ""decision_reason"": ""صلة جغرافية وسياسية قوية"", ""geographic_reasons"": [""إقليم رئيسي داخل سوس ماسة"", ""مدينة أو مكان رئيسي داخل سوس ماسة""], ""political_reasons"": [""أحزاب رئيسية: التجمع الوطني للأحرار"", ""شخصيات رئيسية: عمر أمين, كريم أشنكلي"", ""مواضيع سياسية: الترشح والتزكية""], ""accepted"": true}","[{""target_id"": ""RNI"", ""target_type"": ""party"", ""target_name"": ""التجمع الوطني للأحرار"", ""label"": ""neutral"", ""label_ar"": ""محايد أو إخباري"", ""confidence"": ""medium"", ""positive_score"": 0, ""negative_score"": 0, ""mention_count"": 5, ""editorial_segment_count"": 5, ""reported_segment_count"": 0, ""evidence"": []}, {""target_id"": ""person_052"", ""target_type"": ""person"", ""target_name"": ""عمر أمين"", ""label"": ""neutral"", ""label_ar"": ""محايد أو إخباري"", ""confidence"": ""medium"", ""positive_score"": 0, ""negative_score"": 0, ""mention_count"": 3, ""editorial_segment_count"": 3, ""reported_segment_count"": 0, ""evidence"": []}, {""target_id"": ""person_003"", ""target_type"": ""person"", ""target_name"": ""كريم أشنكلي"", ""label"": ""neutral"", ""label_ar"": ""محايد أو إخباري"", ""confidence"": ""low"", ""positive_score"": 0, ""negative_score"": 0, ""mention_count"": 1, ""editorial_segment_count"": 1, ""reported_segment_count"": 0, ""evidence"": []}]",evt_7788eea27186,2026-08-24T01:59:15.933738+00:00
7202e21280aff7fe,agadirino,أكاديرينو,بحضور قيادة الحزب .. الأحرار يجتمعون في بيت الفاعل الاقتصادي الحسين بيشا بتيزنيت (صور) - agadirino.ma,https://agadirino.ma/2026/08/23/%D8%A7%D9%84%D8%A3%D8%AD%D8%B1%D8%A7%D8%B1-%D8%A8%D8%AA%D9%8A%D8%B2%D9%86%D9%8A%D8%AA-%D8%A7%D9%84%D8%AD%D8%B3%D9%8A%D9%86-%D8%A8%D9%8A%D8%B4%D8%A7,Driss Driss,2026-08-22,2026-08-24T01:59:15.933738+00:00,2026-08-24T01:59:15.933738+00:00,ar,احتضن منزل الفاعل الاقتصادي الكبير الحاج الحسين بيشا بمدينة تيزنيت، أمس السبت، لقاءً تواصلياً لحزب التجمع الوطني للأحرار، أطره كريم أشنكلي، عضو المكتب السياسي للحزب,261,"{""region"": ""سوس ماسة"", ""primary_provinces"": [""اشتوكة أيت باها""], ""primary_places"": [""ماسة""], ""secondary_provinces"": [], ""secondary_places"": []}","{""primary"": [{""id"": ""RNI"", ""name"": ""التجمع الوطني للأحرار""}], ""secondary"": []}","{""primary"": [{""id"": ""person_003"", ""name"": ""كريم أشنكلي"", ""tier"": ""priority""}, {""id"": ""person_084"", ""name"": ""عبد الله غازي"", ""tier"": ""secondary""}], ""secondary"": []}","{""primary"": [{""id"": ""elections"", ""name"": ""الانتخابات والاقتراع"", ""hits"": [""الاستحقاقات"", ""انتخابات"", ""استحقاقات""]}], ""secondary"": [{""id"": ""candidacy_nomination"", ""name"": ""الترشح والتزكية"", ""hits"": [""مرشحا""]}, {""id"": ""political_statements"", ""name"": ""التصريحات والمواقف السياسية"", ""hits"": [""أكد""]}]}","{""level"": ""strong"", ""geographic_score"": 4, ""political_score"": 6, ""decision_reason"": ""صلة جغرافية وسياسية قوية"", ""geographic_reasons"": [""إقليم رئيسي داخل سوس ماسة"", ""مدينة أو مكان رئيسي داخل سوس ماسة""], ""political_reasons"": [""أحزاب رئيسية: التجمع الوطني للأحرار"", ""شخصيات رئيسية: كريم أشنكلي, عبد الله غازي"", ""مواضيع سياسية: الانتخابات والاقتراع""], ""accepted"": true}","[{""target_id"": ""RNI"", ""target_type"": ""party"", ""target_name"": ""التجمع الوطني للأحرار"", ""label"": ""neutral"", ""label_ar"": ""محايد أو إخباري"", ""confidence"": ""medium"", ""positive_score"": 0, ""negative_score"": 0, ""mention_count"": 2, ""editorial_segment_count"": 2, ""reported_segment_count"": 0, ""evidence"": []}, {""target_id"": ""person_003"", ""target_type"": ""person"", ""target_name"": ""كريم أشنكلي"", ""label"": ""neutral"", ""label_ar"": ""محايد أو إخباري"", ""confidence"": ""low"", ""positive_score"": 0, ""negative_score"": 0, ""mention_count"": 1, ""editorial_segment_count"": 1, ""reported_segment_count"": 0, ""evidence"": []}, {""target_id"": ""person_084"", ""target_type"": ""person"", ""target_name"": ""عبد الله غازي"", ""label"": ""unclear"", ""label_ar"": ""غير واضح"", ""confidence"": ""low"", ""positive_score"": 1, ""negative_score"": 0, ""mention_count"": 3, ""editorial_segment_count"": 3, ""reported_segment_count"": 0, ""evidence"": [""ثقة""]}]",evt_7202e21280af,2026-08-24T01:59:15.933738+00:00
0720104602bda1b3,chtoukapress,اشتوكة بريس,منتخب الفوتسال يفوز على السعودية في أكادير,https://www.chtoukapress.com/306196.html,Chtouka,2026-08-22,2026-08-24T01:59:15.933738+00:00,2026-08-24T01:59:15.933738+00:00,ar,حقق المنتخب الوطني المغربي لكرة القدم داخل القاعة فوزاً على نظيره السعودي بثلاثة أهداف مقابل هدف واحد، في المباراة الودية التي جمعتهما مساء اليوم الأحد،,125,"{""region"": ""سوس ماسة"", ""primary_provinces"": [""أكادير إداوتنان""], ""primary_places"": [""أكادير""], ""secondary_provinces"": [], ""secondary_places"": []}","{""primary"": [], ""secondary"": []}","{""primary"": [], ""secondary"": []}","{""primary"": [{""id"": ""elections"", ""name"": ""الانتخابات والاقتراع"", ""hits"": [""استحقاقات"", ""الاستحقاقات""]}], ""secondary"": []}","{""level"": ""medium"", ""geographic_score"": 4, ""political_score"": 3, ""decision_reason"": ""صلة جغرافية وسياسية مقبولة"", ""geographic_reasons"": [""إقليم رئيسي داخل سوس ماسة"", ""مدينة أو مكان رئيسي داخل سوس ماسة""], ""political_reasons"": [""مواضيع سياسية: الانتخابات والاقتراع""], ""accepted"": true}",[],evt_0720104602bd,2026-08-24T01:59:15.933738+00:00
2805976b8c5c971a,tiznit24,تيزنيت24,غازي في لقاء شبيبة الأحرار بتافراوت يبرز التحولات التي شهدها إقليم تيزنيت,https://tiznit24.com/?p=194965,,2026-08-22,2026-08-24T01:59:15.933738+00:00,2026-08-24T01:59:15.933738+00:00,ar,استعرض النائب البرلماني عبد الله غازي، خلال لقاء تواصلي جمعه بشباب حزب التجمع الوطني للأحرار بمدينة تافراوت، أبرز التحولات التي عرفها إقليم تيزنيت خلال السنوات,177,"{""region"": ""سوس ماسة"", ""primary_provinces"": [""تزنيت""], ""primary_places"": [""تافراوت""], ""secondary_provinces"": [], ""secondary_places"": []}","{""primary"": [{""id"": ""RNI"", ""name"": ""التجمع الوطني للأحرار""}], ""secondary"": []}","{""primary"": [{""id"": ""person_084"", ""name"": ""عبد الله غازي"", ""tier"": ""secondary""}], ""secondary"": []}","{""primary"": [], ""secondary"": [{""id"": ""party_activity"", ""name"": ""الأنشطة والتنظيمات الحزبية"", ""hits"": [""لقاء تواصلي""]}]}","{""level"": ""medium"", ""geographic_score"": 4, ""political_score"": 3, ""decision_reason"": ""صلة جغرافية وسياسية مقبولة"", ""geographic_reasons"": [""إقليم رئيسي داخل سوس ماسة"", ""مدينة أو مكان رئيسي داخل سوس ماسة""], ""political_reasons"": [""أحزاب رئيسية: التجمع الوطني للأحرار"", ""شخصيات رئيسية: عبد الله غازي""], ""accepted"": true}","[{""target_id"": ""RNI"", ""target_type"": ""party"", ""target_name"": ""التجمع الوطني للأحرار"", ""label"": ""favorable"", ""label_ar"": ""إيجابي أو داعم"", ""confidence"": ""medium"", ""positive_score"": 2, ""negative_score"": 0, ""mention_count"": 3, ""editorial_segment_count"": 3, ""reported_segment_count"": 0, ""evidence"": [""دينامية""]}, {""target_id"": ""person_084"", ""target_type"": ""person"", ""target_name"": ""عبد الله غازي"", ""label"": ""favorable"", ""label_ar"": ""إيجابي أو داعم"", ""confidence"": ""medium"", ""positive_score"": 2, ""negative_score"": 0, ""mention_count"": 1, ""editorial_segment_count"": 1, ""reported_segment_count"": 0, ""evidence"": [""دينامية""]}]",evt_2805976b8c5c,2026-08-24T01:59:15.933738+00:00
32204d743be7318c,le360,Le360,Archives militaires de Vincennes. Ep 7. 1893: le prétexte français pour rompre le traité de Lalla Maghnia et avancer vers le Sahara oriental,https://fr.le360.ma/politique/archives-militaires-de-vincennes-ep-7-1893-le-pretexte-francais-pour-rompre-le-traite-de-lalla_S4P2OTTTPJCRHKGO3CDRML6KUE,Karim Serraj,2026-08-22,2026-08-24T19:01:45.420337+00:00,2026-08-24T19:01:45.420337+00:00,fr,"«Nous ne saurions, en tous cas, tolérer qu’une autre puissance nous devance de ce côté, sous peine de nous voir arrêtés dans notre expansion vers",2599,"{""region"": ""سوس ماسة"", ""primary_provinces"": [""أكادير إداوتنان""], ""primary_places"": [""أكادير""], ""secondary_provinces"": [], ""secondary_places"": []}","{""primary"": [], ""secondary"": []}","{""primary"": [], ""secondary"": []}","{""primary"": [{""id"": ""political_statements"", ""name"": ""التصريحات والمواقف السياسية"", ""hits"": [""affirme"", ""estime"", ""considère""]}], ""secondary"": [{""id"": ""government_politics"", ""name"": ""السياسات والحصيلة الحكومية"", ""hits"": [""gouvernement"", ""ministre""]}, {""id"": ""alliances_conflicts"", ""name"": ""التحالفات والخلافات السياسية"", ""hits"": [""rupture""]}]}","{""level"": ""medium"", ""geographic_score"": 4, ""political_score"": 2, ""decision_reason"": ""صلة جغرافية وسياسية مقبولة"", ""geographic_reasons"": [""إقليم رئيسي داخل سوس ماسة"", ""مدينة أو مكان رئيسي داخل سوس ماسة""], ""political_reasons"": [""مواضيع سياسية: التصريحات والمواقف السياسية""], ""accepted"": true}",[],evt_32204d743be7,2026-08-24T19:01:45.420337+00:00
2195bfb12e19df20,agadir24,أكادير24,تجمع حاشد للأحرار باشتوكة آيت باها: تأكيد على الريادة واستعراض مشاريع مائية وهيكلية كبرى | agadir24.info,https://agadir24.info/%D8%AA%D8%AC%D9%85%D8%B9-%D8%AD%D8%A7%D8%B4%D8%AF-%D9%84%D9%84%D8%A3%D8%AD%D8%B1%D8%A7%D8%B1-%D8%A8%D8%A7%D8%B4%D8%AA%D9%88%D9%83%D8%A9-%D8%A2%D9%8A%D8%AA-%D8%A8%D8%A7%D9%87%D8%A7-%D8%AA%D8%A3%D9%83.html,أكادير,2026-08-21,2026-08-22T13:02:29.491534+00:00,2026-08-22T13:02:29.491534+00:00,ar,نظم حزب التجمع الوطني للأحرار لقاءً حاشداً بمدينة بيوكرى باشتوكة آيت باها. واستعرض القياديون والوزراء المشاركون حصيلة العمل الحكومي والمحلي، مؤكدين جاهزية الحزب الاستثنائية لمواصلة,322,"{""region"": ""سوس ماسة"", ""primary_provinces"": [""اشتوكة أيت باها""], ""primary_places"": [""أيت باها""], ""secondary_provinces"": [""أكادير إداوتنان""], ""secondary_places"": [""بيوكرى"", ""أكادير"", ""ماسة""]}","{""primary"": [{""id"": ""RNI"", ""name"": ""التجمع الوطني للأحرار""}], ""secondary"": []}","{""primary"": [{""id"": ""person_006"", ""name"": ""لحسن السعدي"", ""tier"": ""priority""}], ""secondary"": [{""id"": ""person_061"", ""name"": ""إسماعيل كرام"", ""tier"": ""secondary""}]}","{""primary"": [], ""secondary"": [{""id"": ""elections"", ""name"": ""الانتخابات والاقتراع"", ""hits"": [""انتخابات""]}, {""id"": ""political_statements"", ""name"": ""التصريحات والمواقف السياسية"", ""hits"": [""أكد""]}]}","{""level"": ""medium"", ""geographic_score"": 4, ""political_score"": 3, ""decision_reason"": ""صلة جغرافية وسياسية مقبولة"", ""geographic_reasons"": [""إقليم رئيسي داخل سوس ماسة"", ""مدينة أو مكان رئيسي داخل سوس ماسة""], ""political_reasons"": [""أحزاب رئيسية: التجمع الوطني للأحرار"", ""شخصيات رئيسية: لحسن السعدي""], ""accepted"": true}","[{""target_id"": ""RNI"", ""target_type"": ""party"", ""target_name"": ""التجمع الوطني للأحرار"", ""label"": ""neutral"", ""label_ar"": ""محايد أو إخباري"", ""confidence"": ""medium"", ""positive_score"": 0, ""negative_score"": 0, ""mention_count"": 2, ""editorial_segment_count"": 1, ""reported_segment_count"": 1, ""evidence"": []}, {""target_id"": ""person_006"", ""target_type"": ""person"", ""target_name"": ""لحسن السعدي"", ""label"": ""neutral"", ""label_ar"": ""محايد أو إخباري"", ""confidence"": ""low"", ""positive_score"": 0, ""negative_score"": 0, ""mention_count"": 1, ""editorial_segment_count"": 0, ""reported_segment_count"": 1, ""evidence"": []}, {""target_id"": ""person_061"", ""target_type"": ""person"", ""target_name"": ""إسماعيل كرام"", ""label"": ""neutral"", ""label_ar"": ""محايد أو إخباري"", ""confidence"": ""low"", ""positive_score"": 0, ""negative_score"": 0, ""mention_count"": 1, ""editorial_segment_count"": 1, ""reported_segment_count"": 0, ""evidence"": []}]",evt_2195bfb12e19,2026-08-22T13:02:29.491534+00:00
ccb0a6c23fb187f2,alyaoum24,اليوم24,أمينة ماء العينين البيجيدي قادر على العودة إلى الصدارة إذا كانت الانتخابات نزيهة – اليوم 24,https://alyaoum24.com/videos/%D8%A3%D9%85%D9%8A%D9%86%D8%A9-%D9%85%D8%A7%D8%A1-%D8%A7%D9%84%D8%B9%D9%8A%D9%86%D9%8A%D9%86-%D8%A7%D9%84%D8%A8%D9%8A%D8%AC%D9%8A%D8%AF%D9%8A-%D9%82%D8%A7%D8%AF%D8%B1-%D8%B9%D9%84%D9%89-%D8%A7%D9%84,Alyaoum,2026-08-21,2026-08-22T13:02:29.491534+00:00,2026-08-22T13:02:29.491534+00:00,ar,شريط الأخبار بسبب أغنية عن طليقته… سنة حبسا نافذا وغرامة وتعويض في حق الرابور « بوز فلو » إعادة انتخاب عبد اللطيف إدماحمة عضوا باللجنة,118,"{""region"": ""سوس ماسة"", ""primary_provinces"": [""تارودانت""], ""primary_places"": [""أولاد تايمة"", ""تارودانت""], ""secondary_provinces"": [""أكادير إداوتنان""], ""secondary_places"": [""أكادير""]}","{""primary"": [{""id"": ""PJD"", ""name"": ""حزب العدالة والتنمية""}], ""secondary"": []}","{""primary"": [], ""secondary"": []}","{""primary"": [], ""secondary"": []}","{""level"": ""medium"", ""geographic_score"": 4, ""political_score"": 2, ""decision_reason"": ""صلة جغرافية وسياسية مقبولة"", ""geographic_reasons"": [""إقليم رئيسي داخل سوس ماسة"", ""مدينة أو مكان رئيسي داخل سوس ماسة""], ""political_reasons"": [""أحزاب رئيسية: حزب العدالة والتنمية""], ""accepted"": true}","[{""target_id"": ""PJD"", ""target_type"": ""party"", ""target_name"": ""حزب العدالة والتنمية"", ""label"": ""neutral"", ""label_ar"": ""محايد أو إخباري"", ""confidence"": ""medium"", ""positive_score"": 0, ""negative_score"": 0, ""mention_count"": 1, ""editorial_segment_count"": 1, ""reported_segment_count"": 0, ""evidence"": []}]",evt_ccb0a6c23fb1,2026-08-22T13:02:29.491534+00:00
014647887c6717c1,agadirino,أكاديرينو,أوجار: الأحرار بنى قوته في عشر سنوات من العمل وليس قبل الانتخابات بأيام (فيديو) - agadirino.ma,https://agadirino.ma/2026/08/22/%D9%85%D8%AD%D9%85%D8%AF-%D8%A7%D9%88%D8%AC%D8%A7%D8%B1-%D8%A7%D8%B4%D8%AA%D9%80%D9%88%D9%83%D8%A9-%D8%A7%D9%8A%D8%AA-%D8%A8%D8%A7%D9%87%D8%A7-%D8%AD%D8%B5%D9%8A%D9%84%D8%A9-%D8%A7%D9%84%D8%AD%D9%83,Driss Driss,2026-08-21,2026-08-22T18:50:38.259334+00:00,2026-08-22T18:50:38.259334+00:00,ar,أكد محمد أوجار، عضو المكتب السياسي لحزب التجمع الوطني للأحرار، أن الحزب يتوجه إلى المرحلة السياسية المقبلة مستنداً إلى حصيلة خمس سنوات من العمل الحكومي،,204,"{""region"": ""سوس ماسة"", ""primary_provinces"": [""اشتوكة أيت باها""], ""primary_places"": [""أيت باها""], ""secondary_provinces"": [], ""secondary_places"": []}","{""primary"": [{""id"": ""RNI"", ""name"": ""التجمع الوطني للأحرار""}], ""secondary"": []}","{""primary"": [], ""secondary"": []}","{""primary"": [{""id"": ""political_statements"", ""name"": ""التصريحات والمواقف السياسية"", ""hits"": [""أكد"", ""اعتبر""]}], ""secondary"": []}","{""level"": ""strong"", ""geographic_score"": 4, ""political_score"": 4, ""decision_reason"": ""صلة جغرافية وسياسية قوية"", ""geographic_reasons"": [""إقليم رئيسي داخل سوس ماسة"", ""مدينة أو مكان رئيسي داخل سوس ماسة""], ""political_reasons"": [""أحزاب رئيسية: التجمع الوطني للأحرار"", ""مواضيع سياسية: التصريحات والمواقف السياسية""], ""accepted"": true}","[{""target_id"": ""RNI"", ""target_type"": ""party"", ""target_name"": ""التجمع الوطني للأحرار"", ""label"": ""favorable"", ""label_ar"": ""إيجابي أو داعم"", ""confidence"": ""medium"", ""positive_score"": 2, ""negative_score"": 0, ""mention_count"": 3, ""editorial_segment_count"": 2, ""reported_segment_count"": 1, ""evidence"": [""كفاءات"", ""كفاءات شابة""]}]",evt_014647887c67,2026-08-22T18:50:38.259334+00:00
89e8852f076f8c72,agadirino,أكاديرينو,بايتاس: لسنا حزب الأمتار الأخيرة.. تعاقدنا مع المغاربة مبني على الأهداف والنتائج (فيديو) - agadirino.ma,https://agadirino.ma/2026/08/22/%D8%A8%D8%A7%D9%8A%D8%AA%D8%A7%D8%B3-%D9%84%D8%B3%D9%86%D8%A7-%D8%AD%D8%B2%D8%A8-%D8%A7%D9%84%D8%A3%D9%85%D8%AA%D8%A7%D8%B1-%D8%A7%D9%84%D8%A3%D8%AE%D9%8A%D8%B1%D8%A9-%D8%AA%D8%B9%D8%A7%D9%82%D8%AF,Driss Driss,2026-08-21,2026-08-22T18:50:38.259334+00:00,2026-08-22T18:50:38.259334+00:00,ar,أكد مصطفى بايتاس، عضو المكتب السياسي لحزب التجمع الوطني للأحرار والوزير المنتدب لدى رئيس الحكومة المكلف بالعلاقات مع البرلمان، الناطق الرسمي باسم الحكومة، أن الحزب,193,"{""region"": ""سوس ماسة"", ""primary_provinces"": [""اشتوكة أيت باها""], ""primary_places"": [""أيت باها""], ""secondary_provinces"": [], ""secondary_places"": []}","{""primary"": [{""id"": ""RNI"", ""name"": ""التجمع الوطني للأحرار""}], ""secondary"": []}","{""primary"": [], ""secondary"": []}","{""primary"": [], ""secondary"": [{""id"": ""party_activity"", ""name"": ""الأنشطة والتنظيمات الحزبية"", ""hits"": [""لقاء تواصلي""]}, {""id"": ""political_statements"", ""name"": ""التصريحات والمواقف السياسية"", ""hits"": [""أكد""]}, {""id"": ""government_politics"", ""name"": ""السياسات والحصيلة الحكومية"", ""hits"": [""رئيس الحكومة""]}, {""id"": ""elections"", ""name"": ""الانتخابات والاقتراع"", ""hits"": [""انتخابات""]}]}","{""level"": ""medium"", ""geographic_score"": 4, ""political_score"": 2, ""decision_reason"": ""صلة جغرافية وسياسية مقبولة"", ""geographic_reasons"": [""إقليم رئيسي داخل سوس ماسة"", ""مدينة أو مكان رئيسي داخل سوس ماسة""], ""political_reasons"": [""أحزاب رئيسية: التجمع الوطني للأحرار""], ""accepted"": true}","[{""target_id"": ""RNI"", ""target_type"": ""party"", ""target_name"": ""التجمع الوطني للأحرار"", ""label"": ""unclear"", ""label_ar"": ""غير واضح"", ""confidence"": ""low"", ""positive_score"": 1, ""negative_score"": 0, ""mention_count"": 3, ""editorial_segment_count"": 1, ""reported_segment_count"": 2, ""evidence"": [""دينامية""]}]",evt_89e8852f076f,2026-08-22T18:50:38.259334+00:00
daf8850687102fc5,tiznit24,تيزنيت24,تيزنيت.. قيادات ومنتخبون و فعاليات يعلنون التفافهم حول ترشيح عبد الله غازي.,https://tiznit24.com/?p=194959,,2026-08-21,2026-08-23T07:03:49.550705+00:00,2026-08-23T07:03:49.550705+00:00,ar,احتضنت مدينة تيزنيت، اليوم السبت، لقاءً تواصلياً لحزب التجمع الوطني للأحرار، شكل محطة سياسية وتنظيمية استعداداً للاستحقاقات التشريعية المقبلة، بحضور عدد من قيادات الحزب ومنتخبيه,186,"{""region"": ""سوس ماسة"", ""primary_provinces"": [""اشتوكة أيت باها""], ""primary_places"": [""ماسة""], ""secondary_provinces"": [], ""secondary_places"": []}","{""primary"": [{""id"": ""RNI"", ""name"": ""التجمع الوطني للأحرار""}], ""secondary"": []}","{""primary"": [{""id"": ""person_084"", ""name"": ""عبد الله غازي"", ""tier"": ""secondary""}, {""id"": ""person_003"", ""name"": ""كريم أشنكلي"", ""tier"": ""priority""}], ""secondary"": []}","{""primary"": [{""id"": ""elections"", ""name"": ""الانتخابات والاقتراع"", ""hits"": [""الاستحقاقات"", ""استحقاقات""]}], ""secondary"": [{""id"": ""candidacy_nomination"", ""name"": ""الترشح والتزكية"", ""hits"": [""مرشحا""]}]}","{""level"": ""strong"", ""geographic_score"": 4, ""political_score"": 6, ""decision_reason"": ""صلة جغرافية وسياسية قوية"", ""geographic_reasons"": [""إقليم رئيسي داخل سوس ماسة"", ""مدينة أو مكان رئيسي داخل سوس ماسة""], ""political_reasons"": [""أحزاب رئيسية: التجمع الوطني للأحرار"", ""شخصيات رئيسية: عبد الله غازي, كريم أشنكلي"", ""مواضيع سياسية: الانتخابات والاقتراع""], ""accepted"": true}","[{""target_id"": ""RNI"", ""target_type"": ""party"", ""target_name"": ""التجمع الوطني للأحرار"", ""label"": ""neutral"", ""label_ar"": ""محايد أو إخباري"", ""confidence"": ""medium"", ""positive_score"": 0, ""negative_score"": 0, ""mention_count"": 2, ""editorial_segment_count"": 2, ""reported_segment_count"": 0, ""evidence"": []}, {""target_id"": ""person_084"", ""target_type"": ""person"", ""target_name"": ""عبد الله غازي"", ""label"": ""neutral"", ""label_ar"": ""محايد أو إخباري"", ""confidence"": ""medium"", ""positive_score"": 0, ""negative_score"": 0, ""mention_count"": 3, ""editorial_segment_count"": 3, ""reported_segment_count"": 0, ""evidence"": []}, {""target_id"": ""person_003"", ""target_type"": ""person"", ""target_name"": ""كريم أشنكلي"", ""label"": ""neutral"", ""label_ar"": ""محايد أو إخباري"", ""confidence"": ""low"", ""positive_score"": 0, ""negative_score"": 0, ""mention_count"": 1, ""editorial_segment_count"": 1, ""reported_segment_count"": 0, ""evidence"": []}]",evt_daf885068710,2026-08-23T07:03:49.550705+00:00
44746916e8c5593d,agadirino,أكاديرينو,بحضور أزيد من 1800 من مناضليه.. الأحرار يستعرض قوته باشتوكة أيت باها (صور) - agadirino.ma,https://agadirino.ma/2026/08/21/%D8%A7%D9%84%D8%A3%D8%AD%D8%B1%D8%A7%D8%B1-%D9%81%D9%8A-%D8%A7%D8%B3%D8%AA%D8%B9%D8%B1%D8%A7%D8%B6-%D9%84%D9%84%D9%82%D9%88%D8%A9-%D8%A8%D8%A7%D8%B4%D8%AA%D9%88%D9%83%D8%A9-%D8%A2%D9%8A%D8%AA-%D8%A8,Driss Driss,2026-08-20,2026-08-22T01:52:34.062862+00:00,2026-08-22T01:52:34.062862+00:00,ar,شهدت مدينة بيوكرى، يوم الجمعة 21 غشت 2026، لقاءً تواصلياً موسعاً نظمته التنسيقية الإقليمية لحزب التجمع الوطني للأحرار باشتوكة آيت باها، تحت إشراف التنسيقية الجهوية,305,"{""region"": ""سوس ماسة"", ""primary_provinces"": [""اشتوكة أيت باها""], ""primary_places"": [""أيت باها""], ""secondary_provinces"": [], ""secondary_places"": [""بيوكرى"", ""ماسة""]}","{""primary"": [{""id"": ""RNI"", ""name"": ""التجمع الوطني للأحرار""}], ""secondary"": []}","{""primary"": [{""id"": ""person_003"", ""name"": ""كريم أشنكلي"", ""tier"": ""priority""}], ""secondary"": [{""id"": ""person_006"", ""name"": ""لحسن السعدي"", ""tier"": ""priority""}]}","{""primary"": [], ""secondary"": []}","{""level"": ""medium"", ""geographic_score"": 4, ""political_score"": 3, ""decision_reason"": ""صلة جغرافية وسياسية مقبولة"", ""geographic_reasons"": [""إقليم رئيسي داخل سوس ماسة"", ""مدينة أو مكان رئيسي داخل سوس ماسة""], ""political_reasons"": [""أحزاب رئيسية: التجمع الوطني للأحرار"", ""شخصيات رئيسية: كريم أشنكلي""], ""accepted"": true}","[{""target_id"": ""RNI"", ""target_type"": ""party"", ""target_name"": ""التجمع الوطني للأحرار"", ""label"": ""neutral"", ""label_ar"": ""محايد أو إخباري"", ""confidence"": ""medium"", ""positive_score"": 0, ""negative_score"": 0, ""mention_count"": 2, ""editorial_segment_count"": 1, ""reported_segment_count"": 1, ""evidence"": []}, {""target_id"": ""person_003"", ""target_type"": ""person"", ""target_name"": ""كريم أشنكلي"", ""label"": ""neutral"", ""label_ar"": ""محايد أو إخباري"", ""confidence"": ""low"", ""positive_score"": 0, ""negative_score"": 0, ""mention_count"": 1, ""editorial_segment_count"": 1, ""reported_segment_count"": 0, ""evidence"": []}, {""target_id"": ""person_006"", ""target_type"": ""person"", ""target_name"": ""لحسن السعدي"", ""label"": ""neutral"", ""label_ar"": ""محايد أو إخباري"", ""confidence"": ""low"", ""positive_score"": 0, ""negative_score"": 0, ""mention_count"": 1, ""editorial_segment_count"": 1, ""reported_segment_count"": 0, ""evidence"": []}]",evt_44746916e8c5,2026-08-22T01:52:34.062862+00:00
882c3148e5e2e061,taroudantalaan,تارودانت الآن,أولاد تايمة.. قيادات حزب الاستقلال تلتقي بالشباب في محطة للتعبئة وتجديد الدينامية الحزبية | تارودانت الآن الإخبارية,https://taroudantalaan.ma/politique/%D8%A3%D9%88%D9%84%D8%A7%D8%AF-%D8%AA%D8%A7%D9%8A%D9%85%D8%A9-%D9%82%D9%8A%D8%A7%D8%AF%D8%A7%D8%AA-%D8%AD%D8%B2%D8%A8-%D8%A7%D9%84%D8%A7%D8%B3%D8%AA%D9%82%D9%84%D8%A7%D9%84-%D8%AA%D9%84%D8%AA%D9%82,عبد المجيد الترناوي; تارودانت الآن الإخبارية,2026-08-20,2026-08-22T01:52:34.062862+00:00,2026-08-22T01:52:34.062862+00:00,ar,نظمت منظمة الشبيبة الاستقلالية بإقليم تارودانت، اليوم الجمعة 21 غشت 2026، بمدينة أولاد تايمة، لقاء تواصليا مع الشباب، في إطار البرنامج الوطني للتعبئة والتواصل مع,374,"{""region"": ""سوس ماسة"", ""primary_provinces"": [""تارودانت""], ""primary_places"": [""أولاد تايمة"", ""تارودانت""], ""secondary_provinces"": [""اشتوكة أيت باها""], ""secondary_places"": [""ماسة""]}","{""primary"": [{""id"": ""PI"", ""name"": ""حزب الاستقلال""}], ""secondary"": []}","{""primary"": [], ""secondary"": [{""id"": ""person_005"", ""name"": ""زينب قيوح"", ""tier"": ""priority""}, {""id"": ""person_004"", ""name"": ""عبد الصمد قيوح"", ""tier"": ""priority""}]}","{""primary"": [], ""secondary"": [{""id"": ""elected_councils"", ""name"": ""المجالس المنتخبة والتدبير المحلي"", ""hits"": [""عضو المجلس""]}]}","{""level"": ""medium"", ""geographic_score"": 4, ""political_score"": 2, ""decision_reason"": ""صلة جغرافية وسياسية مقبولة"", ""geographic_reasons"": [""إقليم رئيسي داخل سوس ماسة"", ""مدينة أو مكان رئيسي داخل سوس ماسة""], ""political_reasons"": [""أحزاب رئيسية: حزب الاستقلال""], ""accepted"": true}","[{""target_id"": ""PI"", ""target_type"": ""party"", ""target_name"": ""حزب الاستقلال"", ""label"": ""neutral"", ""label_ar"": ""محايد أو إخباري"", ""confidence"": ""medium"", ""positive_score"": 0, ""negative_score"": 0, ""mention_count"": 6, ""editorial_segment_count"": 6, ""reported_segment_count"": 0, ""evidence"": []}, {""target_id"": ""person_005"", ""target_type"": ""person"", ""target_name"": ""زينب قيوح"", ""label"": ""neutral"", ""label_ar"": ""محايد أو إخباري"", ""confidence"": ""low"", ""positive_score"": 0, ""negative_score"": 0, ""mention_count"": 1, ""editorial_segment_count"": 1, ""reported_segment_count"": 0, ""evidence"": []}, {""target_id"": ""person_004"", ""target_type"": ""person"", ""target_name"": ""عبد الصمد قيوح"", ""label"": ""neutral"", ""label_ar"": ""محايد أو إخباري"", ""confidence"": ""low"", ""positive_score"": 0, ""negative_score"": 0, ""mention_count"": 1, ""editorial_segment_count"": 1, ""reported_segment_count"": 0, ""evidence"": []}]",evt_882c3148e5e2,2026-08-22T01:52:34.062862+00:00
5fa00641791f32c7,hespress,هسبريس,"بايتاس: ""الأحرار"" ليس للأمتار الأخيرة",https://www.hespress.com/%D8%A8%D8%A7%D9%8A%D8%AA%D8%A7%D8%B3-%D8%A7%D9%84%D8%A3%D8%AD%D8%B1%D8%A7%D8%B1-%D9%84%D9%8A%D8%B3-%D9%84%D9%84%D8%A3%D9%85%D8%AA%D8%A7%D8%B1-%D8%A7%D9%84%D8%A3%D8%AE%D9%8A%D8%B1%D8%A9-1795164.html,هسبريس من الرباط,2026-08-20,2026-08-22T01:52:34.062862+00:00,2026-08-22T01:52:34.062862+00:00,ar,اعتبر مصطفى بايتاس، عضو المكتب السياسي لحزب التجمع الوطني للأحرار والوزير المنتدب لدى رئيس الحكومة المكلف بالعلاقات مع البرلمان الناطق الرسمي باسم الحكومة، أن الممارسة,420,"{""region"": ""سوس ماسة"", ""primary_provinces"": [""اشتوكة أيت باها""], ""primary_places"": [""أيت باها""], ""secondary_provinces"": [], ""secondary_places"": []}","{""primary"": [{""id"": ""RNI"", ""name"": ""التجمع الوطني للأحرار""}], ""secondary"": []}","{""primary"": [], ""secondary"": []}","{""primary"": [], ""secondary"": [{""id"": ""party_activity"", ""name"": ""الأنشطة والتنظيمات الحزبية"", ""hits"": [""لقاء تواصلي""]}, {""id"": ""political_statements"", ""name"": ""التصريحات والمواقف السياسية"", ""hits"": [""اعتبر""]}, {""id"": ""government_politics"", ""name"": ""السياسات والحصيلة الحكومية"", ""hits"": [""رئيس الحكومة""]}, {""id"": ""elections"", ""name"": ""الانتخابات والاقتراع"", ""hits"": [""انتخابات""]}]}","{""level"": ""medium"", ""geographic_score"": 4, ""political_score"": 2, ""decision_reason"": ""صلة جغرافية وسياسية مقبولة"", ""geographic_reasons"": [""إقليم رئيسي داخل سوس ماسة"", ""مدينة أو مكان رئيسي داخل سوس ماسة""], ""political_reasons"": [""أحزاب رئيسية: التجمع الوطني للأحرار""], ""accepted"": true}","[{""target_id"": ""RNI"", ""target_type"": ""party"", ""target_name"": ""التجمع الوطني للأحرار"", ""label"": ""unclear"", ""label_ar"": ""غير واضح"", ""confidence"": ""low"", ""positive_score"": 1, ""negative_score"": 0, ""mention_count"": 7, ""editorial_segment_count"": 3, ""reported_segment_count"": 4, ""evidence"": [""دينامية""]}]",evt_5fa00641791f,2026-08-22T01:52:34.062862+00:00
6809a992aba1f853,hespress,هسبريس,"أوجار يرفض المزايدات السياسية ويدافع عن منجزات وحصيلة ""الأحرار""",https://www.hespress.com/%D8%A3%D9%88%D8%AC%D8%A7%D8%B1-%D9%8A%D8%B1%D9%81%D8%B6-%D8%A7%D9%84%D9%85%D8%B2%D8%A7%D9%8A%D8%AF%D8%A7%D8%AA-%D8%A7%D9%84%D8%B3%D9%8A%D8%A7%D8%B3%D9%8A%D8%A9-%D9%88%D9%8A%D8%AF%D8%A7%D9%81%D8%B9-1795158.html,هسبريس من الرباط,2026-08-20,2026-08-22T01:52:34.062862+00:00,2026-08-22T01:52:34.062862+00:00,ar,يتجه حزب التجمع الوطني للأحرار إلى المرحلة السياسية المقبلة مستندا إلى حصيلة خمس سنوات من العمل الحكومي وإلى حضور ميداني متواصل مع المواطنين، وفق محمد,402,"{""region"": ""سوس ماسة"", ""primary_provinces"": [""اشتوكة أيت باها""], ""primary_places"": [""أيت باها""], ""secondary_provinces"": [], ""secondary_places"": []}","{""primary"": [{""id"": ""RNI"", ""name"": ""التجمع الوطني للأحرار""}], ""secondary"": []}","{""primary"": [{""id"": ""person_001"", ""name"": ""عزيز أخنوش"", ""tier"": ""priority""}], ""secondary"": []}","{""primary"": [{""id"": ""elections"", ""name"": ""الانتخابات والاقتراع"", ""hits"": [""انتخابات"", ""انتخابية"", ""استحقاقات""]}], ""secondary"": [{""id"": ""results_polls"", ""name"": ""النتائج والاستطلاعات الانتخابية"", ""hits"": [""المقاعد""]}]}","{""level"": ""strong"", ""geographic_score"": 4, ""political_score"": 6, ""decision_reason"": ""صلة جغرافية وسياسية قوية"", ""geographic_reasons"": [""إقليم رئيسي داخل سوس ماسة"", ""مدينة أو مكان رئيسي داخل سوس ماسة""], ""political_reasons"": [""أحزاب رئيسية: التجمع الوطني للأحرار"", ""شخصيات رئيسية: عزيز أخنوش"", ""مواضيع سياسية: الانتخابات والاقتراع""], ""accepted"": true}","[{""target_id"": ""RNI"", ""target_type"": ""party"", ""target_name"": ""التجمع الوطني للأحرار"", ""label"": ""unclear"", ""label_ar"": ""غير واضح"", ""confidence"": ""low"", ""positive_score"": 1, ""negative_score"": 0, ""mention_count"": 5, ""editorial_segment_count"": 2, ""reported_segment_count"": 3, ""evidence"": [""ثقة""]}, {""target_id"": ""person_001"", ""target_type"": ""person"", ""target_name"": ""عزيز أخنوش"", ""label"": ""neutral"", ""label_ar"": ""محايد أو إخباري"", ""confidence"": ""low"", ""positive_score"": 0, ""negative_score"": 0, ""mention_count"": 1, ""editorial_segment_count"": 0, ""reported_segment_count"": 1, ""evidence"": []}]",evt_6809a992aba1,2026-08-22T01:52:34.062862+00:00
77fcb3aac4f66593,hespress,هسبريس,انتخابات الدوما في ثلاث مدن مغربية,https://www.hespress.com/%D8%A7%D9%86%D8%AA%D8%AE%D8%A7%D8%A8%D8%A7%D8%AA-%D8%A7%D9%84%D8%AF%D9%88%D9%85%D8%A7-%D9%81%D9%8A-%D8%AB%D9%84%D8%A7%D8%AB-%D9%85%D8%AF%D9%86-%D9%85%D8%BA%D8%B1%D8%A8%D9%8A%D8%A9-1794613.html,هسبريس- توفيق بوفرتيح,2026-08-19,2026-08-20T19:02:27.087121+00:00,2026-08-20T19:02:27.087121+00:00,ar,أعلنت وزارة الخارجية الروسية، عبر موقعها الرسمي على شبكة الإنترنت، أن البعثة الدبلوماسية والقنصلية الروسية بالمملكة المغربية ستفتح أبوابها في وجه المواطنين الروس المقيمين بالمغرب،,473,"{""region"": ""سوس ماسة"", ""primary_provinces"": [""أكادير إداوتنان""], ""primary_places"": [""أكادير""], ""secondary_provinces"": [], ""secondary_places"": []}","{""primary"": [], ""secondary"": []}","{""primary"": [], ""secondary"": []}","{""primary"": [{""id"": ""elections"", ""name"": ""الانتخابات والاقتراع"", ""hits"": [""انتخابات"", ""اقتراع"", ""التصويت""]}], ""secondary"": [{""id"": ""alliances_conflicts"", ""name"": ""التحالفات والخلافات السياسية"", ""hits"": [""أغلبية""]}, {""id"": ""political_statements"", ""name"": ""التصريحات والمواقف السياسية"", ""hits"": [""أكد""]}]}","{""level"": ""medium"", ""geographic_score"": 4, ""political_score"": 3, ""decision_reason"": ""صلة جغرافية وسياسية مقبولة"", ""geographic_reasons"": [""إقليم رئيسي داخل سوس ماسة"", ""مدينة أو مكان رئيسي داخل سوس ماسة""], ""political_reasons"": [""مواضيع سياسية: الانتخابات والاقتراع""], ""accepted"": true}",[],evt_77fcb3aac4f6,2026-08-20T19:02:27.087121+00:00
cd5fedf6c1d0a79b,agadirino,أكاديرينو,"بمشاركة وزراء ورئيس الجهة.. ""الأحرار"" يجمع قواعده باشتوكة آيت باها في لقاء تنظيمي حاشد - agadirino.ma",https://agadirino.ma/2026/08/19/%D8%A8%D9%85%D8%B4%D8%A7%D8%B1%D9%83%D8%A9-%D9%88%D8%B2%D8%B1%D8%A7%D8%A1-%D9%88%D8%B1%D8%A6%D9%8A%D8%B3-%D8%A7%D9%84%D8%AC%D9%87%D8%A9-%D8%A7%D9%84%D8%A3%D8%AD%D8%B1%D8%A7%D8%B1-%D9%8A%D8%AC,Driss Driss,2026-08-18,2026-08-19T01:54:28.274673+00:00,2026-08-19T01:54:28.274673+00:00,ar,تستعد التنسيقية الإقليمية لحزب التجمع الوطني للأحرار باشتوكة آيت باها لتنظيم لقاء تواصلي موسع مع مناضلات ومناضلي الحزب بالإقليم، تحت إشراف التنسيقية الجهوية للحزب بسوس,194,"{""region"": ""سوس ماسة"", ""primary_provinces"": [""اشتوكة أيت باها""], ""primary_places"": [""أيت باها""], ""secondary_provinces"": [], ""secondary_places"": [""بيوكرى"", ""ماسة""]}","{""primary"": [{""id"": ""RNI"", ""name"": ""التجمع الوطني للأحرار""}], ""secondary"": []}","{""primary"": [{""id"": ""person_003"", ""name"": ""كريم أشنكلي"", ""tier"": ""priority""}], ""secondary"": [{""id"": ""person_006"", ""name"": ""لحسن السعدي"", ""tier"": ""priority""}]}","{""primary"": [], ""secondary"": [{""id"": ""party_activity"", ""name"": ""الأنشطة والتنظيمات الحزبية"", ""hits"": [""لقاء تواصلي""]}]}","{""level"": ""medium"", ""geographic_score"": 4, ""political_score"": 3, ""decision_reason"": ""صلة جغرافية وسياسية مقبولة"", ""geographic_reasons"": [""إقليم رئيسي داخل سوس ماسة"", ""مدينة أو مكان رئيسي داخل سوس ماسة""], ""political_reasons"": [""أحزاب رئيسية: التجمع الوطني للأحرار"", ""شخصيات رئيسية: كريم أشنكلي""], ""accepted"": true}","[{""target_id"": ""RNI"", ""target_type"": ""party"", ""target_name"": ""التجمع الوطني للأحرار"", ""label"": ""neutral"", ""label_ar"": ""محايد أو إخباري"", ""confidence"": ""medium"", ""positive_score"": 0, ""negative_score"": 0, ""mention_count"": 2, ""editorial_segment_count"": 1, ""reported_segment_count"": 1, ""evidence"": []}, {""target_id"": ""person_003"", ""target_type"": ""person"", ""target_name"": ""كريم أشنكلي"", ""label"": ""neutral"", ""label_ar"": ""محايد أو إخباري"", ""confidence"": ""low"", ""positive_score"": 0, ""negative_score"": 0, ""mention_count"": 1, ""editorial_segment_count"": 1, ""reported_segment_count"": 0, ""evidence"": []}, {""target_id"": ""person_006"", ""target_type"": ""person"", ""target_name"": ""لحسن السعدي"", ""label"": ""neutral"", ""label_ar"": ""محايد أو إخباري"", ""confidence"": ""low"", ""positive_score"": 0, ""negative_score"": 0, ""mention_count"": 1, ""editorial_segment_count"": 1, ""reported_segment_count"": 0, ""evidence"": []}]",evt_cd5fedf6c1d0,2026-08-19T01:54:28.274673+00:00
a6a03e56e59f8f2c,chtoukapress,اشتوكة بريس,قبل الحملة الانتخابية.. هل تتحول الخرجات السياسية باشتوكة آيت باها إلى سباق لاستمالة الناخبين؟,https://www.chtoukapress.com/306109.html,اشتوكة بريس,2026-08-17,2026-08-18T18:58:27.733004+00:00,2026-08-18T18:58:27.733004+00:00,ar,مع اقتراب الاستحقاقات الانتخابية، بدأت بعض الوجوه السياسية بإقليم اشتوكة آيت باها تكثف حضورها الميداني وتظهر بشكل لافت في عدد من المناسبات والأنشطة، في مشهد,217,"{""region"": ""سوس ماسة"", ""primary_provinces"": [""اشتوكة أيت باها""], ""primary_places"": [""أيت باها""], ""secondary_provinces"": [], ""secondary_places"": []}","{""primary"": [], ""secondary"": []}","{""primary"": [], ""secondary"": []}","{""primary"": [{""id"": ""elections"", ""name"": ""الانتخابات والاقتراع"", ""hits"": [""انتخابية"", ""الاستحقاقات الانتخابية"", ""الاستحقاقات""]}, {""id"": ""electoral_campaign"", ""name"": ""الحملة الانتخابية"", ""hits"": [""الحملة الانتخابية""]}], ""secondary"": []}","{""level"": ""strong"", ""geographic_score"": 4, ""political_score"": 4, ""decision_reason"": ""صلة جغرافية وسياسية قوية"", ""geographic_reasons"": [""إقليم رئيسي داخل سوس ماسة"", ""مدينة أو مكان رئيسي داخل سوس ماسة""], ""political_reasons"": [""مواضيع سياسية: الانتخابات والاقتراع, الحملة الانتخابية""], ""accepted"": true}",[],evt_a6a03e56e59f,2026-08-18T18:58:27.733004+00:00
3ec1916f50fa94c8,al3omk,العمق المغربي,الأصالة والمعاصرة.. من أصالة الفكرة إلى “انحرافات” المسار,https://al3omk.com/1181486.html,علاء الدين بنهادي,2026-08-17,2026-08-19T01:54:28.274673+00:00,2026-08-19T01:54:28.274673+00:00,ar,توطئة تاريخية عامة: لا يكفي أن “تدعم” الدولة هذا الحزب أو ذلك في لحظة معينة من مساره السياسي ليتصدر المشهد أو يتولى قيادة حكومة، أو,3095,"{""region"": ""سوس ماسة"", ""primary_provinces"": [""أكادير إداوتنان""], ""primary_places"": [""أكادير""], ""secondary_provinces"": [], ""secondary_places"": []}","{""primary"": [{""id"": ""PAM"", ""name"": ""حزب الأصالة والمعاصرة""}, {""id"": ""USFP"", ""name"": ""الاتحاد الاشتراكي للقوات الشعبية""}, {""id"": ""UC"", ""name"": ""الاتحاد الدستوري""}, {""id"": ""RNI"", ""name"": ""التجمع الوطني للأحرار""}, {""id"": ""MP"", ""name"": ""الحركة الشعبية""}, {""id"": ""PJD"", ""name"": ""حزب العدالة والتنمية""}], ""secondary"": [{""id"": ""PI"", ""name"": ""حزب الاستقلال""}]}","{""primary"": [{""id"": ""person_022"", ""name"": ""عبد الإله بنكيران"", ""tier"": ""priority""}, {""id"": ""person_001"", ""name"": ""عزيز أخنوش"", ""tier"": ""priority""}, {""id"": ""person_031"", ""name"": ""فوزي لقجع"", ""tier"": ""priority""}], ""secondary"": [{""id"": ""person_023"", ""name"": ""فاطمة الزهراء المنصوري"", ""tier"": ""priority""}]}","{""primary"": [{""id"": ""elections"", ""name"": ""الانتخابات والاقتراع"", ""hits"": [""انتخابات"", ""الاستحقاقات الانتخابية"", ""الاستحقاقات"", ""استحقاقات""]}, {""id"": ""alliances_conflicts"", ""name"": ""التحالفات والخلافات السياسية"", ""hits"": [""تحالف"", ""ائتلاف"", ""معارضة"", ""صراع""]}, {""id"": ""political_statements"", ""name"": ""التصريحات والمواقف السياسية"", ""hits"": [""صرح"", ""أكد"", ""اعتبر""]}], ""secondary"": [{""id"": ""candidacy_nomination"", ""name"": ""الترشح والتزكية"", ""hits"": [""مرشح"", ""التزكيات""]}, {""id"": ""resignation_defection"", ""name"": ""الاستقالة وتغيير الانتماء"", ""hits"": [""استقالة"", ""استقالته""]}, {""id"": ""legal_accountability"", ""name"": ""المتابعات والعزل والمحاسبة"", ""hits"": [""تجريد"", ""إدانة""]}, {""id"": ""results_polls"", ""name"": ""النتائج والاستطلاعات الانتخابية"", ""hits"": [""نتائج الانتخابات"", ""المقاعد""]}, {""id"": ""party_activity"", ""name"": ""الأنشطة والتنظيمات الحزبية"", ""hits"": [""تنظيم حزبي""]}]}","{""level"": ""strong"", ""geographic_score"": 4, ""political_score"": 7, ""decision_reason"": ""صلة جغرافية وسياسية قوية"", ""geographic_reasons"": [""إقليم رئيسي داخل سوس ماسة"", ""مدينة أو مكان رئيسي داخل سوس ماسة""], ""political_reasons"": [""أحزاب رئيسية: حزب الأصالة والمعاصرة, الاتحاد الاشتراكي للقوات الشعبية, الاتحاد الدستوري, التجمع الوطني للأحرار"", ""شخصيات رئيسية: عبد الإله بنكيران, عزيز أخنوش, فوزي لقجع"", ""مواضيع سياسية: الانتخابات والاقتراع, التحالفات والخلافات السياسية, التصريحات والمواقف السياسية""], ""accepted"": true}","[{""target_id"": ""PAM"", ""target_type"": ""party"", ""target_name"": ""حزب الأصالة والمعاصرة"", ""label"": ""neutral"", ""label_ar"": ""محايد أو إخباري"", ""confidence"": ""medium"", ""positive_score"": 0, ""negative_score"": 0, ""mention_count"": 15, ""editorial_segment_count"": 7, ""reported_segment_count"": 8, ""evidence"": []}, {""target_id"": ""USFP"", ""target_type"": ""party"", ""target_name"": ""الاتحاد الاشتراكي للقوات الشعبية"", ""label"": ""neutral"", ""label_ar"": ""محايد أو إخباري"", ""confidence"": ""medium"", ""positive_score"": 0, ""negative_score"": 0, ""mention_count"": 3, ""editorial_segment_count"": 1, ""reported_segment_count"": 2, ""evidence"": []}, {""target_id"": ""UC"", ""target_type"": ""party"", ""target_name"": ""الاتحاد الدستوري"", ""label"": ""neutral"", ""label_ar"": ""محايد أو إخباري"", ""confidence"": ""low"", ""positive_score"": 0, ""negative_score"": 0, ""mention_count"": 1, ""editorial_segment_count"": 0, ""reported_segment_count"": 1, ""evidence"": []}, {""target_id"": ""RNI"", ""target_type"": ""party"", ""target_name"": ""التجمع الوطني للأحرار"", ""label"": ""neutral"", ""label_ar"": ""محايد أو إخباري"", ""confidence"": ""medium"", ""positive_score"": 0, ""negative_score"": 0, ""mention_count"": 3, ""editorial_segment_count"": 0, ""reported_segment_count"": 3, ""evidence"": []}, {""target_id"": ""MP"", ""target_type"": ""party"", ""target_name"": ""الحركة الشعبية"", ""label"": ""neutral"", ""label_ar"": ""محايد أو إخباري"", ""confidence"": ""medium"", ""positive_score"": 0, ""negative_score"": 0, ""mention_count"": 3, ""editorial_segment_count"": 1, ""reported_segment_count"": 2, ""evidence"": []}, {""target_id"": ""PJD"", ""target_type"": ""party"", ""target_name"": ""حزب العدالة والتنمية"", ""label"": ""neutral"", ""label_ar"": ""محايد أو إخباري"", ""confidence"": ""medium"", ""positive_score"": 0, ""negative_score"": 0, ""mention_count"": 7, ""editorial_segment_count"": 2, ""reported_segment_count"": 5, ""evidence"": []}, {""target_id"": ""PI"", ""target_type"": ""party"", ""target_name"": ""حزب الاستقلال"", ""label"": ""neutral"", ""label_ar"": ""محايد أو إخباري"", ""confidence"": ""medium"", ""positive_score"": 0, ""negative_score"": 0, ""mention_count"": 3, ""editorial_segment_count"": 0, ""reported_segment_count"": 3, ""evidence"": []}, {""target_id"": ""person_022"", ""target_type"": ""person"", ""target_name"": ""عبد الإله بنكيران"", ""label"": ""neutral"", ""label_ar"": ""محايد أو إخباري"", ""confidence"": ""medium"", ""positive_score"": 0, ""negative_score"": 0, ""mention_count"": 2, ""editorial_segment_count"": 1, ""reported_segment_count"": 1, ""evidence"": []}, {""target_id"": ""person_001"", ""target_type"": ""person"", ""target_name"": ""عزيز أخنوش"", ""label"": ""neutral"", ""label_ar"": ""محايد أو إخباري"", ""confidence"": ""low"", ""positive_score"": 0, ""negative_score"": 0, ""mention_count"": 1, ""editorial_segment_count"": 0, ""reported_segment_count"": 1, ""evidence"": []}, {""target_id"": ""person_031"", ""target_type"": ""person"", ""target_name"": ""فوزي لقجع"", ""label"": ""neutral"", ""label_ar"": ""محايد أو إخباري"", ""confidence"": ""medium"", ""positive_score"": 0, ""negative_score"": 0, ""mention_count"": 10, ""editorial_segment_count"": 6, ""reported_segment_count"": 4, ""evidence"": []}, {""target_id"": ""person_023"", ""target_type"": ""person"", ""target_name"": ""فاطمة الزهراء المنصوري"", ""label"": ""neutral"", ""label_ar"": ""محايد أو إخباري"", ""confidence"": ""low"", ""positive_score"": 0, ""negative_score"": 0, ""mention_count"": 1, ""editorial_segment_count"": 0, ""reported_segment_count"": 1, ""evidence"": []}]",evt_3ec1916f50fa,2026-08-19T01:54:28.274673+00:00
489f920967885dbc,le360,Le360,حزب الاستقلال يضع الحكم الذاتي والتنمية بالأقاليم الجنوبية في صلب خطابه للمرحلة المقبلة,https://ar.le360.ma/politique/T6YTOUPFOFF5HNZCY4IRWKZRV4,يسرى جوال,2026-08-16,2026-08-17T18:59:57.561340+00:00,2026-08-17T18:59:57.561340+00:00,ar,وفي كلمة له بالمناسبة، ربط بركة اختيار الداخلة بالمسار السياسي الذي واكب فيه الحزب تطورات قضية الوحدة الترابية، مشيرا إلى أن حضوره في المنطقة امتد,436,"{""region"": ""سوس ماسة"", ""primary_provinces"": [""تزنيت""], ""primary_places"": [""تزنيت""], ""secondary_provinces"": [], ""secondary_places"": []}","{""primary"": [{""id"": ""PI"", ""name"": ""حزب الاستقلال""}], ""secondary"": []}","{""primary"": [], ""secondary"": []}","{""primary"": [], ""secondary"": [{""id"": ""elections"", ""name"": ""الانتخابات والاقتراع"", ""hits"": [""الاستحقاقات"", ""استحقاقات""]}, {""id"": ""political_statements"", ""name"": ""التصريحات والمواقف السياسية"", ""hits"": [""اعتبر""]}]}","{""level"": ""medium"", ""geographic_score"": 4, ""political_score"": 2, ""decision_reason"": ""صلة جغرافية وسياسية مقبولة"", ""geographic_reasons"": [""إقليم رئيسي داخل سوس ماسة"", ""مدينة أو مكان رئيسي داخل سوس ماسة""], ""political_reasons"": [""أحزاب رئيسية: حزب الاستقلال""], ""accepted"": true}","[{""target_id"": ""PI"", ""target_type"": ""party"", ""target_name"": ""حزب الاستقلال"", ""label"": ""neutral"", ""label_ar"": ""محايد أو إخباري"", ""confidence"": ""medium"", ""positive_score"": 0, ""negative_score"": 0, ""mention_count"": 1, ""editorial_segment_count"": 1, ""reported_segment_count"": 0, ""evidence"": []}]",evt_489f92096788,2026-08-17T18:59:57.561340+00:00
69fbb33ed3d0bbda,taroudantalaan,تارودانت الآن,“إنصات تارودانت”.. الاتحاد الاشتراكي يطلق منصة رقمية لتعزيز المشاركة المواطنة بالإقليم | تارودانت الآن الإخبارية,https://taroudantalaan.ma/politique/%D8%A5%D9%86%D8%B5%D8%A7%D8%AA-%D8%AA%D8%A7%D8%B1%D9%88%D8%AF%D8%A7%D9%86%D8%AA-%D8%A7%D9%84%D8%A7%D8%AA%D8%AD%D8%A7%D8%AF-%D8%A7%D9%84%D8%A7%D8%B4%D8%AA%D8%B1%D8%A7%D9%83%D9%8A-%D9%8A%D8%B7,تارودانت الآن الإخبارية,2026-08-16,2026-08-18T01:52:32.284685+00:00,2026-08-18T01:52:32.284685+00:00,ar,أعلنت الكتابة الإقليمية لحزب الاتحاد الاشتراكي للقوات الشعبية بإقليم تارودانت عن الإطلاق الرسمي لمنصة «إنصات تارودانت»، باعتبارها فضاء رقميا يروم تعزيز التواصل والإنصات والمشاركة المواطنة،,281,"{""region"": ""سوس ماسة"", ""primary_provinces"": [""تارودانت""], ""primary_places"": [""تارودانت""], ""secondary_provinces"": [], ""secondary_places"": []}","{""primary"": [{""id"": ""USFP"", ""name"": ""الاتحاد الاشتراكي للقوات الشعبية""}], ""secondary"": []}","{""primary"": [], ""secondary"": []}","{""primary"": [], ""secondary"": []}","{""level"": ""medium"", ""geographic_score"": 4, ""political_score"": 2, ""decision_reason"": ""صلة جغرافية وسياسية مقبولة"", ""geographic_reasons"": [""إقليم رئيسي داخل سوس ماسة"", ""مدينة أو مكان رئيسي داخل سوس ماسة""], ""political_reasons"": [""أحزاب رئيسية: الاتحاد الاشتراكي للقوات الشعبية""], ""accepted"": true}","[{""target_id"": ""USFP"", ""target_type"": ""party"", ""target_name"": ""الاتحاد الاشتراكي للقوات الشعبية"", ""label"": ""neutral"", ""label_ar"": ""محايد أو إخباري"", ""confidence"": ""medium"", ""positive_score"": 0, ""negative_score"": 0, ""mention_count"": 2, ""editorial_segment_count"": 1, ""reported_segment_count"": 1, ""evidence"": []}]",evt_69fbb33ed3d0,2026-08-18T01:52:32.284685+00:00
4b248900228ba054,le360,Le360,Législatives 2026: Lekjaa déclenche un véritable mercato électoral en faveur du PAM,https://fr.le360.ma/politique/legislatives-2026-lekjaa-declenche-un-veritable-mercato-electoral-en-faveur-du-pam_VHYGPFIEXJAA7ONYTE5V2UL6DM,Par le,2026-08-16,2026-08-18T01:52:32.284685+00:00,2026-08-18T01:52:32.284685+00:00,fr,"L’adhésion officielle de Fouzi Lekjaa, président de la Fédération royale marocaine de Football (FRMF), au Parti authenticité et modernité (PAM), sert, semble-t-il, de catalyseur pour",289,"{""region"": ""سوس ماسة"", ""primary_provinces"": [""تزنيت""], ""primary_places"": [""تزنيت""], ""secondary_provinces"": [""إنزكان أيت ملول""], ""secondary_places"": [""الدشيرة الجهادية""]}","{""primary"": [{""id"": ""PAM"", ""name"": ""حزب الأصالة والمعاصرة""}], ""secondary"": []}","{""primary"": [{""id"": ""person_031"", ""name"": ""فوزي لقجع"", ""tier"": ""priority""}], ""secondary"": []}","{""primary"": [{""id"": ""elections"", ""name"": ""الانتخابات والاقتراع"", ""hits"": [""électoral"", ""législatives"", ""électorale""]}], ""secondary"": [{""id"": ""alliances_conflicts"", ""name"": ""التحالفات والخلافات السياسية"", ""hits"": [""division""]}, {""id"": ""government_politics"", ""name"": ""السياسات والحصيلة الحكومية"", ""hits"": [""ministre""]}]}","{""level"": ""strong"", ""geographic_score"": 4, ""political_score"": 6, ""decision_reason"": ""صلة جغرافية وسياسية قوية"", ""geographic_reasons"": [""إقليم رئيسي داخل سوس ماسة"", ""مدينة أو مكان رئيسي داخل سوس ماسة""], ""political_reasons"": [""أحزاب رئيسية: حزب الأصالة والمعاصرة"", ""شخصيات رئيسية: فوزي لقجع"", ""مواضيع سياسية: الانتخابات والاقتراع""], ""accepted"": true}","[{""target_id"": ""PAM"", ""target_type"": ""party"", ""target_name"": ""حزب الأصالة والمعاصرة"", ""label"": ""neutral"", ""label_ar"": ""محايد أو إخباري"", ""confidence"": ""medium"", ""positive_score"": 0, ""negative_score"": 0, ""mention_count"": 6, ""editorial_segment_count"": 4, ""reported_segment_count"": 2, ""evidence"": []}, {""target_id"": ""person_031"", ""target_type"": ""person"", ""target_name"": ""فوزي لقجع"", ""label"": ""neutral"", ""label_ar"": ""محايد أو إخباري"", ""confidence"": ""medium"", ""positive_score"": 0, ""negative_score"": 0, ""mention_count"": 5, ""editorial_segment_count"": 3, ""reported_segment_count"": 2, ""evidence"": []}]",evt_4b248900228b,2026-08-18T01:52:32.284685+00:00
ffb4f5e5fadbc302,agadir24,أكادير24,بقبعتين حتى 2027؟ الترحال السياسي يضع رؤساء الجماعات والمنتخبين أمام امتحان القانون والأخلاق | agadir24.info,https://agadir24.info/%D8%A8%D9%82%D8%A8%D8%B9%D8%AA%D9%8A%D9%86-%D8%AD%D8%AA%D9%89-2027%D8%9F-%D8%A7%D9%84%D8%AA%D8%B1%D8%AD%D8%A7%D9%84-%D8%A7%D9%84%D8%B3%D9%8A%D8%A7%D8%B3%D9%8A-%D9%8A%D8%B6%D8%B9-%D8%B1%D8%A4%D8%B3.html,عبدالله بن عيسى,2026-08-15,2026-08-16T13:02:35.878584+00:00,2026-08-16T13:02:35.878584+00:00,ar,تحولت الانتقالات الحزبية قبيل الانتخابات التشريعية المقررة يوم 23 شتنبر 2026 إلى ما يشبه «الميركاتو السياسي»، بعدما شرع عدد من المنتخبين والفاعلين المحليين في تغيير,2497,"{""region"": ""سوس ماسة"", ""primary_provinces"": [""أكادير إداوتنان""], ""primary_places"": [""أكادير"", ""أورير""], ""secondary_provinces"": [], ""secondary_places"": []}","{""primary"": [{""id"": ""RNI"", ""name"": ""التجمع الوطني للأحرار""}, {""id"": ""PAM"", ""name"": ""حزب الأصالة والمعاصرة""}], ""secondary"": []}","{""primary"": [], ""secondary"": []}","{""primary"": [{""id"": ""candidacy_nomination"", ""name"": ""الترشح والتزكية"", ""hits"": [""ترشح"", ""الترشح"", ""مرشح"", ""تزكية"", ""التزكيات""]}, {""id"": ""elections"", ""name"": ""الانتخابات والاقتراع"", ""hits"": [""انتخابات"", ""انتخابية"", ""تشريعيات"", ""اقتراع"", ""التصويت""]}, {""id"": ""elected_councils"", ""name"": ""المجالس المنتخبة والتدبير المحلي"", ""hits"": [""مجلس الجماعة"", ""رئيس الجماعة"", ""رئيس المجلس"", ""جماعة ترابية""]}, {""id"": ""resignation_defection"", ""name"": ""الاستقالة وتغيير الانتماء"", ""hits"": [""استقالة"", ""استقالته"", ""قدم استقالته""]}, {""id"": ""alliances_conflicts"", ""name"": ""التحالفات والخلافات السياسية"", ""hits"": [""تحالف"", ""أغلبية"", ""خلاف""]}], ""secondary"": [{""id"": ""results_polls"", ""name"": ""النتائج والاستطلاعات الانتخابية"", ""hits"": [""نتائج الانتخابات"", ""المقاعد""]}, {""id"": ""legal_accountability"", ""name"": ""المتابعات والعزل والمحاسبة"", ""hits"": [""تجريد""]}, {""id"": ""political_statements"", ""name"": ""التصريحات والمواقف السياسية"", ""hits"": [""اعتبر""]}]}","{""level"": ""strong"", ""geographic_score"": 4, ""political_score"": 6, ""decision_reason"": ""صلة جغرافية وسياسية قوية"", ""geographic_reasons"": [""إقليم رئيسي داخل سوس ماسة"", ""مدينة أو مكان رئيسي داخل سوس ماسة""], ""political_reasons"": [""أحزاب رئيسية: التجمع الوطني للأحرار, حزب الأصالة والمعاصرة"", ""مواضيع سياسية: الترشح والتزكية, الانتخابات والاقتراع, المجالس المنتخبة والتدبير المحلي, الاستقالة وتغيير الانتماء""], ""accepted"": true}","[{""target_id"": ""RNI"", ""target_type"": ""party"", ""target_name"": ""التجمع الوطني للأحرار"", ""label"": ""neutral"", ""label_ar"": ""محايد أو إخباري"", ""confidence"": ""medium"", ""positive_score"": 0, ""negative_score"": 0, ""mention_count"": 6, ""editorial_segment_count"": 5, ""reported_segment_count"": 1, ""evidence"": []}, {""target_id"": ""PAM"", ""target_type"": ""party"", ""target_name"": ""حزب الأصالة والمعاصرة"", ""label"": ""neutral"", ""label_ar"": ""محايد أو إخباري"", ""confidence"": ""medium"", ""positive_score"": 0, ""negative_score"": 0, ""mention_count"": 4, ""editorial_segment_count"": 3, ""reported_segment_count"": 1, ""evidence"": []}]",evt_ffb4f5e5fadb,2026-08-16T13:02:35.878584+00:00
388f0594938391be,al3omk,العمق المغربي,مصدر ينفي مزاعم تعرض أخنوش لحادث سير بأكادير,https://al3omk.com/1180719.html,العمق المغربي,2026-08-13,2026-08-14T15:11:08.012972+00:00,2026-08-14T15:11:08.012972+00:00,ar,نفى مصدر مقرب من رئيس الحكومة، عزيز أخنوش، صحة المزاعم المتداولة بشأن تعرضه لحادث سير بمدينة أكادير، مؤكدا أن هذه الادعاءات “لا أساس لها من,139,"{""region"": ""سوس ماسة"", ""primary_provinces"": [""أكادير إداوتنان""], ""primary_places"": [""أكادير""], ""secondary_provinces"": [], ""secondary_places"": [""أورير""]}","{""primary"": [], ""secondary"": []}","{""primary"": [{""id"": ""person_001"", ""name"": ""عزيز أخنوش"", ""tier"": ""priority""}], ""secondary"": []}","{""primary"": [{""id"": ""government_politics"", ""name"": ""السياسات والحصيلة الحكومية"", ""hits"": [""رئيس الحكومة""]}], ""secondary"": []}","{""level"": ""medium"", ""geographic_score"": 4, ""political_score"": 3, ""decision_reason"": ""صلة جغرافية وسياسية مقبولة"", ""geographic_reasons"": [""إقليم رئيسي داخل سوس ماسة"", ""مدينة أو مكان رئيسي داخل سوس ماسة""], ""political_reasons"": [""شخصيات رئيسية: عزيز أخنوش"", ""مواضيع سياسية: السياسات والحصيلة الحكومية""], ""accepted"": true}","[{""target_id"": ""person_001"", ""target_type"": ""person"", ""target_name"": ""عزيز أخنوش"", ""label"": ""neutral"", ""label_ar"": ""محايد أو إخباري"", ""confidence"": ""medium"", ""positive_score"": 0, ""negative_score"": 0, ""mention_count"": 4, ""editorial_segment_count"": 2, ""reported_segment_count"": 2, ""evidence"": []}]",evt_388f05949383,2026-08-14T15:11:08.012972+00:00
280362bf5e3cbfbb,agadir24,أكادير24,أخنوش ولقجع يعيدان رسم معركة تيزنيت.. هل هدوء لحسن الباز تكتيك رابح أم مغامرة انتخابية؟ | agadir24.info,https://agadir24.info/%D8%A3%D8%AE%D9%86%D9%88%D8%B4-%D9%88%D9%84%D9%82%D8%AC%D8%B9-%D9%8A%D8%B9%D9%8A%D8%AF%D8%A7%D9%86-%D8%B1%D8%B3%D9%85-%D9%85%D8%B9%D8%B1%D9%83%D8%A9-%D8%AA%D9%8A%D8%B2%D9%86%D9%8A%D8%AA-%D9%87%D9%84.html,عبدالله بن عيسى,2026-08-12,2026-08-13T09:50:16.507111+00:00,2026-08-13T09:50:16.507111+00:00,ar,دخلت الانتخابات التشريعية بدائرة تيزنيت مرحلة أكثر تعقيداً بعد الزيارة السياسية التي قام بها فوزي لقجع إلى المدينة وظهوره في لقاء داعم لفؤاد المودني، مرشح,2220,"{""region"": ""سوس ماسة"", ""primary_provinces"": [""تزنيت""], ""primary_places"": [""تافراوت""], ""secondary_provinces"": [], ""secondary_places"": []}","{""primary"": [{""id"": ""PAM"", ""name"": ""حزب الأصالة والمعاصرة""}, {""id"": ""RNI"", ""name"": ""التجمع الوطني للأحرار""}, {""id"": ""PI"", ""name"": ""حزب الاستقلال""}, {""id"": ""PJD"", ""name"": ""حزب العدالة والتنمية""}], ""secondary"": [{""id"": ""USFP"", ""name"": ""الاتحاد الاشتراكي للقوات الشعبية""}, {""id"": ""PPS"", ""name"": ""حزب التقدم والاشتراكية""}]}","{""primary"": [{""id"": ""person_031"", ""name"": ""فوزي لقجع"", ""tier"": ""priority""}, {""id"": ""person_001"", ""name"": ""عزيز أخنوش"", ""tier"": ""priority""}], ""secondary"": [{""id"": ""person_005"", ""name"": ""زينب قيوح"", ""tier"": ""priority""}, {""id"": ""person_004"", ""name"": ""عبد الصمد قيوح"", ""tier"": ""priority""}, {""id"": ""person_084"", ""name"": ""عبد الله غازي"", ""tier"": ""secondary""}]}","{""primary"": [{""id"": ""elections"", ""name"": ""الانتخابات والاقتراع"", ""hits"": [""انتخابية"", ""انتخابات"", ""صناديق الاقتراع""]}, {""id"": ""candidacy_nomination"", ""name"": ""الترشح والتزكية"", ""hits"": [""مرشح"", ""مرشحا""]}, {""id"": ""government_politics"", ""name"": ""السياسات والحصيلة الحكومية"", ""hits"": [""الأغلبية الحكومية""]}], ""secondary"": [{""id"": ""alliances_conflicts"", ""name"": ""التحالفات والخلافات السياسية"", ""hits"": [""التحالفات"", ""معارضة""]}, {""id"": ""results_polls"", ""name"": ""النتائج والاستطلاعات الانتخابية"", ""hits"": [""النتائج الانتخابية"", ""عدد الأصوات""]}, {""id"": ""party_activity"", ""name"": ""الأنشطة والتنظيمات الحزبية"", ""hits"": [""تنظيم حزبي""]}, {""id"": ""political_statements"", ""name"": ""التصريحات والمواقف السياسية"", ""hits"": [""دعا إلى""]}]}","{""level"": ""strong"", ""geographic_score"": 4, ""political_score"": 7, ""decision_reason"": ""صلة جغرافية وسياسية قوية"", ""geographic_reasons"": [""إقليم رئيسي داخل سوس ماسة"", ""مدينة أو مكان رئيسي داخل سوس ماسة""], ""political_reasons"": [""أحزاب رئيسية: حزب الأصالة والمعاصرة, التجمع الوطني للأحرار, حزب الاستقلال, حزب العدالة والتنمية"", ""شخصيات رئيسية: فوزي لقجع, عزيز أخنوش"", ""مواضيع سياسية: الانتخابات والاقتراع, الترشح والتزكية, السياسات والحصيلة الحكومية""], ""accepted"": true}","[{""target_id"": ""PAM"", ""target_type"": ""party"", ""target_name"": ""حزب الأصالة والمعاصرة"", ""label"": ""neutral"", ""label_ar"": ""محايد أو إخباري"", ""confidence"": ""medium"", ""positive_score"": 0, ""negative_score"": 0, ""mention_count"": 15, ""editorial_segment_count"": 3, ""reported_segment_count"": 12, ""evidence"": []}, {""target_id"": ""RNI"", ""target_type"": ""party"", ""target_name"": ""التجمع الوطني للأحرار"", ""label"": ""neutral"", ""label_ar"": ""محايد أو إخباري"", ""confidence"": ""medium"", ""positive_score"": 0, ""negative_score"": 0, ""mention_count"": 15, ""editorial_segment_count"": 2, ""reported_segment_count"": 13, ""evidence"": []}, {""target_id"": ""PI"", ""target_type"": ""party"", ""target_name"": ""حزب الاستقلال"", ""label"": ""neutral"", ""label_ar"": ""محايد أو إخباري"", ""confidence"": ""medium"", ""positive_score"": 0, ""negative_score"": 0, ""mention_count"": 4, ""editorial_segment_count"": 1, ""reported_segment_count"": 3, ""evidence"": []}, {""target_id"": ""PJD"", ""target_type"": ""party"", ""target_name"": ""حزب العدالة والتنمية"", ""label"": ""neutral"", ""label_ar"": ""محايد أو إخباري"", ""confidence"": ""low"", ""positive_score"": 0, ""negative_score"": 0, ""mention_count"": 1, ""editorial_segment_count"": 1, ""reported_segment_count"": 0, ""evidence"": []}, {""target_id"": ""USFP"", ""target_type"": ""party"", ""target_name"": ""الاتحاد الاشتراكي للقوات الشعبية"", ""label"": ""neutral"", ""label_ar"": ""محايد أو إخباري"", ""confidence"": ""medium"", ""positive_score"": 0, ""negative_score"": 0, ""mention_count"": 2, ""editorial_segment_count"": 1, ""reported_segment_count"": 1, ""evidence"": []}, {""target_id"": ""PPS"", ""target_type"": ""party"", ""target_name"": ""حزب التقدم والاشتراكية"", ""label"": ""neutral"", ""label_ar"": ""محايد أو إخباري"", ""confidence"": ""low"", ""positive_score"": 0, ""negative_score"": 0, ""mention_count"": 1, ""editorial_segment_count"": 1, ""reported_segment_count"": 0, ""evidence"": []}, {""target_id"": ""person_031"", ""target_type"": ""person"", ""target_name"": ""فوزي لقجع"", ""label"": ""neutral"", ""label_ar"": ""محايد أو إخباري"", ""confidence"": ""medium"", ""positive_score"": 0, ""negative_score"": 0, ""mention_count"": 21, ""editorial_segment_count"": 14, ""reported_segment_count"": 7, ""evidence"": []}, {""target_id"": ""person_001"", ""target_type"": ""person"", ""target_name"": ""عزيز أخنوش"", ""label"": ""unclear"", ""label_ar"": ""غير واضح"", ""confidence"": ""low"", ""positive_score"": 1, ""negative_score"": 0, ""mention_count"": 14, ""editorial_segment_count"": 9, ""reported_segment_count"": 5, ""evidence"": [""نجاح""]}, {""target_id"": ""person_005"", ""target_type"": ""person"", ""target_name"": ""زينب قيوح"", ""label"": ""neutral"", ""label_ar"": ""محايد أو إخباري"", ""confidence"": ""low"", ""positive_score"": 0, ""negative_score"": 0, ""mention_count"": 1, ""editorial_segment_count"": 1, ""reported_segment_count"": 0, ""evidence"": []}, {""target_id"": ""person_004"", ""target_type"": ""person"", ""target_name"": ""عبد الصمد قيوح"", ""label"": ""neutral"", ""label_ar"": ""محايد أو إخباري"", ""confidence"": ""low"", ""positive_score"": 0, ""negative_score"": 0, ""mention_count"": 1, ""editorial_segment_count"": 1, ""reported_segment_count"": 0, ""evidence"": []}, {""target_id"": ""person_084"", ""target_type"": ""person"", ""target_name"": ""عبد الله غازي"", ""label"": ""unclear"", ""label_ar"": ""غير واضح"", ""confidence"": ""low"", ""positive_score"": 0, ""negative_score"": 1, ""mention_count"": 7, ""editorial_segment_count"": 4, ""reported_segment_count"": 3, ""evidence"": [""تراجع""]}]",evt_280362bf5e3c,2026-08-13T09:50:16.507111+00:00
b218e94a9853fdaa,le360,Le360,Fouzi Lekjaa explique pourquoi il a rallié le PAM,https://fr.le360.ma/politique/fouzi-lekjaa-explique-pourquoi-il-a-rallie-le-pam_KXEOAQNTXZFY3LBINYX2JV5BSQ,La Rédaction,2026-08-10,2026-08-11T04:52:17.755980+00:00,2026-08-11T04:52:17.755980+00:00,fr,"Le choix par Fouzi Lekjaa de son déplacement à Agadir n’est pas anodin. Ayant pendant longtemps fait montre d’une proximité avec le RNI, il a",420,"{""region"": ""سوس ماسة"", ""primary_provinces"": [""أكادير إداوتنان""], ""primary_places"": [""أكادير""], ""secondary_provinces"": [], ""secondary_places"": []}","{""primary"": [{""id"": ""PAM"", ""name"": ""حزب الأصالة والمعاصرة""}, {""id"": ""RNI"", ""name"": ""التجمع الوطني للأحرار""}], ""secondary"": []}","{""primary"": [{""id"": ""person_031"", ""name"": ""فوزي لقجع"", ""tier"": ""priority""}], ""secondary"": []}","{""primary"": [{""id"": ""elections"", ""name"": ""الانتخابات والاقتراع"", ""hits"": [""électoral""]}, {""id"": ""electoral_campaign"", ""name"": ""الحملة الانتخابية"", ""hits"": [""programme électoral""]}], ""secondary"": [{""id"": ""resignation_defection"", ""name"": ""الاستقالة وتغيير الانتماء"", ""hits"": [""ralliement""]}]}","{""level"": ""strong"", ""geographic_score"": 4, ""political_score"": 7, ""decision_reason"": ""صلة جغرافية وسياسية قوية"", ""geographic_reasons"": [""إقليم رئيسي داخل سوس ماسة"", ""مدينة أو مكان رئيسي داخل سوس ماسة""], ""political_reasons"": [""أحزاب رئيسية: حزب الأصالة والمعاصرة, التجمع الوطني للأحرار"", ""شخصيات رئيسية: فوزي لقجع"", ""مواضيع سياسية: الانتخابات والاقتراع, الحملة الانتخابية""], ""accepted"": true}","[{""target_id"": ""PAM"", ""target_type"": ""party"", ""target_name"": ""حزب الأصالة والمعاصرة"", ""label"": ""unclear"", ""label_ar"": ""غير واضح"", ""confidence"": ""low"", ""positive_score"": 1, ""negative_score"": 0, ""mention_count"": 11, ""editorial_segment_count"": 3, ""reported_segment_count"": 8, ""evidence"": [""réalisations""]}, {""target_id"": ""RNI"", ""target_type"": ""party"", ""target_name"": ""التجمع الوطني للأحرار"", ""label"": ""favorable"", ""label_ar"": ""إيجابي أو داعم"", ""confidence"": ""medium"", ""positive_score"": 2, ""negative_score"": 0, ""mention_count"": 1, ""editorial_segment_count"": 1, ""reported_segment_count"": 0, ""evidence"": [""proximité""]}, {""target_id"": ""person_031"", ""target_type"": ""person"", ""target_name"": ""فوزي لقجع"", ""label"": ""neutral"", ""label_ar"": ""محايد أو إخباري"", ""confidence"": ""medium"", ""positive_score"": 0, ""negative_score"": 0, ""mention_count"": 5, ""editorial_segment_count"": 2, ""reported_segment_count"": 3, ""evidence"": []}]",evt_b218e94a9853,2026-08-11T04:52:17.755980+00:00
735a61376d16f34a,agadir24,أكادير24,معركة المقعدين بتيزنيت.. هل يعيد تنافس لقجع وأخنوش سيناريو 2016 ويمنح الاستقلال فرصة قلب الموازين؟ | agadir24.info,https://agadir24.info/%D9%85%D8%B9%D8%B1%D9%83%D8%A9-%D8%A7%D9%84%D9%85%D9%82%D8%B9%D8%AF%D9%8A%D9%86-%D8%A8%D8%AA%D9%8A%D8%B2%D9%86%D9%8A%D8%AA-%D9%87%D9%84-%D9%8A%D8%B9%D9%8A%D8%AF-%D8%AA%D9%86%D8%A7%D9%81%D8%B3-%D9%84.html,عبدالله بن عيسى,2026-08-10,2026-08-11T16:08:19.205771+00:00,2026-08-11T16:08:19.205771+00:00,ar,لم تعد الانتخابات التشريعية المقبلة في دائرة تيزنيت مجرد منافسة تقليدية على مقعدين برلمانيين، بعدما أدت التحركات الحزبية الأخيرة، وانتقال عدد من الفاعلين بين التنظيمات,2898,"{""region"": ""سوس ماسة"", ""primary_provinces"": [""اشتوكة أيت باها""], ""primary_places"": [""ماسة""], ""secondary_provinces"": [], ""secondary_places"": []}","{""primary"": [{""id"": ""PI"", ""name"": ""حزب الاستقلال""}, {""id"": ""PAM"", ""name"": ""حزب الأصالة والمعاصرة""}, {""id"": ""RNI"", ""name"": ""التجمع الوطني للأحرار""}, {""id"": ""PJD"", ""name"": ""حزب العدالة والتنمية""}], ""secondary"": [{""id"": ""USFP"", ""name"": ""الاتحاد الاشتراكي للقوات الشعبية""}, {""id"": ""PPS"", ""name"": ""حزب التقدم والاشتراكية""}]}","{""primary"": [{""id"": ""person_031"", ""name"": ""فوزي لقجع"", ""tier"": ""priority""}, {""id"": ""person_001"", ""name"": ""عزيز أخنوش"", ""tier"": ""priority""}, {""id"": ""person_084"", ""name"": ""عبد الله غازي"", ""tier"": ""secondary""}], ""secondary"": []}","{""primary"": [{""id"": ""elections"", ""name"": ""الانتخابات والاقتراع"", ""hits"": [""انتخابات"", ""انتخابية"", ""اقتراع"", ""التصويت"", ""صناديق الاقتراع""]}, {""id"": ""candidacy_nomination"", ""name"": ""الترشح والتزكية"", ""hits"": [""مرشح"", ""تزكية"", ""مرشحا""]}, {""id"": ""alliances_conflicts"", ""name"": ""التحالفات والخلافات السياسية"", ""hits"": [""التحالفات"", ""أغلبية"", ""معارضة"", ""صراع"", ""انقسام""]}, {""id"": ""results_polls"", ""name"": ""النتائج والاستطلاعات الانتخابية"", ""hits"": [""عدد الأصوات"", ""نسبة المشاركة"", ""المقاعد""]}], ""secondary"": [{""id"": ""political_statements"", ""name"": ""التصريحات والمواقف السياسية"", ""hits"": [""أكد"", ""بلاغ""]}, {""id"": ""resignation_defection"", ""name"": ""الاستقالة وتغيير الانتماء"", ""hits"": [""يلتحق""]}, {""id"": ""government_politics"", ""name"": ""السياسات والحصيلة الحكومية"", ""hits"": [""الأغلبية الحكومية""]}]}","{""level"": ""strong"", ""geographic_score"": 4, ""political_score"": 7, ""decision_reason"": ""صلة جغرافية وسياسية قوية"", ""geographic_reasons"": [""إقليم رئيسي داخل سوس ماسة"", ""مدينة أو مكان رئيسي داخل سوس ماسة""], ""political_reasons"": [""أحزاب رئيسية: حزب الاستقلال, حزب الأصالة والمعاصرة, التجمع الوطني للأحرار, حزب العدالة والتنمية"", ""شخصيات رئيسية: فوزي لقجع, عزيز أخنوش, عبد الله غازي"", ""مواضيع سياسية: الانتخابات والاقتراع, الترشح والتزكية, التحالفات والخلافات السياسية, النتائج والاستطلاعات الانتخابية""], ""accepted"": true}","[{""target_id"": ""PI"", ""target_type"": ""party"", ""target_name"": ""حزب الاستقلال"", ""label"": ""unclear"", ""label_ar"": ""غير واضح"", ""confidence"": ""low"", ""positive_score"": 1, ""negative_score"": 0, ""mention_count"": 10, ""editorial_segment_count"": 9, ""reported_segment_count"": 1, ""evidence"": [""نجاح""]}, {""target_id"": ""PAM"", ""target_type"": ""party"", ""target_name"": ""حزب الأصالة والمعاصرة"", ""label"": ""unclear"", ""label_ar"": ""غير واضح"", ""confidence"": ""low"", ""positive_score"": 0, ""negative_score"": 1, ""mention_count"": 35, ""editorial_segment_count"": 10, ""reported_segment_count"": 25, ""evidence"": [""تراجع""]}, {""target_id"": ""RNI"", ""target_type"": ""party"", ""target_name"": ""التجمع الوطني للأحرار"", ""label"": ""mixed"", ""label_ar"": ""مختلط"", ""confidence"": ""high"", ""positive_score"": 6, ""negative_score"": 4, ""mention_count"": 49, ""editorial_segment_count"": 32, ""reported_segment_count"": 17, ""evidence"": [""يفوز"", ""فاز"", ""ثقة""]}, {""target_id"": ""PJD"", ""target_type"": ""party"", ""target_name"": ""حزب العدالة والتنمية"", ""label"": ""unclear"", ""label_ar"": ""غير واضح"", ""confidence"": ""low"", ""positive_score"": 2, ""negative_score"": 1, ""mention_count"": 10, ""editorial_segment_count"": 5, ""reported_segment_count"": 5, ""evidence"": [""يفوز"", ""تراجع"", ""نجح""]}, {""target_id"": ""USFP"", ""target_type"": ""party"", ""target_name"": ""الاتحاد الاشتراكي للقوات الشعبية"", ""label"": ""unclear"", ""label_ar"": ""غير واضح"", ""confidence"": ""low"", ""positive_score"": 1, ""negative_score"": 1, ""mention_count"": 5, ""editorial_segment_count"": 4, ""reported_segment_count"": 1, ""evidence"": [""تراجع"", ""نجح""]}, {""target_id"": ""PPS"", ""target_type"": ""party"", ""target_name"": ""حزب التقدم والاشتراكية"", ""label"": ""unclear"", ""label_ar"": ""غير واضح"", ""confidence"": ""low"", ""positive_score"": 1, ""negative_score"": 1, ""mention_count"": 4, ""editorial_segment_count"": 4, ""reported_segment_count"": 0, ""evidence"": [""تراجع"", ""نجح""]}, {""target_id"": ""person_031"", ""target_type"": ""person"", ""target_name"": ""فوزي لقجع"", ""label"": ""neutral"", ""label_ar"": ""محايد أو إخباري"", ""confidence"": ""medium"", ""positive_score"": 0, ""negative_score"": 0, ""mention_count"": 13, ""editorial_segment_count"": 6, ""reported_segment_count"": 7, ""evidence"": []}, {""target_id"": ""person_001"", ""target_type"": ""person"", ""target_name"": ""عزيز أخنوش"", ""label"": ""neutral"", ""label_ar"": ""محايد أو إخباري"", ""confidence"": ""medium"", ""positive_score"": 0, ""negative_score"": 0, ""mention_count"": 8, ""editorial_segment_count"": 6, ""reported_segment_count"": 2, ""evidence"": []}, {""target_id"": ""person_084"", ""target_type"": ""person"", ""target_name"": ""عبد الله غازي"", ""label"": ""neutral"", ""label_ar"": ""محايد أو إخباري"", ""confidence"": ""medium"", ""positive_score"": 0, ""negative_score"": 0, ""mention_count"": 4, ""editorial_segment_count"": 3, ""reported_segment_count"": 1, ""evidence"": []}]",evt_735a61376d16,2026-08-11T16:08:19.205771+00:00
a91ca33d7c66f0b9,agadir24,أكادير24,"اسماعيل الزيتوني ينفي مغادرة ""الاحرار ""ويؤكد دعمه للحزب في جهة سوس ماسة | agadir24.info",https://agadir24.info/%D8%A7%D8%B3%D9%85%D8%A7%D8%B9%D9%8A%D9%84-%D8%A7%D9%84%D8%B2%D9%8A%D8%AA%D9%88%D9%86%D9%8A-%D9%8A%D9%86%D9%81%D9%8A-%D9%85%D8%BA%D8%A7%D8%AF%D8%B1%D8%A9-%D8%A7%D9%84%D8%A7%D8%AD%D8%B1%D8%A7%D8%B1.html,أكادير,2026-08-10,2026-08-11T20:28:03.389616+00:00,2026-08-11T20:28:03.389616+00:00,ar,نفى مصدر مقرب من إسماعيل الزيتوني، رئيس فريق أولمبيك الدشيرة، ما يتم تداوله بخصوص نية هذا الأخير مغادرة حزب التجمع الوطني للأحرار والالتحاق بحزب الأصالة,112,"{""region"": ""سوس ماسة"", ""primary_provinces"": [""إنزكان أيت ملول"", ""اشتوكة أيت باها""], ""primary_places"": [""ماسة""], ""secondary_provinces"": [], ""secondary_places"": [""الدشيرة الجهادية""]}","{""primary"": [{""id"": ""RNI"", ""name"": ""التجمع الوطني للأحرار""}, {""id"": ""PAM"", ""name"": ""حزب الأصالة والمعاصرة""}], ""secondary"": []}","{""primary"": [{""id"": ""person_001"", ""name"": ""عزيز أخنوش"", ""tier"": ""priority""}, {""id"": ""person_049"", ""name"": ""إسماعيل الزيتوني"", ""tier"": ""secondary""}], ""secondary"": []}","{""primary"": [], ""secondary"": [{""id"": ""political_statements"", ""name"": ""التصريحات والمواقف السياسية"", ""hits"": [""أكد""]}, {""id"": ""elections"", ""name"": ""الانتخابات والاقتراع"", ""hits"": [""الاستحقاقات""]}]}","{""level"": ""medium"", ""geographic_score"": 4, ""political_score"": 3, ""decision_reason"": ""صلة جغرافية وسياسية مقبولة"", ""geographic_reasons"": [""إقليم رئيسي داخل سوس ماسة"", ""مدينة أو مكان رئيسي داخل سوس ماسة""], ""political_reasons"": [""أحزاب رئيسية: التجمع الوطني للأحرار, حزب الأصالة والمعاصرة"", ""شخصيات رئيسية: عزيز أخنوش, إسماعيل الزيتوني""], ""accepted"": true}","[{""target_id"": ""RNI"", ""target_type"": ""party"", ""target_name"": ""التجمع الوطني للأحرار"", ""label"": ""neutral"", ""label_ar"": ""محايد أو إخباري"", ""confidence"": ""medium"", ""positive_score"": 0, ""negative_score"": 0, ""mention_count"": 3, ""editorial_segment_count"": 2, ""reported_segment_count"": 1, ""evidence"": []}, {""target_id"": ""PAM"", ""target_type"": ""party"", ""target_name"": ""حزب الأصالة والمعاصرة"", ""label"": ""neutral"", ""label_ar"": ""محايد أو إخباري"", ""confidence"": ""low"", ""positive_score"": 0, ""negative_score"": 0, ""mention_count"": 1, ""editorial_segment_count"": 1, ""reported_segment_count"": 0, ""evidence"": []}, {""target_id"": ""person_001"", ""target_type"": ""person"", ""target_name"": ""عزيز أخنوش"", ""label"": ""neutral"", ""label_ar"": ""محايد أو إخباري"", ""confidence"": ""low"", ""positive_score"": 0, ""negative_score"": 0, ""mention_count"": 1, ""editorial_segment_count"": 0, ""reported_segment_count"": 1, ""evidence"": []}, {""target_id"": ""person_049"", ""target_type"": ""person"", ""target_name"": ""إسماعيل الزيتوني"", ""label"": ""neutral"", ""label_ar"": ""محايد أو إخباري"", ""confidence"": ""medium"", ""positive_score"": 0, ""negative_score"": 0, ""mention_count"": 2, ""editorial_segment_count"": 2, ""reported_segment_count"": 0, ""evidence"": []}]",evt_a91ca33d7c66,2026-08-11T20:28:03.389616+00:00
d29dcf9c6bd0c2c0,agadir24,أكادير24,الانتخابات التشريعية 2026.. صراع التزكية بين عزيز الإدريسي وحسن أومريبط قد يهدد مقعد الحزب بعمالة أكادير إداوتنان | agadir24.info,https://agadir24.info/%D8%A7%D9%84%D8%A7%D9%86%D8%AA%D8%AE%D8%A7%D8%A8%D8%A7%D8%AA-%D8%A7%D9%84%D8%AA%D8%B4%D8%B1%D9%8A%D8%B9%D9%8A%D8%A9-2026-%D8%B5%D8%B1%D8%A7%D8%B9-%D8%A7%D9%84%D8%AA%D8%B2%D9%83%D9%8A%D8%A9-%D8%A8.html,أكادير,2026-08-10,2026-08-11T20:28:03.389616+00:00,2026-08-11T20:28:03.389616+00:00,ar,مع اقتراب موعد الانتخابات التشريعية لسنة 2026، حُسمت التزكية الحزبية بعمالة أكادير إداوتنان لصالح حسن أومريبط، بعد صراع داخلي مع عزيز الإدريسي، رئيس جماعة تدرارت،,124,"{""region"": ""سوس ماسة"", ""primary_provinces"": [""أكادير إداوتنان""], ""primary_places"": [""أكادير""], ""secondary_provinces"": [], ""secondary_places"": []}","{""primary"": [], ""secondary"": []}","{""primary"": [], ""secondary"": []}","{""primary"": [{""id"": ""alliances_conflicts"", ""name"": ""التحالفات والخلافات السياسية"", ""hits"": [""صراع""]}], ""secondary"": []}","{""level"": ""medium"", ""geographic_score"": 4, ""political_score"": 2, ""decision_reason"": ""صلة جغرافية وسياسية مقبولة"", ""geographic_reasons"": [""إقليم رئيسي داخل سوس ماسة"", ""مدينة أو مكان رئيسي داخل سوس ماسة""], ""political_reasons"": [""مواضيع سياسية: التحالفات والخلافات السياسية""], ""accepted"": true}",[],evt_d29dcf9c6bd0,2026-08-11T20:28:03.389616+00:00
a2944b914d22cff5,agadir24,أكادير24,حضور جماهيري لافت بأكادير.. الاتحاد الاشتراكي يفتح ملف العدالة المجالية ورهانات التنمية بإقليم أكادير إداوتنان. | agadir24.info,https://agadir24.info/%D8%AD%D8%B6%D9%88%D8%B1-%D8%AC%D9%85%D8%A7%D9%87%D9%8A%D8%B1%D9%8A-%D9%84%D8%A7%D9%81%D8%AA-%D8%A8%D8%A3%D9%83%D8%A7%D8%AF%D9%8A%D8%B1-%D8%A7%D9%84%D8%A7%D8%AA%D8%AD%D8%A7%D8%AF.html,أكادير,2026-08-10,2026-08-11T20:28:03.389616+00:00,2026-08-11T20:28:03.389616+00:00,ar,احتضنت غرفة التجارة والصناعة والخدمات بأكادير مساء الأحد 9 غشت 2026، لقاء تواصليا نظمته الكتابة الإقليمية للاتحاد الاشتراكي للقوات الشعبية بأكادير إداوتنان تحت شعار: «العدالة,329,"{""region"": ""سوس ماسة"", ""primary_provinces"": [""أكادير إداوتنان""], ""primary_places"": [""أكادير""], ""secondary_provinces"": [], ""secondary_places"": []}","{""primary"": [{""id"": ""USFP"", ""name"": ""الاتحاد الاشتراكي للقوات الشعبية""}], ""secondary"": []}","{""primary"": [], ""secondary"": []}","{""primary"": [], ""secondary"": []}","{""level"": ""medium"", ""geographic_score"": 4, ""political_score"": 2, ""decision_reason"": ""صلة جغرافية وسياسية مقبولة"", ""geographic_reasons"": [""إقليم رئيسي داخل سوس ماسة"", ""مدينة أو مكان رئيسي داخل سوس ماسة""], ""political_reasons"": [""أحزاب رئيسية: الاتحاد الاشتراكي للقوات الشعبية""], ""accepted"": true}","[{""target_id"": ""USFP"", ""target_type"": ""party"", ""target_name"": ""الاتحاد الاشتراكي للقوات الشعبية"", ""label"": ""neutral"", ""label_ar"": ""محايد أو إخباري"", ""confidence"": ""medium"", ""positive_score"": 0, ""negative_score"": 0, ""mention_count"": 1, ""editorial_segment_count"": 1, ""reported_segment_count"": 0, ""evidence"": []}]",evt_a2944b914d22,2026-08-11T20:28:03.389616+00:00
7d2fe087a739a839,lesiteinfo,LeSiteInfo,Fouzi Lekjaa : « Je n’ai pas rejoint le PAM pour obtenir un poste »,https://www.lesiteinfo.com/politique/680075-fouzi-lekjaa-je-nai-pas-rejoint-le-pam-pour-obtenir-un-poste.html,Rédaction N,2026-08-09,2026-08-10T10:45:25.108365+00:00,2026-08-10T10:45:25.108365+00:00,fr,"Fouzi Lekjaa, ministre délégué chargé du Budget et membre du bureau politique du PAM, a adressé plusieurs messages lors d’une rencontre organisée dimanche, à Agadir,",476,"{""region"": ""سوس ماسة"", ""primary_provinces"": [""أكادير إداوتنان"", ""اشتوكة أيت باها""], ""primary_places"": [""أكادير"", ""ماسة""], ""secondary_provinces"": [], ""secondary_places"": []}","{""primary"": [{""id"": ""PAM"", ""name"": ""حزب الأصالة والمعاصرة""}], ""secondary"": []}","{""primary"": [{""id"": ""person_031"", ""name"": ""فوزي لقجع"", ""tier"": ""priority""}], ""secondary"": []}","{""primary"": [{""id"": ""party_activity"", ""name"": ""الأنشطة والتنظيمات الحزبية"", ""hits"": [""bureau politique"", ""secrétariat""]}, {""id"": ""government_politics"", ""name"": ""السياسات والحصيلة الحكومية"", ""hits"": [""ministre""]}], ""secondary"": [{""id"": ""resignation_defection"", ""name"": ""الاستقالة وتغيير الانتماء"", ""hits"": [""rejoint le parti""]}, {""id"": ""elections"", ""name"": ""الانتخابات والاقتراع"", ""hits"": [""électorales""]}, {""id"": ""results_polls"", ""name"": ""النتائج والاستطلاعات الانتخابية"", ""hits"": [""sièges""]}]}","{""level"": ""strong"", ""geographic_score"": 4, ""political_score"": 7, ""decision_reason"": ""صلة جغرافية وسياسية قوية"", ""geographic_reasons"": [""إقليم رئيسي داخل سوس ماسة"", ""مدينة أو مكان رئيسي داخل سوس ماسة""], ""political_reasons"": [""أحزاب رئيسية: حزب الأصالة والمعاصرة"", ""شخصيات رئيسية: فوزي لقجع"", ""مواضيع سياسية: الأنشطة والتنظيمات الحزبية, السياسات والحصيلة الحكومية""], ""accepted"": true}","[{""target_id"": ""PAM"", ""target_type"": ""party"", ""target_name"": ""حزب الأصالة والمعاصرة"", ""label"": ""neutral"", ""label_ar"": ""محايد أو إخباري"", ""confidence"": ""medium"", ""positive_score"": 0, ""negative_score"": 0, ""mention_count"": 2, ""editorial_segment_count"": 2, ""reported_segment_count"": 0, ""evidence"": []}, {""target_id"": ""person_031"", ""target_type"": ""person"", ""target_name"": ""فوزي لقجع"", ""label"": ""neutral"", ""label_ar"": ""محايد أو إخباري"", ""confidence"": ""medium"", ""positive_score"": 0, ""negative_score"": 0, ""mention_count"": 7, ""editorial_segment_count"": 4, ""reported_segment_count"": 3, ""evidence"": []}]",evt_7d2fe087a739,2026-08-10T10:45:25.108365+00:00
0dfea9470f2fc854,agadir24,أكادير24,زيارة لقجع إلى تيزنيت.. دعم للمودني أم رفع لسقف التفاوض داخل الأغلبية؟ | agadir24.info,https://agadir24.info/%D8%B2%D9%8A%D8%A7%D8%B1%D8%A9-%D9%84%D9%82%D8%AC%D8%B9-%D8%A5%D9%84%D9%89-%D8%AA%D9%8A%D8%B2%D9%86%D9%8A%D8%AA-%D8%AF%D8%B9%D9%85-%D9%84%D9%84%D9%85%D9%88%D8%AF%D9%86%D9%8A-%D8%A3%D9%85-%D8%B1.html,عبدالله بن عيسى,2026-08-08,2026-08-09T14:19:34.342550+00:00,2026-08-09T14:19:34.342550+00:00,ar,لم تكن زيارة فوزي لقجع إلى مدينة تيزنيت، اليوم، حدثا عاديا يمكن فصله عن الاستعدادات للانتخابات التشريعية المقبلة، خصوصا أنها تمت، وفق المعطيات المحلية المتوفرة،,1039,"{""region"": ""سوس ماسة"", ""primary_provinces"": [""إنزكان أيت ملول"", ""تزنيت""], ""primary_places"": [""الدشيرة الجهادية"", ""تافراوت""], ""secondary_provinces"": [], ""secondary_places"": []}","{""primary"": [{""id"": ""PAM"", ""name"": ""حزب الأصالة والمعاصرة""}, {""id"": ""RNI"", ""name"": ""التجمع الوطني للأحرار""}, {""id"": ""PI"", ""name"": ""حزب الاستقلال""}], ""secondary"": []}","{""primary"": [{""id"": ""person_031"", ""name"": ""فوزي لقجع"", ""tier"": ""priority""}, {""id"": ""person_001"", ""name"": ""عزيز أخنوش"", ""tier"": ""priority""}], ""secondary"": [{""id"": ""person_085"", ""name"": ""حنان عدباوي"", ""tier"": ""secondary""}, {""id"": ""person_084"", ""name"": ""عبد الله غازي"", ""tier"": ""secondary""}]}","{""primary"": [{""id"": ""elections"", ""name"": ""الانتخابات والاقتراع"", ""hits"": [""انتخابات"", ""انتخابية"", ""التصويت""]}, {""id"": ""candidacy_nomination"", ""name"": ""الترشح والتزكية"", ""hits"": [""مرشح"", ""مرشحا"", ""ترشيحه""]}], ""secondary"": [{""id"": ""alliances_conflicts"", ""name"": ""التحالفات والخلافات السياسية"", ""hits"": [""معارضة"", ""صراع""]}, {""id"": ""political_statements"", ""name"": ""التصريحات والمواقف السياسية"", ""hits"": [""بلاغ"", ""موقف سياسي""]}, {""id"": ""results_polls"", ""name"": ""النتائج والاستطلاعات الانتخابية"", ""hits"": [""المقاعد""]}, {""id"": ""government_politics"", ""name"": ""السياسات والحصيلة الحكومية"", ""hits"": [""الأغلبية الحكومية""]}]}","{""level"": ""strong"", ""geographic_score"": 4, ""political_score"": 7, ""decision_reason"": ""صلة جغرافية وسياسية قوية"", ""geographic_reasons"": [""إقليم رئيسي داخل سوس ماسة"", ""مدينة أو مكان رئيسي داخل سوس ماسة""], ""political_reasons"": [""أحزاب رئيسية: حزب الأصالة والمعاصرة, التجمع الوطني للأحرار, حزب الاستقلال"", ""شخصيات رئيسية: فوزي لقجع, عزيز أخنوش"", ""مواضيع سياسية: الانتخابات والاقتراع, الترشح والتزكية""], ""accepted"": true}","[{""target_id"": ""PAM"", ""target_type"": ""party"", ""target_name"": ""حزب الأصالة والمعاصرة"", ""label"": ""neutral"", ""label_ar"": ""محايد أو إخباري"", ""confidence"": ""medium"", ""positive_score"": 0, ""negative_score"": 0, ""mention_count"": 14, ""editorial_segment_count"": 3, ""reported_segment_count"": 11, ""evidence"": []}, {""target_id"": ""RNI"", ""target_type"": ""party"", ""target_name"": ""التجمع الوطني للأحرار"", ""label"": ""neutral"", ""label_ar"": ""محايد أو إخباري"", ""confidence"": ""medium"", ""positive_score"": 0, ""negative_score"": 0, ""mention_count"": 7, ""editorial_segment_count"": 1, ""reported_segment_count"": 6, ""evidence"": []}, {""target_id"": ""PI"", ""target_type"": ""party"", ""target_name"": ""حزب الاستقلال"", ""label"": ""unclear"", ""label_ar"": ""غير واضح"", ""confidence"": ""low"", ""positive_score"": 1, ""negative_score"": 0, ""mention_count"": 5, ""editorial_segment_count"": 2, ""reported_segment_count"": 3, ""evidence"": [""فاز""]}, {""target_id"": ""person_031"", ""target_type"": ""person"", ""target_name"": ""فوزي لقجع"", ""label"": ""neutral"", ""label_ar"": ""محايد أو إخباري"", ""confidence"": ""medium"", ""positive_score"": 0, ""negative_score"": 0, ""mention_count"": 14, ""editorial_segment_count"": 6, ""reported_segment_count"": 8, ""evidence"": []}, {""target_id"": ""person_001"", ""target_type"": ""person"", ""target_name"": ""عزيز أخنوش"", ""label"": ""neutral"", ""label_ar"": ""محايد أو إخباري"", ""confidence"": ""low"", ""positive_score"": 0, ""negative_score"": 0, ""mention_count"": 1, ""editorial_segment_count"": 1, ""reported_segment_count"": 0, ""evidence"": []}, {""target_id"": ""person_085"", ""target_type"": ""person"", ""target_name"": ""حنان عدباوي"", ""label"": ""neutral"", ""label_ar"": ""محايد أو إخباري"", ""confidence"": ""low"", ""positive_score"": 0, ""negative_score"": 0, ""mention_count"": 1, ""editorial_segment_count"": 0, ""reported_segment_count"": 1, ""evidence"": []}, {""target_id"": ""person_084"", ""target_type"": ""person"", ""target_name"": ""عبد الله غازي"", ""label"": ""neutral"", ""label_ar"": ""محايد أو إخباري"", ""confidence"": ""medium"", ""positive_score"": 0, ""negative_score"": 0, ""mention_count"": 3, ""editorial_segment_count"": 1, ""reported_segment_count"": 2, ""evidence"": []}]",evt_0dfea9470f2f,2026-08-09T14:19:34.342550+00:00
5ca1138e2ae6c704,le360,Le360,"Législatives 2026: à Agadir, Fouzi Lekjaa anime son premier meeting sous les couleurs du PAM",https://fr.le360.ma/politique/legislatives-2026-a-agadir-fouzi-lekjaa-anime-son-premier-meeting-sous-les-couleurs-du-pam_SFUAS4WEQZFMLGWNAISLKTDJAE,Mohamed Chakir Alaoui,2026-08-08,2026-08-09T19:52:19.216070+00:00,2026-08-09T19:52:19.216070+00:00,fr,"C’est sous des applaudissements nourris que Fouzi Lekjaa, nouvelle recrue du Parti authenticité et modernité (PAM, majorité), a co-présidé, ce dimanche, un meeting partisan à",380,"{""region"": ""سوس ماسة"", ""primary_provinces"": [""أكادير إداوتنان""], ""primary_places"": [""أكادير""], ""secondary_provinces"": [], ""secondary_places"": []}","{""primary"": [{""id"": ""PAM"", ""name"": ""حزب الأصالة والمعاصرة""}], ""secondary"": [{""id"": ""RNI"", ""name"": ""التجمع الوطني للأحرار""}]}","{""primary"": [{""id"": ""person_031"", ""name"": ""فوزي لقجع"", ""tier"": ""priority""}, {""id"": ""person_001"", ""name"": ""عزيز أخنوش"", ""tier"": ""priority""}], ""secondary"": []}","{""primary"": [{""id"": ""elections"", ""name"": ""الانتخابات والاقتراع"", ""hits"": [""législatives"", ""élections"", ""électoral"", ""électorale"", ""scrutin""]}, {""id"": ""alliances_conflicts"", ""name"": ""التحالفات والخلافات السياسية"", ""hits"": [""majorité""]}, {""id"": ""government_politics"", ""name"": ""السياسات والحصيلة الحكومية"", ""hits"": [""chef du gouvernement"", ""gouvernement"", ""ministre""]}], ""secondary"": [{""id"": ""party_activity"", ""name"": ""الأنشطة والتنظيمات الحزبية"", ""hits"": [""bureau politique""]}]}","{""level"": ""strong"", ""geographic_score"": 4, ""political_score"": 7, ""decision_reason"": ""صلة جغرافية وسياسية قوية"", ""geographic_reasons"": [""إقليم رئيسي داخل سوس ماسة"", ""مدينة أو مكان رئيسي داخل سوس ماسة""], ""political_reasons"": [""أحزاب رئيسية: حزب الأصالة والمعاصرة"", ""شخصيات رئيسية: فوزي لقجع, عزيز أخنوش"", ""مواضيع سياسية: الانتخابات والاقتراع, التحالفات والخلافات السياسية, السياسات والحصيلة الحكومية""], ""accepted"": true}","[{""target_id"": ""PAM"", ""target_type"": ""party"", ""target_name"": ""حزب الأصالة والمعاصرة"", ""label"": ""neutral"", ""label_ar"": ""محايد أو إخباري"", ""confidence"": ""medium"", ""positive_score"": 0, ""negative_score"": 0, ""mention_count"": 7, ""editorial_segment_count"": 4, ""reported_segment_count"": 3, ""evidence"": []}, {""target_id"": ""RNI"", ""target_type"": ""party"", ""target_name"": ""التجمع الوطني للأحرار"", ""label"": ""neutral"", ""label_ar"": ""محايد أو إخباري"", ""confidence"": ""low"", ""positive_score"": 0, ""negative_score"": 0, ""mention_count"": 1, ""editorial_segment_count"": 0, ""reported_segment_count"": 1, ""evidence"": []}, {""target_id"": ""person_031"", ""target_type"": ""person"", ""target_name"": ""فوزي لقجع"", ""label"": ""neutral"", ""label_ar"": ""محايد أو إخباري"", ""confidence"": ""medium"", ""positive_score"": 0, ""negative_score"": 0, ""mention_count"": 6, ""editorial_segment_count"": 4, ""reported_segment_count"": 2, ""evidence"": []}, {""target_id"": ""person_001"", ""target_type"": ""person"", ""target_name"": ""عزيز أخنوش"", ""label"": ""neutral"", ""label_ar"": ""محايد أو إخباري"", ""confidence"": ""medium"", ""positive_score"": 0, ""negative_score"": 0, ""mention_count"": 3, ""editorial_segment_count"": 2, ""reported_segment_count"": 1, ""evidence"": []}]",evt_5ca1138e2ae6,2026-08-09T19:52:19.216070+00:00
89065161d44ce65d,hespress,هسبريس,"لقجع: لم آت إلى ""البام"" بحثا عن منصب .. والقدرة الشرائية أولى بالنقاش",https://www.hespress.com/%D9%84%D9%82%D8%AC%D8%B9-%D9%84%D9%85-%D8%A2%D8%AA-%D8%A5%D9%84%D9%89-%D8%A7%D9%84%D8%A8%D8%A7%D9%85-%D8%A8%D8%AD%D8%AB%D8%A7-%D8%B9%D9%86-%D9%85%D9%86%D8%B5%D8%A8-%D9%88%D8%A7%D9%84%D9%82-1789891.html,هسبريس من أكادير,2026-08-08,2026-08-09T19:52:19.216070+00:00,2026-08-09T19:52:19.216070+00:00,ar,شكل الظهور الأول لفوزي لقجع، الوزير المنتدب لدى وزيرة الاقتصاد والمالية المكلف بالميزانية، بعد انضمامه إلى المكتب السياسي لحزب الأصالة والمعاصرة، أبرز محطات اللقاء التواصلي,890,"{""region"": ""سوس ماسة"", ""primary_provinces"": [""أكادير إداوتنان"", ""اشتوكة أيت باها""], ""primary_places"": [""أكادير"", ""ماسة""], ""secondary_provinces"": [], ""secondary_places"": []}","{""primary"": [{""id"": ""PAM"", ""name"": ""حزب الأصالة والمعاصرة""}], ""secondary"": []}","{""primary"": [{""id"": ""person_031"", ""name"": ""فوزي لقجع"", ""tier"": ""priority""}], ""secondary"": []}","{""primary"": [{""id"": ""elections"", ""name"": ""الانتخابات والاقتراع"", ""hits"": [""الاستحقاقات الانتخابية"", ""صناديق الاقتراع"", ""الاستحقاقات""]}, {""id"": ""political_statements"", ""name"": ""التصريحات والمواقف السياسية"", ""hits"": [""أكد"", ""اعتبر"", ""دعا إلى""]}], ""secondary"": [{""id"": ""resignation_defection"", ""name"": ""الاستقالة وتغيير الانتماء"", ""hits"": [""يلتحق""]}, {""id"": ""results_polls"", ""name"": ""النتائج والاستطلاعات الانتخابية"", ""hits"": [""المقاعد""]}, {""id"": ""government_politics"", ""name"": ""السياسات والحصيلة الحكومية"", ""hits"": [""مشروع قانون""]}]}","{""level"": ""strong"", ""geographic_score"": 4, ""political_score"": 7, ""decision_reason"": ""صلة جغرافية وسياسية قوية"", ""geographic_reasons"": [""إقليم رئيسي داخل سوس ماسة"", ""مدينة أو مكان رئيسي داخل سوس ماسة""], ""political_reasons"": [""أحزاب رئيسية: حزب الأصالة والمعاصرة"", ""شخصيات رئيسية: فوزي لقجع"", ""مواضيع سياسية: الانتخابات والاقتراع, التصريحات والمواقف السياسية""], ""accepted"": true}","[{""target_id"": ""PAM"", ""target_type"": ""party"", ""target_name"": ""حزب الأصالة والمعاصرة"", ""label"": ""neutral"", ""label_ar"": ""محايد أو إخباري"", ""confidence"": ""medium"", ""positive_score"": 0, ""negative_score"": 0, ""mention_count"": 5, ""editorial_segment_count"": 2, ""reported_segment_count"": 3, ""evidence"": []}, {""target_id"": ""person_031"", ""target_type"": ""person"", ""target_name"": ""فوزي لقجع"", ""label"": ""neutral"", ""label_ar"": ""محايد أو إخباري"", ""confidence"": ""medium"", ""positive_score"": 0, ""negative_score"": 0, ""mention_count"": 14, ""editorial_segment_count"": 3, ""reported_segment_count"": 11, ""evidence"": []}]",evt_89065161d44c,2026-08-09T19:52:19.216070+00:00
115913bce52e3672,hespress,هسبريس,"انضمام لقجع و""الصدق والمعقول"".. أبرز رسائل ""البام"" من جهة سوس ماسة",https://www.hespress.com/%D9%84%D9%82%D8%AC%D8%B9-%D9%88-%D8%B4%D8%B9%D8%A7%D8%B1-%D8%A7%D9%84%D8%B5%D8%AF%D9%82-%D9%88%D8%A7%D9%84%D9%85%D8%B9%D9%82%D9%88%D9%84-%D8%A3%D8%A8%D8%B1%D8%B2-%D8%B1%D8%B3%D8%A7%D8%A6%D9%84-1789820.html,هسبريس من الرباط,2026-08-08,2026-08-09T19:52:19.216070+00:00,2026-08-09T19:52:19.216070+00:00,ar,حضر انضمام فوزي لقجع، الوزير المنتدب لدى وزيرة الاقتصاد والمالية المكلف بالميزانية، إلى المكتب السياسي لحزب الأصالة والمعاصرة بقوة في اللقاء التواصلي الذي نظمته الأمانة,321,"{""region"": ""سوس ماسة"", ""primary_provinces"": [""أكادير إداوتنان"", ""اشتوكة أيت باها""], ""primary_places"": [""ماسة""], ""secondary_provinces"": [], ""secondary_places"": [""أكادير""]}","{""primary"": [{""id"": ""PAM"", ""name"": ""حزب الأصالة والمعاصرة""}], ""secondary"": []}","{""primary"": [{""id"": ""person_031"", ""name"": ""فوزي لقجع"", ""tier"": ""priority""}], ""secondary"": []}","{""primary"": [{""id"": ""elections"", ""name"": ""الانتخابات والاقتراع"", ""hits"": [""انتخابات"", ""استحقاقات"", ""الاستحقاقات""]}], ""secondary"": [{""id"": ""political_statements"", ""name"": ""التصريحات والمواقف السياسية"", ""hits"": [""اعتبر""]}]}","{""level"": ""strong"", ""geographic_score"": 4, ""political_score"": 6, ""decision_reason"": ""صلة جغرافية وسياسية قوية"", ""geographic_reasons"": [""إقليم رئيسي داخل سوس ماسة"", ""مدينة أو مكان رئيسي داخل سوس ماسة""], ""political_reasons"": [""أحزاب رئيسية: حزب الأصالة والمعاصرة"", ""شخصيات رئيسية: فوزي لقجع"", ""مواضيع سياسية: الانتخابات والاقتراع""], ""accepted"": true}","[{""target_id"": ""PAM"", ""target_type"": ""party"", ""target_name"": ""حزب الأصالة والمعاصرة"", ""label"": ""neutral"", ""label_ar"": ""محايد أو إخباري"", ""confidence"": ""medium"", ""positive_score"": 0, ""negative_score"": 0, ""mention_count"": 3, ""editorial_segment_count"": 2, ""reported_segment_count"": 1, ""evidence"": []}, {""target_id"": ""person_031"", ""target_type"": ""person"", ""target_name"": ""فوزي لقجع"", ""label"": ""unclear"", ""label_ar"": ""غير واضح"", ""confidence"": ""low"", ""positive_score"": 1, ""negative_score"": 0, ""mention_count"": 5, ""editorial_segment_count"": 4, ""reported_segment_count"": 1, ""evidence"": [""كفاءات""]}]",evt_115913bce52e,2026-08-09T19:52:19.216070+00:00
eadcbecd8cd110ab,agadir24,أكادير24,"من أكادير.. فوزي لقجع: انضمامنا لـ ""البام"" ممارسة لحق دستوري، ورهاننا الحقيقي على الشباب لإعادة الثقة للعمل السياسي | agadir24.info",https://agadir24.info/%D9%85%D9%86-%D8%A3%D9%83%D8%A7%D8%AF%D9%8A%D8%B1-%D9%81%D9%88%D8%B2%D9%8A-%D9%84%D9%82%D8%AC%D8%B9-%D8%A7%D9%86%D8%B6%D9%85%D8%A7%D9%85%D9%86%D8%A7-%D9%84%D9%80-%D8%A7%D9%84%D8%A8%D8%A7%D9%85.html,أكادير,2026-08-08,2026-08-09T19:52:19.216070+00:00,2026-08-09T19:52:19.216070+00:00,ar,أكد فوزي لقجع، عضو المكتب السياسي لحزب الأصالة والمعاصرة وجوكير الميزانية، أن التحديات الوطنية الراهنة أكبر من أن تُختزل في تجاذبات سياسية ضيقة، مشدداً خلال,286,"{""region"": ""سوس ماسة"", ""primary_provinces"": [""أكادير إداوتنان""], ""primary_places"": [""أكادير""], ""secondary_provinces"": [], ""secondary_places"": []}","{""primary"": [{""id"": ""PAM"", ""name"": ""حزب الأصالة والمعاصرة""}], ""secondary"": []}","{""primary"": [{""id"": ""person_031"", ""name"": ""فوزي لقجع"", ""tier"": ""priority""}], ""secondary"": []}","{""primary"": [], ""secondary"": [{""id"": ""political_statements"", ""name"": ""التصريحات والمواقف السياسية"", ""hits"": [""أكد""]}, {""id"": ""results_polls"", ""name"": ""النتائج والاستطلاعات الانتخابية"", ""hits"": [""المقاعد""]}]}","{""level"": ""medium"", ""geographic_score"": 4, ""political_score"": 3, ""decision_reason"": ""صلة جغرافية وسياسية مقبولة"", ""geographic_reasons"": [""إقليم رئيسي داخل سوس ماسة"", ""مدينة أو مكان رئيسي داخل سوس ماسة""], ""political_reasons"": [""أحزاب رئيسية: حزب الأصالة والمعاصرة"", ""شخصيات رئيسية: فوزي لقجع""], ""accepted"": true}","[{""target_id"": ""PAM"", ""target_type"": ""party"", ""target_name"": ""حزب الأصالة والمعاصرة"", ""label"": ""neutral"", ""label_ar"": ""محايد أو إخباري"", ""confidence"": ""medium"", ""positive_score"": 0, ""negative_score"": 0, ""mention_count"": 3, ""editorial_segment_count"": 1, ""reported_segment_count"": 2, ""evidence"": []}, {""target_id"": ""person_031"", ""target_type"": ""person"", ""target_name"": ""فوزي لقجع"", ""label"": ""unclear"", ""label_ar"": ""غير واضح"", ""confidence"": ""low"", ""positive_score"": 1, ""negative_score"": 0, ""mention_count"": 6, ""editorial_segment_count"": 3, ""reported_segment_count"": 3, ""evidence"": [""أشاد""]}]",evt_eadcbecd8cd1,2026-08-09T19:52:19.216070+00:00
5ab4c505e2b89109,agadir24,أكادير24,لقجع يختار أكادير لتدشين تحركاته الميدانية رفقة قيادات «البام» | agadir24.info,https://agadir24.info/%D9%84%D9%82%D8%AC%D8%B9-%D9%8A%D8%AE%D8%AA%D8%A7%D8%B1-%D8%A3%D9%83%D8%A7%D8%AF%D9%8A%D8%B1-%D9%84%D8%AA%D8%AF%D8%B4%D9%8A%D9%86-%D8%AA%D8%AD%D8%B1%D9%83%D8%A7%D8%AA%D9%87-%D8%A7%D9%84%D9%85%D9%8A.html,عبدالله بن عيسى,2026-08-08,2026-08-09T19:52:19.216070+00:00,2026-08-09T19:52:19.216070+00:00,ar,اختار فوزي لقجع مدينة أكادير لتدشين تحركاته الميدانية رفقة قيادات حزب الأصالة والمعاصرة، في أولى المحطات السياسية البارزة التي يخوضها تحت مظلة «البام» بعد انضمامه,355,"{""region"": ""سوس ماسة"", ""primary_provinces"": [""أكادير إداوتنان"", ""اشتوكة أيت باها""], ""primary_places"": [""أكادير""], ""secondary_provinces"": [], ""secondary_places"": [""ماسة""]}","{""primary"": [{""id"": ""PAM"", ""name"": ""حزب الأصالة والمعاصرة""}], ""secondary"": []}","{""primary"": [{""id"": ""person_031"", ""name"": ""فوزي لقجع"", ""tier"": ""priority""}], ""secondary"": [{""id"": ""person_023"", ""name"": ""فاطمة الزهراء المنصوري"", ""tier"": ""priority""}]}","{""primary"": [], ""secondary"": [{""id"": ""elections"", ""name"": ""الانتخابات والاقتراع"", ""hits"": [""استحقاقات""]}, {""id"": ""government_politics"", ""name"": ""السياسات والحصيلة الحكومية"", ""hits"": [""الأغلبية الحكومية""]}]}","{""level"": ""medium"", ""geographic_score"": 4, ""political_score"": 3, ""decision_reason"": ""صلة جغرافية وسياسية مقبولة"", ""geographic_reasons"": [""إقليم رئيسي داخل سوس ماسة"", ""مدينة أو مكان رئيسي داخل سوس ماسة""], ""political_reasons"": [""أحزاب رئيسية: حزب الأصالة والمعاصرة"", ""شخصيات رئيسية: فوزي لقجع""], ""accepted"": true}","[{""target_id"": ""PAM"", ""target_type"": ""party"", ""target_name"": ""حزب الأصالة والمعاصرة"", ""label"": ""neutral"", ""label_ar"": ""محايد أو إخباري"", ""confidence"": ""medium"", ""positive_score"": 0, ""negative_score"": 0, ""mention_count"": 6, ""editorial_segment_count"": 2, ""reported_segment_count"": 4, ""evidence"": []}, {""target_id"": ""person_031"", ""target_type"": ""person"", ""target_name"": ""فوزي لقجع"", ""label"": ""neutral"", ""label_ar"": ""محايد أو إخباري"", ""confidence"": ""medium"", ""positive_score"": 0, ""negative_score"": 0, ""mention_count"": 7, ""editorial_segment_count"": 5, ""reported_segment_count"": 2, ""evidence"": []}, {""target_id"": ""person_023"", ""target_type"": ""person"", ""target_name"": ""فاطمة الزهراء المنصوري"", ""label"": ""neutral"", ""label_ar"": ""محايد أو إخباري"", ""confidence"": ""low"", ""positive_score"": 0, ""negative_score"": 0, ""mention_count"": 1, ""editorial_segment_count"": 1, ""reported_segment_count"": 0, ""evidence"": []}]",evt_5ab4c505e2b8,2026-08-09T19:52:19.216070+00:00
4bfe87769b5f87dd,agadir24,أكادير24,لقجع يحط الرحال حزبياً بتيزنيت.. ماذا يعني ذلك للخصوم وهل دخلت الدائرة رسمياً نادي «دوائر الموت»؟ | agadir24.info,https://agadir24.info/%D9%84%D9%82%D8%AC%D8%B9-%D9%8A%D8%AD%D8%B7-%D8%A7%D9%84%D8%B1%D8%AD%D8%A7%D9%84-%D8%AD%D8%B2%D8%A8%D9%8A%D8%A7%D9%8B-%D8%A8%D8%AA%D9%8A%D8%B2%D9%86%D9%8A%D8%AA-%D9%85%D8%A7%D8%B0%D8%A7-%D9%8A%D8%B9.html,عبدالله بن عيسى,2026-08-05,2026-08-06T10:17:13.080122+00:00,2026-08-06T10:17:13.080122+00:00,ar,قبل أسابيع قليلة من الانتخابات التشريعية المقررة يوم 23 شتنبر 2026، تستعد تيزنيت لاستقبال واحد من أثقل الأسماء التي التحقت حديثاً بحزب الأصالة والمعاصرة، فوزي,920,"{""region"": ""سوس ماسة"", ""primary_provinces"": [""إنزكان أيت ملول""], ""primary_places"": [""أيت ملول"", ""إنزكان""], ""secondary_provinces"": [], ""secondary_places"": []}","{""primary"": [{""id"": ""PAM"", ""name"": ""حزب الأصالة والمعاصرة""}, {""id"": ""RNI"", ""name"": ""التجمع الوطني للأحرار""}, {""id"": ""PI"", ""name"": ""حزب الاستقلال""}], ""secondary"": [{""id"": ""USFP"", ""name"": ""الاتحاد الاشتراكي للقوات الشعبية""}, {""id"": ""PPS"", ""name"": ""حزب التقدم والاشتراكية""}, {""id"": ""PJD"", ""name"": ""حزب العدالة والتنمية""}]}","{""primary"": [{""id"": ""person_031"", ""name"": ""فوزي لقجع"", ""tier"": ""priority""}, {""id"": ""person_001"", ""name"": ""عزيز أخنوش"", ""tier"": ""priority""}], ""secondary"": [{""id"": ""person_084"", ""name"": ""عبد الله غازي"", ""tier"": ""secondary""}]}","{""primary"": [{""id"": ""candidacy_nomination"", ""name"": ""الترشح والتزكية"", ""hits"": [""مرشح"", ""تزكية"", ""دائرة انتخابية""]}], ""secondary"": [{""id"": ""elections"", ""name"": ""الانتخابات والاقتراع"", ""hits"": [""انتخابات"", ""انتخابية""]}, {""id"": ""results_polls"", ""name"": ""النتائج والاستطلاعات الانتخابية"", ""hits"": [""المقاعد""]}, {""id"": ""political_statements"", ""name"": ""التصريحات والمواقف السياسية"", ""hits"": [""أكد""]}, {""id"": ""government_politics"", ""name"": ""السياسات والحصيلة الحكومية"", ""hits"": [""الأغلبية الحكومية""]}]}","{""level"": ""strong"", ""geographic_score"": 4, ""political_score"": 6, ""decision_reason"": ""صلة جغرافية وسياسية قوية"", ""geographic_reasons"": [""إقليم رئيسي داخل سوس ماسة"", ""مدينة أو مكان رئيسي داخل سوس ماسة""], ""political_reasons"": [""أحزاب رئيسية: حزب الأصالة والمعاصرة, التجمع الوطني للأحرار, حزب الاستقلال"", ""شخصيات رئيسية: فوزي لقجع, عزيز أخنوش"", ""مواضيع سياسية: الترشح والتزكية""], ""accepted"": true}","[{""target_id"": ""PAM"", ""target_type"": ""party"", ""target_name"": ""حزب الأصالة والمعاصرة"", ""label"": ""neutral"", ""label_ar"": ""محايد أو إخباري"", ""confidence"": ""medium"", ""positive_score"": 0, ""negative_score"": 0, ""mention_count"": 13, ""editorial_segment_count"": 4, ""reported_segment_count"": 9, ""evidence"": []}, {""target_id"": ""RNI"", ""target_type"": ""party"", ""target_name"": ""التجمع الوطني للأحرار"", ""label"": ""unclear"", ""label_ar"": ""غير واضح"", ""confidence"": ""low"", ""positive_score"": 1, ""negative_score"": 0, ""mention_count"": 3, ""editorial_segment_count"": 2, ""reported_segment_count"": 1, ""evidence"": [""فاز""]}, {""target_id"": ""PI"", ""target_type"": ""party"", ""target_name"": ""حزب الاستقلال"", ""label"": ""unclear"", ""label_ar"": ""غير واضح"", ""confidence"": ""low"", ""positive_score"": 1, ""negative_score"": 0, ""mention_count"": 2, ""editorial_segment_count"": 2, ""reported_segment_count"": 0, ""evidence"": [""فاز""]}, {""target_id"": ""USFP"", ""target_type"": ""party"", ""target_name"": ""الاتحاد الاشتراكي للقوات الشعبية"", ""label"": ""neutral"", ""label_ar"": ""محايد أو إخباري"", ""confidence"": ""low"", ""positive_score"": 0, ""negative_score"": 0, ""mention_count"": 1, ""editorial_segment_count"": 0, ""reported_segment_count"": 1, ""evidence"": []}, {""target_id"": ""PPS"", ""target_type"": ""party"", ""target_name"": ""حزب التقدم والاشتراكية"", ""label"": ""neutral"", ""label_ar"": ""محايد أو إخباري"", ""confidence"": ""low"", ""positive_score"": 0, ""negative_score"": 0, ""mention_count"": 1, ""editorial_segment_count"": 0, ""reported_segment_count"": 1, ""evidence"": []}, {""target_id"": ""PJD"", ""target_type"": ""party"", ""target_name"": ""حزب العدالة والتنمية"", ""label"": ""neutral"", ""label_ar"": ""محايد أو إخباري"", ""confidence"": ""low"", ""positive_score"": 0, ""negative_score"": 0, ""mention_count"": 1, ""editorial_segment_count"": 0, ""reported_segment_count"": 1, ""evidence"": []}, {""target_id"": ""person_031"", ""target_type"": ""person"", ""target_name"": ""فوزي لقجع"", ""label"": ""neutral"", ""label_ar"": ""محايد أو إخباري"", ""confidence"": ""medium"", ""positive_score"": 0, ""negative_score"": 0, ""mention_count"": 21, ""editorial_segment_count"": 10, ""reported_segment_count"": 11, ""evidence"": []}, {""target_id"": ""person_001"", ""target_type"": ""person"", ""target_name"": ""عزيز أخنوش"", ""label"": ""neutral"", ""label_ar"": ""محايد أو إخباري"", ""confidence"": ""low"", ""positive_score"": 0, ""negative_score"": 0, ""mention_count"": 1, ""editorial_segment_count"": 0, ""reported_segment_count"": 1, ""evidence"": []}, {""target_id"": ""person_084"", ""target_type"": ""person"", ""target_name"": ""عبد الله غازي"", ""label"": ""unclear"", ""label_ar"": ""غير واضح"", ""confidence"": ""low"", ""positive_score"": 1, ""negative_score"": 0, ""mention_count"": 4, ""editorial_segment_count"": 4, ""reported_segment_count"": 0, ""evidence"": [""فاز""]}]",evt_4bfe87769b5f,2026-08-06T10:17:13.080122+00:00
c0e251bf628ec894,agadir24,أكادير24,تحفة معمارية وثقافية ترى النور بالقليعة: محمد بيكز يشرف على افتتاح المركب الثقافي ويطلق الدورة الأولى لملتقى القليعة للفنون. | agadir24.info,https://agadir24.info/%D8%AA%D8%AD%D9%81%D8%A9-%D9%85%D8%B9%D9%85%D8%A7%D8%B1%D9%8A%D8%A9-%D9%88%D8%AB%D9%82%D8%A7%D9%81%D9%8A%D8%A9-%D8%AA%D8%B1%D9%89-%D8%A7%D9%84%D9%86%D9%88%D8%B1-%D8%A8%D8%A7%D9%84%D9%82%D9%84%D9%8A.html,عبدالله بن عيسى,2026-08-05,2026-08-07T04:14:20.309848+00:00,2026-08-07T04:14:20.309848+00:00,ar,شهدت مدينة القليعة حدثا ثقافيا بارزا تمثل في افتتاح المركب الثقافي الجديد، الذي أشرف عليه رئيس المجلس الجماعي محمد بيكز في خطوة تشكل محطة نوعية,374,"{""region"": ""سوس ماسة"", ""primary_provinces"": [""أكادير إداوتنان"", ""إنزكان أيت ملول""], ""primary_places"": [""القليعة""], ""secondary_provinces"": [], ""secondary_places"": [""أكادير""]}","{""primary"": [], ""secondary"": []}","{""primary"": [{""id"": ""person_055"", ""name"": ""محمد بيكز"", ""tier"": ""secondary""}], ""secondary"": []}","{""primary"": [{""id"": ""elected_councils"", ""name"": ""المجالس المنتخبة والتدبير المحلي"", ""hits"": [""المجلس الجماعي"", ""رئيس المجلس""]}], ""secondary"": []}","{""level"": ""medium"", ""geographic_score"": 4, ""political_score"": 3, ""decision_reason"": ""صلة جغرافية وسياسية مقبولة"", ""geographic_reasons"": [""إقليم رئيسي داخل سوس ماسة"", ""مدينة أو مكان رئيسي داخل سوس ماسة""], ""political_reasons"": [""شخصيات رئيسية: محمد بيكز"", ""مواضيع سياسية: المجالس المنتخبة والتدبير المحلي""], ""accepted"": true}","[{""target_id"": ""person_055"", ""target_type"": ""person"", ""target_name"": ""محمد بيكز"", ""label"": ""unclear"", ""label_ar"": ""غير واضح"", ""confidence"": ""low"", ""positive_score"": 1, ""negative_score"": 0, ""mention_count"": 3, ""editorial_segment_count"": 3, ""reported_segment_count"": 0, ""evidence"": [""إنجاز""]}]",evt_c0e251bf628e,2026-08-07T04:14:20.309848+00:00
4657ab7e82b868aa,agadirinfo,أكادير أنفو,مشروع قانون المالية 2027 .. أخنوش يدعو إلى ترشيد النفقات وضبط التوظيف - أكادير انفو - Agadir info,https://agadirinfo.ma/133869.html,اكادير انفو,2026-08-05,2026-08-07T04:14:20.309848+00:00,2026-08-07T04:14:20.309848+00:00,ar,خبار بلاديمشروع قانون المالية 2027 .. أخنوش يدعو إلى ترشيد النفقات وضبط التوظيف دعت رئاسة الحكومة مختلف القطاعات الوزارية والمؤسسات العمومية إلى اعتماد مقاربة أكثر,510,"{""region"": ""سوس ماسة"", ""primary_provinces"": [""أكادير إداوتنان""], ""primary_places"": [""أكادير""], ""secondary_provinces"": [], ""secondary_places"": []}","{""primary"": [], ""secondary"": []}","{""primary"": [{""id"": ""person_001"", ""name"": ""عزيز أخنوش"", ""tier"": ""priority""}], ""secondary"": []}","{""primary"": [{""id"": ""government_politics"", ""name"": ""السياسات والحصيلة الحكومية"", ""hits"": [""مشروع قانون"", ""رئيس الحكومة""]}], ""secondary"": [{""id"": ""political_statements"", ""name"": ""التصريحات والمواقف السياسية"", ""hits"": [""دعا إلى""]}]}","{""level"": ""medium"", ""geographic_score"": 4, ""political_score"": 3, ""decision_reason"": ""صلة جغرافية وسياسية مقبولة"", ""geographic_reasons"": [""إقليم رئيسي داخل سوس ماسة"", ""مدينة أو مكان رئيسي داخل سوس ماسة""], ""political_reasons"": [""شخصيات رئيسية: عزيز أخنوش"", ""مواضيع سياسية: السياسات والحصيلة الحكومية""], ""accepted"": true}","[{""target_id"": ""person_001"", ""target_type"": ""person"", ""target_name"": ""عزيز أخنوش"", ""label"": ""neutral"", ""label_ar"": ""محايد أو إخباري"", ""confidence"": ""medium"", ""positive_score"": 0, ""negative_score"": 0, ""mention_count"": 3, ""editorial_segment_count"": 2, ""reported_segment_count"": 1, ""evidence"": []}]",evt_4657ab7e82b8,2026-08-07T04:14:20.309848+00:00
f32dcf2a454d12af,le360,Le360,Budget 2027: les ministères à nouveau sommés de se serrer la ceinture,https://fr.le360.ma/politique/budget-2027-les-ministeres-a-nouveau-sommes-de-se-serrer-la-ceinture_DHTKUQF4RZBJHGADLSAEXBEDLI,Wadie El Mouden,2026-08-05,2026-08-07T04:14:20.309848+00:00,2026-08-07T04:14:20.309848+00:00,fr,"Comme en 2021, le Maroc semble se diriger vers un scénario où le projet de loi de finances sera élaboré par le gouvernement sortant, tandis",1136,"{""region"": ""سوس ماسة"", ""primary_provinces"": [""اشتوكة أيت باها""], ""primary_places"": [""ماسة""], ""secondary_provinces"": [], ""secondary_places"": []}","{""primary"": [], ""secondary"": []}","{""primary"": [], ""secondary"": []}","{""primary"": [{""id"": ""government_politics"", ""name"": ""السياسات والحصيلة الحكومية"", ""hits"": [""projet de loi"", ""gouvernement""]}], ""secondary"": [{""id"": ""alliances_conflicts"", ""name"": ""التحالفات والخلافات السياسية"", ""hits"": [""majorité""]}]}","{""level"": ""medium"", ""geographic_score"": 4, ""political_score"": 2, ""decision_reason"": ""صلة جغرافية وسياسية مقبولة"", ""geographic_reasons"": [""إقليم رئيسي داخل سوس ماسة"", ""مدينة أو مكان رئيسي داخل سوس ماسة""], ""political_reasons"": [""مواضيع سياسية: السياسات والحصيلة الحكومية""], ""accepted"": true}",[],evt_f32dcf2a454d,2026-08-07T04:14:20.309848+00:00
aef9aaf93819f4cb,al3omk,العمق المغربي,أخنوش يراهن على استثمارات ضخمة في البنية التحتية والماء وخلق فرص الشغل خلال 2027,https://al3omk.com/1178851.html,خالد فاتيحي,2026-08-04,2026-08-05T22:31:46.904830+00:00,2026-08-05T22:31:46.904830+00:00,ar,أعلن رئيس الحكومة، عزيز أخنوش، أن مشروع قانون المالية لسنة 2027، يضع ضمن أولوياته مواصلة إنجاز وتطوير الأوراش الكبرى للبنية التحتية، باعتبارها دعامة أساسية لتعزيز,243,"{""region"": ""سوس ماسة"", ""primary_provinces"": [""أكادير إداوتنان"", ""اشتوكة أيت باها""], ""primary_places"": [""أكادير"", ""ماسة""], ""secondary_provinces"": [], ""secondary_places"": []}","{""primary"": [], ""secondary"": []}","{""primary"": [{""id"": ""person_001"", ""name"": ""عزيز أخنوش"", ""tier"": ""priority""}], ""secondary"": []}","{""primary"": [{""id"": ""government_politics"", ""name"": ""السياسات والحصيلة الحكومية"", ""hits"": [""رئيس الحكومة"", ""مشروع قانون""]}, {""id"": ""elections"", ""name"": ""الانتخابات والاقتراع"", ""hits"": [""الاستحقاقات"", ""استحقاقات""]}], ""secondary"": []}","{""level"": ""strong"", ""geographic_score"": 4, ""political_score"": 5, ""decision_reason"": ""صلة جغرافية وسياسية قوية"", ""geographic_reasons"": [""إقليم رئيسي داخل سوس ماسة"", ""مدينة أو مكان رئيسي داخل سوس ماسة""], ""political_reasons"": [""شخصيات رئيسية: عزيز أخنوش"", ""مواضيع سياسية: السياسات والحصيلة الحكومية, الانتخابات والاقتراع""], ""accepted"": true}","[{""target_id"": ""person_001"", ""target_type"": ""person"", ""target_name"": ""عزيز أخنوش"", ""label"": ""neutral"", ""label_ar"": ""محايد أو إخباري"", ""confidence"": ""medium"", ""positive_score"": 0, ""negative_score"": 0, ""mention_count"": 4, ""editorial_segment_count"": 2, ""reported_segment_count"": 2, ""evidence"": []}]",evt_aef9aaf93819,2026-08-05T22:31:46.904830+00:00
9118a79dca1ba65f,le360,Le360,الطريق السريع تزنيت – الداخلة: خلفيات إطلاق الملك محمد السادس اسم «دونالد ترامب» على أطول شريان أطلسي يربط أوروبا بإفريقيا,https://ar.le360.ma/politique/7NIWKSHZVRBNLFUAT3HEFRUU5U,وكالة المغرب العربي للأنباء,2026-07-31,2026-08-01T21:17:11.514520+00:00,2026-08-01T21:17:11.514520+00:00,ar,"ففي رسالة بتاريخ 2 يوليوز 2026، أبلغ الملك محمد السادس، الرئيس الأمريكي بالقرار الملكي السامي بإطلاق اسم "" الطريق السريع دونالد ج. ترامب "" على",646,"{""region"": ""سوس ماسة"", ""primary_provinces"": [""تزنيت""], ""primary_places"": [""تزنيت""], ""secondary_provinces"": [], ""secondary_places"": []}","{""primary"": [], ""secondary"": []}","{""primary"": [], ""secondary"": []}","{""primary"": [{""id"": ""political_statements"", ""name"": ""التصريحات والمواقف السياسية"", ""hits"": [""أكد""]}], ""secondary"": []}","{""level"": ""medium"", ""geographic_score"": 4, ""political_score"": 2, ""decision_reason"": ""صلة جغرافية وسياسية مقبولة"", ""geographic_reasons"": [""إقليم رئيسي داخل سوس ماسة"", ""مدينة أو مكان رئيسي داخل سوس ماسة""], ""political_reasons"": [""مواضيع سياسية: التصريحات والمواقف السياسية""], ""accepted"": true}",[],evt_9118a79dca1b,2026-08-01T21:17:11.514520+00:00
fd8094285a451111,assahifa,الصحيفة,في أول لقاء حزبي بعد انضمامه.. لقجع يحضر تعبئة البام بأكادير استعدادا للانتخابات التشريعية,https://www.assahifa.com/%D9%81%D9%8A-%D8%A3%D9%88%D9%84-%D9%84%D9%82%D8%A7%D8%A1-%D8%AD%D8%B2%D8%A8%D9%8A-%D8%A8%D8%B9%D8%AF-%D8%A7%D9%86%D8%B6%D9%85%D8%A7%D9%85%D9%87-%D9%84%D9%82%D8%AC%D8%B9-%D9%8A%D8%AD%D8%B6%D8%B1,,2026-07-31,2026-08-09T19:52:19.216070+00:00,2026-08-09T19:52:19.216070+00:00,ar,"في أول لقاء حزبي بعد انضمامه.. لقجع يحضر تعبئة ""البام"" بأكادير استعدادا للانتخابات التشريعية انطلقت بمدينة أكادير أشغال اللقاء التواصلي الذي نظمته الأمانة الجهوية لحزب",242,"{""region"": ""سوس ماسة"", ""primary_provinces"": [""أكادير إداوتنان"", ""اشتوكة أيت باها""], ""primary_places"": [""أكادير""], ""secondary_provinces"": [], ""secondary_places"": [""ماسة""]}","{""primary"": [{""id"": ""PAM"", ""name"": ""حزب الأصالة والمعاصرة""}], ""secondary"": []}","{""primary"": [{""id"": ""person_031"", ""name"": ""فوزي لقجع"", ""tier"": ""priority""}], ""secondary"": []}","{""primary"": [{""id"": ""elections"", ""name"": ""الانتخابات والاقتراع"", ""hits"": [""انتخابات"", ""استحقاقات""]}], ""secondary"": []}","{""level"": ""strong"", ""geographic_score"": 4, ""political_score"": 6, ""decision_reason"": ""صلة جغرافية وسياسية قوية"", ""geographic_reasons"": [""إقليم رئيسي داخل سوس ماسة"", ""مدينة أو مكان رئيسي داخل سوس ماسة""], ""political_reasons"": [""أحزاب رئيسية: حزب الأصالة والمعاصرة"", ""شخصيات رئيسية: فوزي لقجع"", ""مواضيع سياسية: الانتخابات والاقتراع""], ""accepted"": true}","[{""target_id"": ""PAM"", ""target_type"": ""party"", ""target_name"": ""حزب الأصالة والمعاصرة"", ""label"": ""neutral"", ""label_ar"": ""محايد أو إخباري"", ""confidence"": ""medium"", ""positive_score"": 0, ""negative_score"": 0, ""mention_count"": 3, ""editorial_segment_count"": 1, ""reported_segment_count"": 2, ""evidence"": []}, {""target_id"": ""person_031"", ""target_type"": ""person"", ""target_name"": ""فوزي لقجع"", ""label"": ""neutral"", ""label_ar"": ""محايد أو إخباري"", ""confidence"": ""medium"", ""positive_score"": 0, ""negative_score"": 0, ""mention_count"": 3, ""editorial_segment_count"": 1, ""reported_segment_count"": 2, ""evidence"": []}]",evt_fd8094285a45,2026-08-09T19:52:19.216070+00:00
2d32a40d25cbe528,assahifa,الصحيفة,من ميركاتو أخنوش إلى المعقول والعمل عند لقجع.. صراع إعادة ترتيب موازين القوة داخل الأغلبية قبل انتخابات شتنبر,https://www.assahifa.com/%D9%85%D9%86-%D9%85%D9%8A%D8%B1%D9%83%D8%A7%D8%AA%D9%88-%D8%A3%D8%AE%D9%86%D9%88%D8%B4-%D8%A5%D9%84%D9%89-%D8%A7%D9%84%D9%85%D8%B9%D9%82%D9%88%D9%84-%D9%88%D8%A7%D9%84%D8%B9%D9%85%D9%84-%D8%B9,,2026-07-31,2026-08-11T09:44:00.045388+00:00,2026-08-11T09:44:00.045388+00:00,ar,"من ""ميركاتو"" أخنوش إلى ""المعقول والعمل"" عند لقجع.. صراع إعادة ترتيب موازين القوة داخل الأغلبية قبل انتخابات شتنبر لم يكن ظهور فوزي لقجع، الوزير المنتدب",595,"{""region"": ""سوس ماسة"", ""primary_provinces"": [""أكادير إداوتنان""], ""primary_places"": [""أكادير""], ""secondary_provinces"": [], ""secondary_places"": []}","{""primary"": [{""id"": ""PAM"", ""name"": ""حزب الأصالة والمعاصرة""}, {""id"": ""PI"", ""name"": ""حزب الاستقلال""}], ""secondary"": [{""id"": ""RNI"", ""name"": ""التجمع الوطني للأحرار""}]}","{""primary"": [{""id"": ""person_001"", ""name"": ""عزيز أخنوش"", ""tier"": ""priority""}, {""id"": ""person_031"", ""name"": ""فوزي لقجع"", ""tier"": ""priority""}], ""secondary"": []}","{""primary"": [{""id"": ""elections"", ""name"": ""الانتخابات والاقتراع"", ""hits"": [""انتخابات"", ""استحقاقات"", ""انتخابية"", ""اقتراع""]}, {""id"": ""alliances_conflicts"", ""name"": ""التحالفات والخلافات السياسية"", ""hits"": [""صراع"", ""تحالف"", ""أغلبية""]}, {""id"": ""government_politics"", ""name"": ""السياسات والحصيلة الحكومية"", ""hits"": [""رئيس الحكومة"", ""الأغلبية الحكومية""]}], ""secondary"": [{""id"": ""electoral_campaign"", ""name"": ""الحملة الانتخابية"", ""hits"": [""تجمع انتخابي""]}, {""id"": ""resignation_defection"", ""name"": ""الاستقالة وتغيير الانتماء"", ""hits"": [""يلتحق""]}, {""id"": ""political_statements"", ""name"": ""التصريحات والمواقف السياسية"", ""hits"": [""انتقد""]}]}","{""level"": ""strong"", ""geographic_score"": 4, ""political_score"": 7, ""decision_reason"": ""صلة جغرافية وسياسية قوية"", ""geographic_reasons"": [""إقليم رئيسي داخل سوس ماسة"", ""مدينة أو مكان رئيسي داخل سوس ماسة""], ""political_reasons"": [""أحزاب رئيسية: حزب الأصالة والمعاصرة, حزب الاستقلال"", ""شخصيات رئيسية: عزيز أخنوش, فوزي لقجع"", ""مواضيع سياسية: الانتخابات والاقتراع, التحالفات والخلافات السياسية, السياسات والحصيلة الحكومية""], ""accepted"": true}","[{""target_id"": ""PAM"", ""target_type"": ""party"", ""target_name"": ""حزب الأصالة والمعاصرة"", ""label"": ""neutral"", ""label_ar"": ""محايد أو إخباري"", ""confidence"": ""medium"", ""positive_score"": 0, ""negative_score"": 0, ""mention_count"": 8, ""editorial_segment_count"": 0, ""reported_segment_count"": 8, ""evidence"": []}, {""target_id"": ""PI"", ""target_type"": ""party"", ""target_name"": ""حزب الاستقلال"", ""label"": ""neutral"", ""label_ar"": ""محايد أو إخباري"", ""confidence"": ""low"", ""positive_score"": 0, ""negative_score"": 0, ""mention_count"": 1, ""editorial_segment_count"": 0, ""reported_segment_count"": 1, ""evidence"": []}, {""target_id"": ""RNI"", ""target_type"": ""party"", ""target_name"": ""التجمع الوطني للأحرار"", ""label"": ""neutral"", ""label_ar"": ""محايد أو إخباري"", ""confidence"": ""medium"", ""positive_score"": 0, ""negative_score"": 0, ""mention_count"": 2, ""editorial_segment_count"": 0, ""reported_segment_count"": 2, ""evidence"": []}, {""target_id"": ""person_001"", ""target_type"": ""person"", ""target_name"": ""عزيز أخنوش"", ""label"": ""neutral"", ""label_ar"": ""محايد أو إخباري"", ""confidence"": ""medium"", ""positive_score"": 0, ""negative_score"": 0, ""mention_count"": 6, ""editorial_segment_count"": 1, ""reported_segment_count"": 5, ""evidence"": []}, {""target_id"": ""person_031"", ""target_type"": ""person"", ""target_name"": ""فوزي لقجع"", ""label"": ""neutral"", ""label_ar"": ""محايد أو إخباري"", ""confidence"": ""medium"", ""positive_score"": 0, ""negative_score"": 0, ""mention_count"": 10, ""editorial_segment_count"": 1, ""reported_segment_count"": 9, ""evidence"": []}]",evt_2d32a40d25cb,2026-08-11T09:44:00.045388+00:00
61717e89cb074426,agadirinfo,أكادير أنفو,عيد العرش المجيد.. رئيس الحكومة يقيم مأدبة غداء بحضور ولي العهد الأمير مولاي الحسن والأمير مولاي رشيد - أكادير انفو - Agadir info,https://agadirinfo.ma/133727.html,اكادير انفو,2026-07-29,2026-07-30T17:11:17.197050+00:00,2026-07-30T17:11:17.197050+00:00,ar,خبار بلاديعيد العرش المجيد.. رئيس الحكومة يقيم مأدبة غداء بحضور ولي العهد الأمير مولاي الحسن والأمير مولاي رشيد بمناسبة الذكرى السابعة والعشرين لاعتلاء صاحب الجلالة,162,"{""region"": ""سوس ماسة"", ""primary_provinces"": [""أكادير إداوتنان""], ""primary_places"": [""أكادير""], ""secondary_provinces"": [], ""secondary_places"": []}","{""primary"": [], ""secondary"": []}","{""primary"": [{""id"": ""person_001"", ""name"": ""عزيز أخنوش"", ""tier"": ""priority""}], ""secondary"": []}","{""primary"": [{""id"": ""government_politics"", ""name"": ""السياسات والحصيلة الحكومية"", ""hits"": [""رئيس الحكومة""]}], ""secondary"": [{""id"": ""elected_councils"", ""name"": ""المجالس المنتخبة والتدبير المحلي"", ""hits"": [""مجلس الجهة""]}]}","{""level"": ""medium"", ""geographic_score"": 4, ""political_score"": 3, ""decision_reason"": ""صلة جغرافية وسياسية مقبولة"", ""geographic_reasons"": [""إقليم رئيسي داخل سوس ماسة"", ""مدينة أو مكان رئيسي داخل سوس ماسة""], ""political_reasons"": [""شخصيات رئيسية: عزيز أخنوش"", ""مواضيع سياسية: السياسات والحصيلة الحكومية""], ""accepted"": true}","[{""target_id"": ""person_001"", ""target_type"": ""person"", ""target_name"": ""عزيز أخنوش"", ""label"": ""neutral"", ""label_ar"": ""محايد أو إخباري"", ""confidence"": ""low"", ""positive_score"": 0, ""negative_score"": 0, ""mention_count"": 1, ""editorial_segment_count"": 1, ""reported_segment_count"": 0, ""evidence"": []}]",evt_61717e89cb07,2026-07-30T17:11:17.197050+00:00
56dff301a2cdf795,agadirinfo,أكادير أنفو,السيد جمال ديواني رئيس مجموعة الجماعات الترابية أكادير الكبير للنقل والتنقلات الحضرية يهنئ جلالة الملك بمناسبة الذكرى السابعة والعشرين لاعتلاء جلالته عرش أسلافه المنعمين - أكادير انفو - Agadir info,https://agadirinfo.ma/123236.html,اكادير انفو,2026-07-28,2026-07-29T21:32:36.335793+00:00,2026-07-29T21:32:36.335793+00:00,ar,أكادير والجهةالسيد جمال ديواني رئيس مجموعة الجماعات الترابية أكادير الكبير للنقل والتنقلات الحضرية يهنئ جلالة الملك بمناسبة الذكرى السابعة والعشرين لاعتلاء جلالته عرش أسلافه المنعمين,314,"{""region"": ""سوس ماسة"", ""primary_provinces"": [""أكادير إداوتنان"", ""اشتوكة أيت باها""], ""primary_places"": [""أكادير""], ""secondary_provinces"": [], ""secondary_places"": [""ماسة""]}","{""primary"": [], ""secondary"": []}","{""primary"": [{""id"": ""person_038"", ""name"": ""جمال ديواني"", ""tier"": ""secondary""}], ""secondary"": []}","{""primary"": [{""id"": ""elected_councils"", ""name"": ""المجالس المنتخبة والتدبير المحلي"", ""hits"": [""مجموعة الجماعات""]}], ""secondary"": []}","{""level"": ""medium"", ""geographic_score"": 4, ""political_score"": 3, ""decision_reason"": ""صلة جغرافية وسياسية مقبولة"", ""geographic_reasons"": [""إقليم رئيسي داخل سوس ماسة"", ""مدينة أو مكان رئيسي داخل سوس ماسة""], ""political_reasons"": [""شخصيات رئيسية: جمال ديواني"", ""مواضيع سياسية: المجالس المنتخبة والتدبير المحلي""], ""accepted"": true}","[{""target_id"": ""person_038"", ""target_type"": ""person"", ""target_name"": ""جمال ديواني"", ""label"": ""neutral"", ""label_ar"": ""محايد أو إخباري"", ""confidence"": ""medium"", ""positive_score"": 0, ""negative_score"": 0, ""mention_count"": 3, ""editorial_segment_count"": 3, ""reported_segment_count"": 0, ""evidence"": []}]",evt_56dff301a2cd,2026-07-29T21:32:36.335793+00:00
66b815fc39214ebd,agadir24,أكادير24,رسمياً.. خديجة الباز وكيلةً للائحة البرلمانية الجهوية لحزب التقدم والاشتراكية بسوس ماسة | agadir24.info,https://agadir24.info/%D8%B1%D8%B3%D9%85%D9%8A%D8%A7%D9%8B-%D8%AE%D8%AF%D9%8A%D8%AC%D8%A9-%D8%A7%D9%84%D8%A8%D8%A7%D8%B2-%D9%88%D9%83%D9%8A%D9%84%D8%A9%D9%8B-%D9%84%D9%84%D8%A7%D8%A6%D8%AD%D8%A9-%D8%A7%D9%84%D8%A8%D8%B1.html,عبدالله بن عيسى,2026-07-27,2026-07-28T17:47:53.703342+00:00,2026-07-28T17:47:53.703342+00:00,ar,قرر المكتب السياسي لحزب التقدم والاشتراكية تزكية خديجة الباز وكيلةً للائحة الحزب برسم الدائرة التشريعية الجهوية المخصصة للنساء بجهة سوس ماسة، استعداداً للانتخابات التشريعية المقبلة.,324,"{""region"": ""سوس ماسة"", ""primary_provinces"": [""اشتوكة أيت باها""], ""primary_places"": [""ماسة""], ""secondary_provinces"": [], ""secondary_places"": []}","{""primary"": [{""id"": ""PPS"", ""name"": ""حزب التقدم والاشتراكية""}], ""secondary"": []}","{""primary"": [], ""secondary"": []}","{""primary"": [{""id"": ""elections"", ""name"": ""الانتخابات والاقتراع"", ""hits"": [""انتخابات""]}, {""id"": ""candidacy_nomination"", ""name"": ""الترشح والتزكية"", ""hits"": [""تزكية""]}], ""secondary"": [{""id"": ""political_statements"", ""name"": ""التصريحات والمواقف السياسية"", ""hits"": [""بلاغ""]}]}","{""level"": ""strong"", ""geographic_score"": 4, ""political_score"": 6, ""decision_reason"": ""صلة جغرافية وسياسية قوية"", ""geographic_reasons"": [""إقليم رئيسي داخل سوس ماسة"", ""مدينة أو مكان رئيسي داخل سوس ماسة""], ""political_reasons"": [""أحزاب رئيسية: حزب التقدم والاشتراكية"", ""مواضيع سياسية: الانتخابات والاقتراع, الترشح والتزكية""], ""accepted"": true}","[{""target_id"": ""PPS"", ""target_type"": ""party"", ""target_name"": ""حزب التقدم والاشتراكية"", ""label"": ""unclear"", ""label_ar"": ""غير واضح"", ""confidence"": ""low"", ""positive_score"": 1, ""negative_score"": 0, ""mention_count"": 6, ""editorial_segment_count"": 4, ""reported_segment_count"": 2, ""evidence"": [""تعزيز الحضور""]}]",evt_66b815fc3921,2026-07-28T17:47:53.703342+00:00
fcc7fc2ce7857498,agadirinfo,أكادير أنفو,انتخابات 23 شتنبر.. “الهاكا” تصدر دليلا لفهم التعددية السياسية في وسائل الإعلام السمعية البصرية - أكادير انفو - Agadir info,https://agadirinfo.ma/133589.html,اكادير انفو,2026-07-27,2026-07-28T21:51:41.970925+00:00,2026-07-28T21:51:41.970925+00:00,ar,البولتيك بالمغربانتخابات 23 شتنبر.. “الهاكا” تصدر دليلا لفهم التعددية السياسية في وسائل الإعلام السمعية البصرية أصدرت الهيئة العليا للاتصال السمعي البصري (هاكا) دليلا يهدف إلى,485,"{""region"": ""سوس ماسة"", ""primary_provinces"": [""أكادير إداوتنان""], ""primary_places"": [""أكادير""], ""secondary_provinces"": [], ""secondary_places"": []}","{""primary"": [], ""secondary"": []}","{""primary"": [], ""secondary"": []}","{""primary"": [{""id"": ""elections"", ""name"": ""الانتخابات والاقتراع"", ""hits"": [""انتخابات"", ""التصويت""]}], ""secondary"": [{""id"": ""political_statements"", ""name"": ""التصريحات والمواقف السياسية"", ""hits"": [""بلاغ""]}, {""id"": ""electoral_campaign"", ""name"": ""الحملة الانتخابية"", ""hits"": [""الحملة الانتخابية""]}]}","{""level"": ""medium"", ""geographic_score"": 4, ""political_score"": 3, ""decision_reason"": ""صلة جغرافية وسياسية مقبولة"", ""geographic_reasons"": [""إقليم رئيسي داخل سوس ماسة"", ""مدينة أو مكان رئيسي داخل سوس ماسة""], ""political_reasons"": [""مواضيع سياسية: الانتخابات والاقتراع""], ""accepted"": true}",[],evt_fcc7fc2ce785,2026-07-28T21:51:41.970925+00:00
180c0ead4f692e06,al3omk,العمق المغربي,التقدم والاشتراكية يحسم في وكيلات لوائحه التشريعية بتسع جهات ويرجئ البت في ثلاث أخرى,https://al3omk.com/1177129.html,العمق المغربي,2026-07-27,2026-07-28T21:51:41.970925+00:00,2026-07-28T21:51:41.970925+00:00,ar,كشف حزب التقدم والاشتراكية عن اللائحة الرسمية لوكيلات الحزب برسم الدوائر التشريعية الجهوية المخصصة للنساء، وذلك عقب اجتماع عقده مكتبه السياسي اليوم الثلاثاء 28 يوليوز,190,"{""region"": ""سوس ماسة"", ""primary_provinces"": [""اشتوكة أيت باها""], ""primary_places"": [""ماسة""], ""secondary_provinces"": [], ""secondary_places"": []}","{""primary"": [{""id"": ""PPS"", ""name"": ""حزب التقدم والاشتراكية""}], ""secondary"": []}","{""primary"": [], ""secondary"": []}","{""primary"": [{""id"": ""candidacy_nomination"", ""name"": ""الترشح والتزكية"", ""hits"": [""تزكية""]}], ""secondary"": [{""id"": ""political_statements"", ""name"": ""التصريحات والمواقف السياسية"", ""hits"": [""أكد""]}]}","{""level"": ""strong"", ""geographic_score"": 4, ""political_score"": 5, ""decision_reason"": ""صلة جغرافية وسياسية قوية"", ""geographic_reasons"": [""إقليم رئيسي داخل سوس ماسة"", ""مدينة أو مكان رئيسي داخل سوس ماسة""], ""political_reasons"": [""أحزاب رئيسية: حزب التقدم والاشتراكية"", ""مواضيع سياسية: الترشح والتزكية""], ""accepted"": true}","[{""target_id"": ""PPS"", ""target_type"": ""party"", ""target_name"": ""حزب التقدم والاشتراكية"", ""label"": ""favorable"", ""label_ar"": ""إيجابي أو داعم"", ""confidence"": ""medium"", ""positive_score"": 3, ""negative_score"": 0, ""mention_count"": 2, ""editorial_segment_count"": 2, ""reported_segment_count"": 0, ""evidence"": [""يحسم""]}]",evt_180c0ead4f69,2026-07-28T21:51:41.970925+00:00
ee7c32a460d021e1,le360,Le360,Législatives 2026: l’USFP a accrédité ses candidats dans 80% des circonscriptions,https://fr.le360.ma/politique/legislatives-2026-lusfp-a-accredite-ses-candidats-dans-80-des-circonscriptions_HP2YIKKRRBDQDET3VZWXMAYFYY,Mohamed Chakir Alaoui; Yassine Mannan,2026-07-27,2026-07-28T21:51:41.970925+00:00,2026-07-28T21:51:41.970925+00:00,fr,"L’Union socialiste des forces populaires (USFP, opposition) vient d’accréditer ses candidats dans 80% des circonscriptions électorales en vue des législatives du 23 septembre 2026. Parmi",580,"{""region"": ""سوس ماسة"", ""primary_provinces"": [""أكادير إداوتنان""], ""primary_places"": [""أكادير""], ""secondary_provinces"": [], ""secondary_places"": []}","{""primary"": [{""id"": ""USFP"", ""name"": ""الاتحاد الاشتراكي للقوات الشعبية""}], ""secondary"": []}","{""primary"": [{""id"": ""person_020"", ""name"": ""إدريس لشكر"", ""tier"": ""priority""}], ""secondary"": []}","{""primary"": [{""id"": ""elections"", ""name"": ""الانتخابات والاقتراع"", ""hits"": [""législatives"", ""électorales"", ""électoral"", ""électorale"", ""scrutin""]}, {""id"": ""candidacy_nomination"", ""name"": ""الترشح والتزكية"", ""hits"": [""candidats"", ""candidat"", ""candidature"", ""candidatures"", ""candidates""]}, {""id"": ""alliances_conflicts"", ""name"": ""التحالفات والخلافات السياسية"", ""hits"": [""opposition"", ""majorité""]}], ""secondary"": [{""id"": ""government_politics"", ""name"": ""السياسات والحصيلة الحكومية"", ""hits"": [""ministre""]}, {""id"": ""electoral_campaign"", ""name"": ""الحملة الانتخابية"", ""hits"": [""campagne électorale""]}, {""id"": ""party_activity"", ""name"": ""الأنشطة والتنظيمات الحزبية"", ""hits"": [""bureau politique""]}]}","{""level"": ""strong"", ""geographic_score"": 4, ""political_score"": 7, ""decision_reason"": ""صلة جغرافية وسياسية قوية"", ""geographic_reasons"": [""إقليم رئيسي داخل سوس ماسة"", ""مدينة أو مكان رئيسي داخل سوس ماسة""], ""political_reasons"": [""أحزاب رئيسية: الاتحاد الاشتراكي للقوات الشعبية"", ""شخصيات رئيسية: إدريس لشكر"", ""مواضيع سياسية: الانتخابات والاقتراع, الترشح والتزكية, التحالفات والخلافات السياسية""], ""accepted"": true}","[{""target_id"": ""USFP"", ""target_type"": ""party"", ""target_name"": ""الاتحاد الاشتراكي للقوات الشعبية"", ""label"": ""neutral"", ""label_ar"": ""محايد أو إخباري"", ""confidence"": ""medium"", ""positive_score"": 0, ""negative_score"": 0, ""mention_count"": 7, ""editorial_segment_count"": 4, ""reported_segment_count"": 3, ""evidence"": []}, {""target_id"": ""person_020"", ""target_type"": ""person"", ""target_name"": ""إدريس لشكر"", ""label"": ""neutral"", ""label_ar"": ""محايد أو إخباري"", ""confidence"": ""low"", ""positive_score"": 0, ""negative_score"": 0, ""mention_count"": 1, ""editorial_segment_count"": 0, ""reported_segment_count"": 1, ""evidence"": []}]",evt_ee7c32a460d0,2026-07-28T21:51:41.970925+00:00
97f5b258c05d72c3,chtoukapress,اشتوكة بريس,المجلس الجماعي لأيت عميرة يكرم قائد مركز الدرك الملكي,https://www.chtoukapress.com/305546.html,اشتوكة بريس,2026-07-26,2026-07-27T12:43:03.842854+00:00,2026-07-27T12:43:03.842854+00:00,ar,احتضن مقر المجلس الجماعي لأيت عميرة حفل تكريم على شرف قائد المركز الترابي للدرك الملكي، وذلك بمناسبة صدور قرار إحالته على التقاعد، وسط أجواء طبعتها,188,"{""region"": ""سوس ماسة"", ""primary_provinces"": [""اشتوكة أيت باها""], ""primary_places"": [""أيت عميرة""], ""secondary_provinces"": [], ""secondary_places"": []}","{""primary"": [], ""secondary"": []}","{""primary"": [], ""secondary"": []}","{""primary"": [{""id"": ""elected_councils"", ""name"": ""المجالس المنتخبة والتدبير المحلي"", ""hits"": [""المجلس الجماعي"", ""رئيس المجلس""]}], ""secondary"": [{""id"": ""political_statements"", ""name"": ""التصريحات والمواقف السياسية"", ""hits"": [""أكد""]}]}","{""level"": ""medium"", ""geographic_score"": 4, ""political_score"": 2, ""decision_reason"": ""صلة جغرافية وسياسية مقبولة"", ""geographic_reasons"": [""إقليم رئيسي داخل سوس ماسة"", ""مدينة أو مكان رئيسي داخل سوس ماسة""], ""political_reasons"": [""مواضيع سياسية: المجالس المنتخبة والتدبير المحلي""], ""accepted"": true}",[],evt_97f5b258c05d,2026-07-27T12:43:03.842854+00:00
efd7ae404889cee2,le360,Le360,"Donald J. Trump Highway, OTAN, mission économique présidée par la reine Mathilde: la Belgique met le paquet sur le Maroc",https://fr.le360.ma/politique/donald-j-trump-highway-otan-mission-economique-presidee-par-la-reine-mathilde-la-belgique-met-le_OIFX6QFZPFG2FCDGGNGQIR3TSU,Tarik Qattab,2026-07-26,2026-07-27T22:16:47.756998+00:00,2026-07-27T22:16:47.756998+00:00,fr,"Par la voix de son ministre de la défense, la Belgique réagit au message adressé par le président américain Donald J. Trump au roi Mohammed",654,"{""region"": ""سوس ماسة"", ""primary_provinces"": [""تزنيت""], ""primary_places"": [""تزنيت""], ""secondary_provinces"": [], ""secondary_places"": []}","{""primary"": [], ""secondary"": []}","{""primary"": [], ""secondary"": []}","{""primary"": [{""id"": ""government_politics"", ""name"": ""السياسات والحصيلة الحكومية"", ""hits"": [""ministre""]}], ""secondary"": [{""id"": ""alliances_conflicts"", ""name"": ""التحالفات والخلافات السياسية"", ""hits"": [""alliance""]}]}","{""level"": ""medium"", ""geographic_score"": 4, ""political_score"": 2, ""decision_reason"": ""صلة جغرافية وسياسية مقبولة"", ""geographic_reasons"": [""إقليم رئيسي داخل سوس ماسة"", ""مدينة أو مكان رئيسي داخل سوس ماسة""], ""political_reasons"": [""مواضيع سياسية: السياسات والحصيلة الحكومية""], ""accepted"": true}",[],evt_efd7ae404889,2026-07-27T22:16:47.756998+00:00
ced13199836d24a4,le360,Le360,Archives militaires de Vincennes. Ep 3. Les télégrammes de Lyautey en 1916 sur le Sahara occidental,https://fr.le360.ma/politique/archives-militaires-de-vincennes-ep-3-les-telegrammes-de-lyautey-en-1916-sur-le-sahara-occidental_7WNNRVUH5RDOTGGH62BGYNYQ6Q,Karim Serraj,2026-07-25,2026-07-26T21:39:47.212641+00:00,2026-07-26T21:39:47.212641+00:00,fr,"Les télégrammes d’Hubert Lyautey nos 302, 302 bis, 302 ter et 3550¹, expédiés de Marrakech et de Rabat en septembre 1916, ne défendent pas les",2627,"{""region"": ""سوس ماسة"", ""primary_provinces"": [""تزنيت""], ""primary_places"": [""تزنيت""], ""secondary_provinces"": [""أكادير إداوتنان""], ""secondary_places"": [""أكادير""]}","{""primary"": [], ""secondary"": []}","{""primary"": [], ""secondary"": []}","{""primary"": [{""id"": ""alliances_conflicts"", ""name"": ""التحالفات والخلافات السياسية"", ""hits"": [""conflit"", ""dissidence"", ""rupture""]}, {""id"": ""government_politics"", ""name"": ""السياسات والحصيلة الحكومية"", ""hits"": [""gouvernement""]}], ""secondary"": []}","{""level"": ""medium"", ""geographic_score"": 4, ""political_score"": 3, ""decision_reason"": ""صلة جغرافية وسياسية مقبولة"", ""geographic_reasons"": [""إقليم رئيسي داخل سوس ماسة"", ""مدينة أو مكان رئيسي داخل سوس ماسة""], ""political_reasons"": [""مواضيع سياسية: التحالفات والخلافات السياسية, السياسات والحصيلة الحكومية""], ""accepted"": true}",[],evt_ced13199836d,2026-07-26T21:39:47.212641+00:00
8030d80f767abadb,hespress,هسبريس,"بأعضاء في الحكومة ورجال أعمال .. ""البام"" يقدم المرشحين للانتخابات",https://www.hespress.com/%D8%A8%D8%A3%D8%B9%D8%B6%D8%A7%D8%A1-%D9%81%D9%8A-%D8%A7%D9%84%D8%AD%D9%83%D9%88%D9%85%D8%A9-%D9%88%D8%B1%D8%AC%D8%A7%D9%84-%D8%A3%D8%B9%D9%85%D8%A7%D9%84-%D8%A7%D9%84%D8%A8%D8%A7%D9%85-%D9%8A-1782468.html,هسبريس,2026-07-24,2026-07-25T15:52:43.761623+00:00,2026-07-25T15:52:43.761623+00:00,ar,كشف حزب الأصالة والمعاصرة، اليوم السبت، بشكل رسمي عن لائحة مرشحيه للانتخابات التشريعية المزمع إجراؤها يوم 23 شتنبر المقبل، ضمت تشكيلة تتميز بحضور سبع نساء،,672,"{""region"": ""سوس ماسة"", ""primary_provinces"": [""تارودانت""], ""primary_places"": [""تارودانت""], ""secondary_provinces"": [""أكادير إداوتنان"", ""إنزكان أيت ملول"", ""تزنيت"", ""طاطا""], ""secondary_places"": [""أكادير"", ""أيت ملول"", ""إنزكان"", ""تزنيت"", ""طاطا""]}","{""primary"": [{""id"": ""PAM"", ""name"": ""حزب الأصالة والمعاصرة""}], ""secondary"": []}","{""primary"": [{""id"": ""person_023"", ""name"": ""فاطمة الزهراء المنصوري"", ""tier"": ""priority""}, {""id"": ""person_031"", ""name"": ""فوزي لقجع"", ""tier"": ""priority""}], ""secondary"": [{""id"": ""person_014"", ""name"": ""حميد وهبي"", ""tier"": ""priority""}, {""id"": ""person_002"", ""name"": ""عبد اللطيف وهبي"", ""tier"": ""priority""}, {""id"": ""person_050"", ""name"": ""محمد أودمين"", ""tier"": ""secondary""}]}","{""primary"": [{""id"": ""elections"", ""name"": ""الانتخابات والاقتراع"", ""hits"": [""انتخابات""]}], ""secondary"": [{""id"": ""candidacy_nomination"", ""name"": ""الترشح والتزكية"", ""hits"": [""مرشحا""]}]}","{""level"": ""strong"", ""geographic_score"": 4, ""political_score"": 6, ""decision_reason"": ""صلة جغرافية وسياسية قوية"", ""geographic_reasons"": [""إقليم رئيسي داخل سوس ماسة"", ""مدينة أو مكان رئيسي داخل سوس ماسة""], ""political_reasons"": [""أحزاب رئيسية: حزب الأصالة والمعاصرة"", ""شخصيات رئيسية: فاطمة الزهراء المنصوري, فوزي لقجع"", ""مواضيع سياسية: الانتخابات والاقتراع""], ""accepted"": true}","[{""target_id"": ""PAM"", ""target_type"": ""party"", ""target_name"": ""حزب الأصالة والمعاصرة"", ""label"": ""neutral"", ""label_ar"": ""محايد أو إخباري"", ""confidence"": ""medium"", ""positive_score"": 0, ""negative_score"": 0, ""mention_count"": 7, ""editorial_segment_count"": 3, ""reported_segment_count"": 4, ""evidence"": []}, {""target_id"": ""person_023"", ""target_type"": ""person"", ""target_name"": ""فاطمة الزهراء المنصوري"", ""label"": ""neutral"", ""label_ar"": ""محايد أو إخباري"", ""confidence"": ""medium"", ""positive_score"": 0, ""negative_score"": 0, ""mention_count"": 3, ""editorial_segment_count"": 0, ""reported_segment_count"": 3, ""evidence"": []}, {""target_id"": ""person_031"", ""target_type"": ""person"", ""target_name"": ""فوزي لقجع"", ""label"": ""neutral"", ""label_ar"": ""محايد أو إخباري"", ""confidence"": ""low"", ""positive_score"": 0, ""negative_score"": 0, ""mention_count"": 1, ""editorial_segment_count"": 0, ""reported_segment_count"": 1, ""evidence"": []}, {""target_id"": ""person_014"", ""target_type"": ""person"", ""target_name"": ""حميد وهبي"", ""label"": ""neutral"", ""label_ar"": ""محايد أو إخباري"", ""confidence"": ""low"", ""positive_score"": 0, ""negative_score"": 0, ""mention_count"": 1, ""editorial_segment_count"": 1, ""reported_segment_count"": 0, ""evidence"": []}, {""target_id"": ""person_002"", ""target_type"": ""person"", ""target_name"": ""عبد اللطيف وهبي"", ""label"": ""neutral"", ""label_ar"": ""محايد أو إخباري"", ""confidence"": ""medium"", ""positive_score"": 0, ""negative_score"": 0, ""mention_count"": 2, ""editorial_segment_count"": 1, ""reported_segment_count"": 1, ""evidence"": []}, {""target_id"": ""person_050"", ""target_type"": ""person"", ""target_name"": ""محمد أودمين"", ""label"": ""neutral"", ""label_ar"": ""محايد أو إخباري"", ""confidence"": ""low"", ""positive_score"": 0, ""negative_score"": 0, ""mention_count"": 1, ""editorial_segment_count"": 1, ""reported_segment_count"": 0, ""evidence"": []}]",evt_8030d80f767a,2026-07-25T15:52:43.761623+00:00
a691e50c710f40c4,agadirinfo,أكادير أنفو,انعقاد المجلس الوطني لحزب الأصالة والمعاصرة.. والإعلان عن التحاق فوزي لقجع بالمكتب السياسي للحزب - أكادير انفو - Agadir info,https://agadirinfo.ma/133546.html,اكادير انفو,2026-07-24,2026-07-25T21:12:46.325492+00:00,2026-07-25T21:12:46.325492+00:00,ar,البولتيك بالمغربانعقاد المجلس الوطني لحزب الأصالة والمعاصرة.. والإعلان عن التحاق فوزي لقجع بالمكتب السياسي للحزب يعقد حزب الأصالة والمعاصرة، اليوم السبت بسلا، أشغال الدورة الثانية,421,"{""region"": ""سوس ماسة"", ""primary_provinces"": [""أكادير إداوتنان""], ""primary_places"": [""أكادير""], ""secondary_provinces"": [], ""secondary_places"": []}","{""primary"": [{""id"": ""PAM"", ""name"": ""حزب الأصالة والمعاصرة""}], ""secondary"": []}","{""primary"": [{""id"": ""person_031"", ""name"": ""فوزي لقجع"", ""tier"": ""priority""}, {""id"": ""person_023"", ""name"": ""فاطمة الزهراء المنصوري"", ""tier"": ""priority""}], ""secondary"": []}","{""primary"": [{""id"": ""elections"", ""name"": ""الانتخابات والاقتراع"", ""hits"": [""انتخابات"", ""انتخابية"", ""الاستحقاقات الانتخابية"", ""الاستحقاقات"", ""استحقاقات""]}], ""secondary"": [{""id"": ""candidacy_nomination"", ""name"": ""الترشح والتزكية"", ""hits"": [""دائرة انتخابية""]}]}","{""level"": ""strong"", ""geographic_score"": 4, ""political_score"": 6, ""decision_reason"": ""صلة جغرافية وسياسية قوية"", ""geographic_reasons"": [""إقليم رئيسي داخل سوس ماسة"", ""مدينة أو مكان رئيسي داخل سوس ماسة""], ""political_reasons"": [""أحزاب رئيسية: حزب الأصالة والمعاصرة"", ""شخصيات رئيسية: فوزي لقجع, فاطمة الزهراء المنصوري"", ""مواضيع سياسية: الانتخابات والاقتراع""], ""accepted"": true}","[{""target_id"": ""PAM"", ""target_type"": ""party"", ""target_name"": ""حزب الأصالة والمعاصرة"", ""label"": ""neutral"", ""label_ar"": ""محايد أو إخباري"", ""confidence"": ""medium"", ""positive_score"": 0, ""negative_score"": 0, ""mention_count"": 3, ""editorial_segment_count"": 3, ""reported_segment_count"": 0, ""evidence"": []}, {""target_id"": ""person_031"", ""target_type"": ""person"", ""target_name"": ""فوزي لقجع"", ""label"": ""neutral"", ""label_ar"": ""محايد أو إخباري"", ""confidence"": ""medium"", ""positive_score"": 0, ""negative_score"": 0, ""mention_count"": 3, ""editorial_segment_count"": 3, ""reported_segment_count"": 0, ""evidence"": []}, {""target_id"": ""person_023"", ""target_type"": ""person"", ""target_name"": ""فاطمة الزهراء المنصوري"", ""label"": ""neutral"", ""label_ar"": ""محايد أو إخباري"", ""confidence"": ""low"", ""positive_score"": 0, ""negative_score"": 0, ""mention_count"": 1, ""editorial_segment_count"": 1, ""reported_segment_count"": 0, ""evidence"": []}]",evt_a691e50c710f,2026-07-25T21:12:46.325492+00:00
86f5e243e163190e,agadir24,أكادير24,من «التحالف الثلاثي» إلى «الاختلاف الثلاثي».. حرب المقعدين بتيزنيت تفتح المعركة بين السياسة والمال والكرة والمعارضة تترقب | agadir24.info,https://agadir24.info/%D9%85%D9%86-%D8%A7%D9%84%D8%AA%D8%AD%D8%A7%D9%84%D9%81-%D8%A7%D9%84%D8%AB%D9%84%D8%A7%D8%AB%D9%8A-%D8%A5%D9%84%D9%89-%D8%A7%D9%84%D8%A7%D8%AE%D8%AA%D9%84%D8%A7%D9%81-%D8%A7%D9%84.html,عبدالله بن عيسى,2026-07-24,2026-07-25T21:12:46.325492+00:00,2026-07-25T21:12:46.325492+00:00,ar,في الرباط، يجلس التجمع الوطني للأحرار وحزب الاستقلال وحزب الأصالة والمعاصرة إلى طاولة حكومية واحدة، ويتقاسمون الحقائب والقرارات والدفاع عن الحصيلة. لكن في تيزنيت، سرعان,1796,"{""region"": ""سوس ماسة"", ""primary_provinces"": [""إنزكان أيت ملول""], ""primary_places"": [""الدشيرة الجهادية""], ""secondary_provinces"": [], ""secondary_places"": []}","{""primary"": [{""id"": ""RNI"", ""name"": ""التجمع الوطني للأحرار""}, {""id"": ""PAM"", ""name"": ""حزب الأصالة والمعاصرة""}, {""id"": ""PI"", ""name"": ""حزب الاستقلال""}, {""id"": ""USFP"", ""name"": ""الاتحاد الاشتراكي للقوات الشعبية""}, {""id"": ""PJD"", ""name"": ""حزب العدالة والتنمية""}], ""secondary"": [{""id"": ""PPS"", ""name"": ""حزب التقدم والاشتراكية""}]}","{""primary"": [{""id"": ""person_001"", ""name"": ""عزيز أخنوش"", ""tier"": ""priority""}, {""id"": ""person_084"", ""name"": ""عبد الله غازي"", ""tier"": ""secondary""}], ""secondary"": []}","{""primary"": [{""id"": ""alliances_conflicts"", ""name"": ""التحالفات والخلافات السياسية"", ""hits"": [""معارضة"", ""صراع"", ""تحالف"", ""التحالفات"", ""أغلبية""]}, {""id"": ""elections"", ""name"": ""الانتخابات والاقتراع"", ""hits"": [""انتخابات"", ""انتخابية"", ""التصويت"", ""اللوائح الانتخابية"", ""استحقاقات""]}, {""id"": ""candidacy_nomination"", ""name"": ""الترشح والتزكية"", ""hits"": [""الترشح"", ""مرشح"", ""تزكية""]}], ""secondary"": [{""id"": ""government_politics"", ""name"": ""السياسات والحصيلة الحكومية"", ""hits"": [""رئيس الحكومة"", ""الأغلبية الحكومية""]}, {""id"": ""elected_councils"", ""name"": ""المجالس المنتخبة والتدبير المحلي"", ""hits"": [""المجلس الإقليمي""]}, {""id"": ""results_polls"", ""name"": ""النتائج والاستطلاعات الانتخابية"", ""hits"": [""المقاعد""]}]}","{""level"": ""strong"", ""geographic_score"": 4, ""political_score"": 7, ""decision_reason"": ""صلة جغرافية وسياسية قوية"", ""geographic_reasons"": [""إقليم رئيسي داخل سوس ماسة"", ""مدينة أو مكان رئيسي داخل سوس ماسة""], ""political_reasons"": [""أحزاب رئيسية: التجمع الوطني للأحرار, حزب الأصالة والمعاصرة, حزب الاستقلال, الاتحاد الاشتراكي للقوات الشعبية"", ""شخصيات رئيسية: عزيز أخنوش, عبد الله غازي"", ""مواضيع سياسية: التحالفات والخلافات السياسية, الانتخابات والاقتراع, الترشح والتزكية""], ""accepted"": true}","[{""target_id"": ""RNI"", ""target_type"": ""party"", ""target_name"": ""التجمع الوطني للأحرار"", ""label"": ""neutral"", ""label_ar"": ""محايد أو إخباري"", ""confidence"": ""medium"", ""positive_score"": 0, ""negative_score"": 0, ""mention_count"": 6, ""editorial_segment_count"": 4, ""reported_segment_count"": 2, ""evidence"": []}, {""target_id"": ""PAM"", ""target_type"": ""party"", ""target_name"": ""حزب الأصالة والمعاصرة"", ""label"": ""neutral"", ""label_ar"": ""محايد أو إخباري"", ""confidence"": ""medium"", ""positive_score"": 0, ""negative_score"": 0, ""mention_count"": 7, ""editorial_segment_count"": 4, ""reported_segment_count"": 3, ""evidence"": []}, {""target_id"": ""PI"", ""target_type"": ""party"", ""target_name"": ""حزب الاستقلال"", ""label"": ""neutral"", ""label_ar"": ""محايد أو إخباري"", ""confidence"": ""medium"", ""positive_score"": 0, ""negative_score"": 0, ""mention_count"": 3, ""editorial_segment_count"": 2, ""reported_segment_count"": 1, ""evidence"": []}, {""target_id"": ""USFP"", ""target_type"": ""party"", ""target_name"": ""الاتحاد الاشتراكي للقوات الشعبية"", ""label"": ""neutral"", ""label_ar"": ""محايد أو إخباري"", ""confidence"": ""medium"", ""positive_score"": 0, ""negative_score"": 0, ""mention_count"": 4, ""editorial_segment_count"": 3, ""reported_segment_count"": 1, ""evidence"": []}, {""target_id"": ""PJD"", ""target_type"": ""party"", ""target_name"": ""حزب العدالة والتنمية"", ""label"": ""neutral"", ""label_ar"": ""محايد أو إخباري"", ""confidence"": ""medium"", ""positive_score"": 0, ""negative_score"": 0, ""mention_count"": 3, ""editorial_segment_count"": 3, ""reported_segment_count"": 0, ""evidence"": []}, {""target_id"": ""PPS"", ""target_type"": ""party"", ""target_name"": ""حزب التقدم والاشتراكية"", ""label"": ""neutral"", ""label_ar"": ""محايد أو إخباري"", ""confidence"": ""medium"", ""positive_score"": 0, ""negative_score"": 0, ""mention_count"": 4, ""editorial_segment_count"": 3, ""reported_segment_count"": 1, ""evidence"": []}, {""target_id"": ""person_001"", ""target_type"": ""person"", ""target_name"": ""عزيز أخنوش"", ""label"": ""neutral"", ""label_ar"": ""محايد أو إخباري"", ""confidence"": ""medium"", ""positive_score"": 0, ""negative_score"": 0, ""mention_count"": 3, ""editorial_segment_count"": 2, ""reported_segment_count"": 1, ""evidence"": []}, {""target_id"": ""person_084"", ""target_type"": ""person"", ""target_name"": ""عبد الله غازي"", ""label"": ""neutral"", ""label_ar"": ""محايد أو إخباري"", ""confidence"": ""medium"", ""positive_score"": 0, ""negative_score"": 0, ""mention_count"": 3, ""editorial_segment_count"": 2, ""reported_segment_count"": 1, ""evidence"": []}]",evt_86f5e243e163,2026-07-25T21:12:46.325492+00:00
e551f553274fa47c,le360,Le360,بـ6 وزراء و7 نساء و42 رجل أعمال.. «البام» يكشف أوراق ترشيحاته لتشريعيات 23 شتنبر,https://ar.le360.ma/politique/WL2QJHZQXBDZRHWUYOCBLTJDXM,هيئة التحرير,2026-07-24,2026-07-25T21:12:46.325492+00:00,2026-07-25T21:12:46.325492+00:00,ar,وكشف رئيس قطب التنظيم، سمير كودار، خلال أشغال الدورة الـ32 من المجلس الوطني لحزب الأصالة والمعاصرة، اليوم السبت، أنه بجهة طنجة- تطوان- الحسيمة، تم تزكية,415,"{""region"": ""سوس ماسة"", ""primary_provinces"": [""أكادير إداوتنان"", ""إنزكان أيت ملول""], ""primary_places"": [""أكادير"", ""أيت ملول""], ""secondary_provinces"": [""تارودانت"", ""تزنيت"", ""طاطا"", ""اشتوكة أيت باها""], ""secondary_places"": [""إنزكان"", ""تارودانت"", ""تزنيت"", ""طاطا"", ""ماسة""]}","{""primary"": [{""id"": ""PAM"", ""name"": ""حزب الأصالة والمعاصرة""}], ""secondary"": []}","{""primary"": [], ""secondary"": [{""id"": ""person_014"", ""name"": ""حميد وهبي"", ""tier"": ""priority""}, {""id"": ""person_002"", ""name"": ""عبد اللطيف وهبي"", ""tier"": ""priority""}, {""id"": ""person_050"", ""name"": ""محمد أودمين"", ""tier"": ""secondary""}]}","{""primary"": [{""id"": ""elections"", ""name"": ""الانتخابات والاقتراع"", ""hits"": [""تشريعيات""]}, {""id"": ""candidacy_nomination"", ""name"": ""الترشح والتزكية"", ""hits"": [""تزكية""]}], ""secondary"": []}","{""level"": ""strong"", ""geographic_score"": 4, ""political_score"": 6, ""decision_reason"": ""صلة جغرافية وسياسية قوية"", ""geographic_reasons"": [""إقليم رئيسي داخل سوس ماسة"", ""مدينة أو مكان رئيسي داخل سوس ماسة""], ""political_reasons"": [""أحزاب رئيسية: حزب الأصالة والمعاصرة"", ""مواضيع سياسية: الانتخابات والاقتراع, الترشح والتزكية""], ""accepted"": true}","[{""target_id"": ""PAM"", ""target_type"": ""party"", ""target_name"": ""حزب الأصالة والمعاصرة"", ""label"": ""neutral"", ""label_ar"": ""محايد أو إخباري"", ""confidence"": ""medium"", ""positive_score"": 0, ""negative_score"": 0, ""mention_count"": 3, ""editorial_segment_count"": 3, ""reported_segment_count"": 0, ""evidence"": []}, {""target_id"": ""person_014"", ""target_type"": ""person"", ""target_name"": ""حميد وهبي"", ""label"": ""neutral"", ""label_ar"": ""محايد أو إخباري"", ""confidence"": ""low"", ""positive_score"": 0, ""negative_score"": 0, ""mention_count"": 1, ""editorial_segment_count"": 1, ""reported_segment_count"": 0, ""evidence"": []}, {""target_id"": ""person_002"", ""target_type"": ""person"", ""target_name"": ""عبد اللطيف وهبي"", ""label"": ""neutral"", ""label_ar"": ""محايد أو إخباري"", ""confidence"": ""low"", ""positive_score"": 0, ""negative_score"": 0, ""mention_count"": 1, ""editorial_segment_count"": 1, ""reported_segment_count"": 0, ""evidence"": []}, {""target_id"": ""person_050"", ""target_type"": ""person"", ""target_name"": ""محمد أودمين"", ""label"": ""neutral"", ""label_ar"": ""محايد أو إخباري"", ""confidence"": ""low"", ""positive_score"": 0, ""negative_score"": 0, ""mention_count"": 1, ""editorial_segment_count"": 1, ""reported_segment_count"": 0, ""evidence"": []}]",evt_e551f553274f,2026-07-25T21:12:46.325492+00:00
1f942bc15883b983,agadirinfo,أكادير أنفو,إجراء قرعة توزيع تدخلات الأحزاب السياسية في وسائل الإعلام العمومية خلال الحملة الانتخابية - أكادير انفو - Agadir info,https://agadirinfo.ma/133508.html,اكادير انفو,2026-07-22,2026-07-23T21:47:35.856453+00:00,2026-07-23T21:47:35.856453+00:00,ar,البولتيك بالمغربإجراء قرعة توزيع تدخلات الأحزاب السياسية في وسائل الإعلام العمومية خلال الحملة الانتخابية تم اليوم الخميس بمقر قطاع التواصل – وزارة الشباب والثقافة والتواصل،,340,"{""region"": ""سوس ماسة"", ""primary_provinces"": [""أكادير إداوتنان""], ""primary_places"": [""أكادير""], ""secondary_provinces"": [], ""secondary_places"": []}","{""primary"": [], ""secondary"": []}","{""primary"": [], ""secondary"": []}","{""primary"": [{""id"": ""electoral_campaign"", ""name"": ""الحملة الانتخابية"", ""hits"": [""الحملة الانتخابية""]}], ""secondary"": [{""id"": ""elections"", ""name"": ""الانتخابات والاقتراع"", ""hits"": [""انتخابات""]}, {""id"": ""political_statements"", ""name"": ""التصريحات والمواقف السياسية"", ""hits"": [""بلاغ""]}]}","{""level"": ""medium"", ""geographic_score"": 4, ""political_score"": 2, ""decision_reason"": ""صلة جغرافية وسياسية مقبولة"", ""geographic_reasons"": [""إقليم رئيسي داخل سوس ماسة"", ""مدينة أو مكان رئيسي داخل سوس ماسة""], ""political_reasons"": [""مواضيع سياسية: الحملة الانتخابية""], ""accepted"": true}",[],evt_1f942bc15883,2026-07-23T21:47:35.856453+00:00
147297b7a4b440cb,le360,Le360,Législatives 2026: l’Istiqlal dévoile une première liste de 70 candidats dans 10 régions,https://fr.le360.ma/politique/legislatives-2026-listiqlal-devoile-une-premiere-liste-de-70-candidats-dans-10-regions_5FBR3RVX3VCPDJTLXGMJBRNEFE,Mohamed Chakir Alaoui,2026-07-22,2026-07-23T21:47:35.856453+00:00,2026-07-23T21:47:35.856453+00:00,fr,"En vue des élections législatives, le Parti de l’Istiqlal vient de publier une première liste de 70 candidats, dont celle de Nizar Baraka, son secrétaire",360,"{""region"": ""سوس ماسة"", ""primary_provinces"": [""تارودانت""], ""primary_places"": [""تارودانت""], ""secondary_provinces"": [], ""secondary_places"": []}","{""primary"": [{""id"": ""PI"", ""name"": ""حزب الاستقلال""}], ""secondary"": []}","{""primary"": [{""id"": ""person_004"", ""name"": ""عبد الصمد قيوح"", ""tier"": ""priority""}, {""id"": ""person_019"", ""name"": ""نزار بركة"", ""tier"": ""priority""}], ""secondary"": []}","{""primary"": [{""id"": ""candidacy_nomination"", ""name"": ""الترشح والتزكية"", ""hits"": [""candidats"", ""tête de liste"", ""candidat"", ""candidature"", ""candidatures""]}, {""id"": ""elections"", ""name"": ""الانتخابات والاقتراع"", ""hits"": [""législatives"", ""élections"", ""électorale"", ""scrutin""]}, {""id"": ""government_politics"", ""name"": ""السياسات والحصيلة الحكومية"", ""hits"": [""ministre""]}], ""secondary"": [{""id"": ""political_statements"", ""name"": ""التصريحات والمواقف السياسية"", ""hits"": [""communiqué""]}]}","{""level"": ""strong"", ""geographic_score"": 4, ""political_score"": 7, ""decision_reason"": ""صلة جغرافية وسياسية قوية"", ""geographic_reasons"": [""إقليم رئيسي داخل سوس ماسة"", ""مدينة أو مكان رئيسي داخل سوس ماسة""], ""political_reasons"": [""أحزاب رئيسية: حزب الاستقلال"", ""شخصيات رئيسية: عبد الصمد قيوح, نزار بركة"", ""مواضيع سياسية: الترشح والتزكية, الانتخابات والاقتراع, السياسات والحصيلة الحكومية""], ""accepted"": true}","[{""target_id"": ""PI"", ""target_type"": ""party"", ""target_name"": ""حزب الاستقلال"", ""label"": ""neutral"", ""label_ar"": ""محايد أو إخباري"", ""confidence"": ""medium"", ""positive_score"": 0, ""negative_score"": 0, ""mention_count"": 4, ""editorial_segment_count"": 3, ""reported_segment_count"": 1, ""evidence"": []}, {""target_id"": ""person_004"", ""target_type"": ""person"", ""target_name"": ""عبد الصمد قيوح"", ""label"": ""neutral"", ""label_ar"": ""محايد أو إخباري"", ""confidence"": ""medium"", ""positive_score"": 0, ""negative_score"": 0, ""mention_count"": 2, ""editorial_segment_count"": 1, ""reported_segment_count"": 1, ""evidence"": []}, {""target_id"": ""person_019"", ""target_type"": ""person"", ""target_name"": ""نزار بركة"", ""label"": ""neutral"", ""label_ar"": ""محايد أو إخباري"", ""confidence"": ""medium"", ""positive_score"": 0, ""negative_score"": 0, ""mention_count"": 2, ""editorial_segment_count"": 1, ""reported_segment_count"": 1, ""evidence"": []}]",evt_147297b7a4b4,2026-07-23T21:47:35.856453+00:00
4e6bab1b6b6bf964,agadir24,أكادير24,النائبة نعيمة الفتحاوي تعرض حصيلتها البرلمانية | agadir24.info,https://agadir24.info/%D8%A7%D9%84%D9%86%D8%A7%D8%A6%D8%A8%D8%A9-%D9%86%D8%B9%D9%8A%D9%85%D8%A9-%D8%A7%D9%84%D9%81%D8%AA%D8%AD%D8%A7%D9%88%D9%8A-%D8%AA%D8%B9%D8%B1%D8%B6-%D8%AD%D8%B5%D9%8A%D9%84%D8%AA.html,أكادير,2026-07-22,2026-07-24T17:59:04.346603+00:00,2026-07-24T17:59:04.346603+00:00,ar,تنظم الكتابة الإقليمية لحزب العدالة والتنمية، يوم السبت 25 يوليوز 2026، لقاءً تواصليا مع عموم المواطنين لتقديم الحصيلة البرلمانية للنائبة نعيمة الفتحاوي. وسينعقد اللقاء بغرفة,163,"{""region"": ""سوس ماسة"", ""primary_provinces"": [""أكادير إداوتنان""], ""primary_places"": [""أكادير""], ""secondary_provinces"": [], ""secondary_places"": []}","{""primary"": [{""id"": ""PJD"", ""name"": ""حزب العدالة والتنمية""}], ""secondary"": []}","{""primary"": [], ""secondary"": []}","{""primary"": [], ""secondary"": []}","{""level"": ""medium"", ""geographic_score"": 4, ""political_score"": 2, ""decision_reason"": ""صلة جغرافية وسياسية مقبولة"", ""geographic_reasons"": [""إقليم رئيسي داخل سوس ماسة"", ""مدينة أو مكان رئيسي داخل سوس ماسة""], ""political_reasons"": [""أحزاب رئيسية: حزب العدالة والتنمية""], ""accepted"": true}","[{""target_id"": ""PJD"", ""target_type"": ""party"", ""target_name"": ""حزب العدالة والتنمية"", ""label"": ""neutral"", ""label_ar"": ""محايد أو إخباري"", ""confidence"": ""low"", ""positive_score"": 0, ""negative_score"": 0, ""mention_count"": 1, ""editorial_segment_count"": 1, ""reported_segment_count"": 0, ""evidence"": []}]",evt_4e6bab1b6b6b,2026-07-24T17:59:04.346603+00:00
0b1c7d994976eaba,agadir24,أكادير24,"عضو اللجنة المركزية لحزب الاستقلال بأكادير خديجة الفلاكي السباعي تعلن استقالتها ""النهائية"" من الحزب | agadir24.info",https://agadir24.info/%D8%B9%D8%B6%D9%88-%D8%A7%D9%84%D9%84%D8%AC%D9%86%D8%A9-%D8%A7%D9%84%D9%85%D8%B1%D9%83%D8%B2%D9%8A%D8%A9-%D9%84%D8%AD%D8%B2%D8%A8-%D8%A7%D9%84%D8%A7%D8%B3%D8%AA%D9%82%D9%84%D8%A7%D9%84-%D8%A8%D8%A3.html,أكادير,2026-07-21,2026-07-22T09:38:25.760304+00:00,2026-07-22T09:38:25.760304+00:00,ar,بعد أيام من تقديم استقالتها من مجلس جهة سوس ماسة ، أعلنت خديجة الفلاكي السباعي، عضو اللجنة المركزية لحزب الاستقلال و عضو المكتب التنفيذي لمنظمة,212,"{""region"": ""سوس ماسة"", ""primary_provinces"": [""أكادير إداوتنان"", ""اشتوكة أيت باها""], ""primary_places"": [""أكادير""], ""secondary_provinces"": [], ""secondary_places"": [""ماسة""]}","{""primary"": [{""id"": ""PI"", ""name"": ""حزب الاستقلال""}], ""secondary"": []}","{""primary"": [{""id"": ""person_046"", ""name"": ""خديجة الفلاكي"", ""tier"": ""secondary""}], ""secondary"": []}","{""primary"": [{""id"": ""resignation_defection"", ""name"": ""الاستقالة وتغيير الانتماء"", ""hits"": [""استقالتها"", ""مغادرة الحزب""]}], ""secondary"": []}","{""level"": ""strong"", ""geographic_score"": 4, ""political_score"": 5, ""decision_reason"": ""صلة جغرافية وسياسية قوية"", ""geographic_reasons"": [""إقليم رئيسي داخل سوس ماسة"", ""مدينة أو مكان رئيسي داخل سوس ماسة""], ""political_reasons"": [""أحزاب رئيسية: حزب الاستقلال"", ""شخصيات رئيسية: خديجة الفلاكي"", ""مواضيع سياسية: الاستقالة وتغيير الانتماء""], ""accepted"": true}","[{""target_id"": ""PI"", ""target_type"": ""party"", ""target_name"": ""حزب الاستقلال"", ""label"": ""neutral"", ""label_ar"": ""محايد أو إخباري"", ""confidence"": ""medium"", ""positive_score"": 0, ""negative_score"": 0, ""mention_count"": 5, ""editorial_segment_count"": 3, ""reported_segment_count"": 2, ""evidence"": []}, {""target_id"": ""person_046"", ""target_type"": ""person"", ""target_name"": ""خديجة الفلاكي"", ""label"": ""neutral"", ""label_ar"": ""محايد أو إخباري"", ""confidence"": ""medium"", ""positive_score"": 0, ""negative_score"": 0, ""mention_count"": 3, ""editorial_segment_count"": 3, ""reported_segment_count"": 0, ""evidence"": []}]",evt_0b1c7d994976,2026-07-22T09:38:25.760304+00:00
6415325c4a92405b,alyaoum24,اليوم24,حزب الوردة يتهم رئيس جماعة تزنيت بتنظيم حملة انتخابية سابقة لأوانها – اليوم 24,https://alyaoum24.com/2034357.html,سعيد أبدرار,2026-07-21,2026-07-22T09:38:25.760304+00:00,2026-07-22T09:38:25.760304+00:00,ar,اتهم المكتب المحلي لحزب الاتحاد الاشتراكي للقوات الشعبية، رئيس جماعة تزنيت، بتسخير إمكانيات الجماعة لتنظيم حملة انتخابية سابقة لأوانها، عقب جدل تنظيم الرئيس للقاء صحفي,302,"{""region"": ""سوس ماسة"", ""primary_provinces"": [""تزنيت""], ""primary_places"": [""تزنيت""], ""secondary_provinces"": [], ""secondary_places"": []}","{""primary"": [{""id"": ""USFP"", ""name"": ""الاتحاد الاشتراكي للقوات الشعبية""}, {""id"": ""RNI"", ""name"": ""التجمع الوطني للأحرار""}], ""secondary"": []}","{""primary"": [], ""secondary"": [{""id"": ""person_084"", ""name"": ""عبد الله غازي"", ""tier"": ""secondary""}]}","{""primary"": [{""id"": ""elected_councils"", ""name"": ""المجالس المنتخبة والتدبير المحلي"", ""hits"": [""المجلس الجماعي"", ""رئيس المجلس""]}, {""id"": ""elections"", ""name"": ""الانتخابات والاقتراع"", ""hits"": [""انتخابية""]}, {""id"": ""electoral_campaign"", ""name"": ""الحملة الانتخابية"", ""hits"": [""حملة انتخابية""]}], ""secondary"": [{""id"": ""political_statements"", ""name"": ""التصريحات والمواقف السياسية"", ""hits"": [""اتهم""]}]}","{""level"": ""strong"", ""geographic_score"": 4, ""political_score"": 6, ""decision_reason"": ""صلة جغرافية وسياسية قوية"", ""geographic_reasons"": [""إقليم رئيسي داخل سوس ماسة"", ""مدينة أو مكان رئيسي داخل سوس ماسة""], ""political_reasons"": [""أحزاب رئيسية: الاتحاد الاشتراكي للقوات الشعبية, التجمع الوطني للأحرار"", ""مواضيع سياسية: المجالس المنتخبة والتدبير المحلي, الانتخابات والاقتراع, الحملة الانتخابية""], ""accepted"": true}","[{""target_id"": ""USFP"", ""target_type"": ""party"", ""target_name"": ""الاتحاد الاشتراكي للقوات الشعبية"", ""label"": ""neutral"", ""label_ar"": ""محايد أو إخباري"", ""confidence"": ""low"", ""positive_score"": 0, ""negative_score"": 0, ""mention_count"": 1, ""editorial_segment_count"": 0, ""reported_segment_count"": 1, ""evidence"": []}, {""target_id"": ""RNI"", ""target_type"": ""party"", ""target_name"": ""التجمع الوطني للأحرار"", ""label"": ""neutral"", ""label_ar"": ""محايد أو إخباري"", ""confidence"": ""low"", ""positive_score"": 0, ""negative_score"": 0, ""mention_count"": 1, ""editorial_segment_count"": 0, ""reported_segment_count"": 1, ""evidence"": []}, {""target_id"": ""person_084"", ""target_type"": ""person"", ""target_name"": ""عبد الله غازي"", ""label"": ""neutral"", ""label_ar"": ""محايد أو إخباري"", ""confidence"": ""low"", ""positive_score"": 0, ""negative_score"": 0, ""mention_count"": 1, ""editorial_segment_count"": 1, ""reported_segment_count"": 0, ""evidence"": []}]",evt_6415325c4a92,2026-07-22T09:38:25.760304+00:00
7a97a41ff53f6747,chtoukapress,اشتوكة بريس,رئيس مجلس جماعة سيدي بيبي يعلن عن تاريخ إنعقاد موسم الولي الصالح “سيدي بيبي”,https://www.chtoukapress.com/305437.html,Amikkk,2026-07-21,2026-07-22T17:02:30.623957+00:00,2026-07-22T17:02:30.623957+00:00,ar,توصل موقع اشتوكة بريس، بمراسلة من مجلس جماعة سيدي بيبي، بإقليم اشتوكة آيت باها، يعلن من خلالها عن تاريخ إنعقاد موسم الولي الصالح “سيدي بيبي”.,210,"{""region"": ""سوس ماسة"", ""primary_provinces"": [""اشتوكة أيت باها""], ""primary_places"": [""سيدي بيبي""], ""secondary_provinces"": [], ""secondary_places"": [""أيت باها"", ""أيت عميرة""]}","{""primary"": [], ""secondary"": []}","{""primary"": [], ""secondary"": []}","{""primary"": [{""id"": ""elected_councils"", ""name"": ""المجالس المنتخبة والتدبير المحلي"", ""hits"": [""المجلس الجماعي"", ""رئيس المجلس""]}], ""secondary"": []}","{""level"": ""medium"", ""geographic_score"": 4, ""political_score"": 2, ""decision_reason"": ""صلة جغرافية وسياسية مقبولة"", ""geographic_reasons"": [""إقليم رئيسي داخل سوس ماسة"", ""مدينة أو مكان رئيسي داخل سوس ماسة""], ""political_reasons"": [""مواضيع سياسية: المجالس المنتخبة والتدبير المحلي""], ""accepted"": true}",[],evt_7a97a41ff53f,2026-07-22T17:02:30.623957+00:00
c50569eb9a009444,agadirinfo,أكادير أنفو,مجلس الحكومة يصادق على مشروع قانون يتعلق بالمنظومة المعلوماتية الصحية الوطنية المندمجة - أكادير انفو - Agadir info,https://agadirinfo.ma/133467.html,اكادير انفو,2026-07-21,2026-07-22T21:49:39.193019+00:00,2026-07-22T21:49:39.193019+00:00,ar,خبار بلاديمجلس الحكومة يصادق على مشروع قانون يتعلق بالمنظومة المعلوماتية الصحية الوطنية المندمجة صادق مجلس الحكومة، اليوم الأربعاء، على مشروع القانون رقم 52.26 يتعلق بالمنظومة,87,"{""region"": ""سوس ماسة"", ""primary_provinces"": [""أكادير إداوتنان""], ""primary_places"": [""أكادير""], ""secondary_provinces"": [], ""secondary_places"": []}","{""primary"": [], ""secondary"": []}","{""primary"": [], ""secondary"": []}","{""primary"": [{""id"": ""government_politics"", ""name"": ""السياسات والحصيلة الحكومية"", ""hits"": [""مشروع قانون""]}], ""secondary"": [{""id"": ""political_statements"", ""name"": ""التصريحات والمواقف السياسية"", ""hits"": [""بلاغ""]}]}","{""level"": ""medium"", ""geographic_score"": 4, ""political_score"": 2, ""decision_reason"": ""صلة جغرافية وسياسية مقبولة"", ""geographic_reasons"": [""إقليم رئيسي داخل سوس ماسة"", ""مدينة أو مكان رئيسي داخل سوس ماسة""], ""political_reasons"": [""مواضيع سياسية: السياسات والحصيلة الحكومية""], ""accepted"": true}",[],evt_c50569eb9a00,2026-07-22T21:49:39.193019+00:00
52c542406991e872,al3omk,العمق المغربي,المحامون يعلنون مواصلة الإضراب عن العمل والترافع ضد مشروع قانون المهنة,https://al3omk.com/1175363.html,إسماعيل التزارني,2026-07-19,2026-07-20T17:11:50.381693+00:00,2026-07-20T17:11:50.381693+00:00,ar,أعلن مكتب جمعية هيئات المحامين بالمغرب، في بيان، استمرار التوقف الشامل عن تقديم جميع الخدمات، والاستمرار في تعليق العمل بنظام المساعدة القضائية، ومواصلة الترافع ضد,187,"{""region"": ""سوس ماسة"", ""primary_provinces"": [""اشتوكة أيت باها""], ""primary_places"": [""ماسة""], ""secondary_provinces"": [], ""secondary_places"": []}","{""primary"": [], ""secondary"": [{""id"": ""PI"", ""name"": ""حزب الاستقلال""}]}","{""primary"": [], ""secondary"": []}","{""primary"": [{""id"": ""government_politics"", ""name"": ""السياسات والحصيلة الحكومية"", ""hits"": [""مشروع قانون""]}], ""secondary"": [{""id"": ""political_statements"", ""name"": ""التصريحات والمواقف السياسية"", ""hits"": [""بيان""]}]}","{""level"": ""medium"", ""geographic_score"": 4, ""political_score"": 2, ""decision_reason"": ""صلة جغرافية وسياسية مقبولة"", ""geographic_reasons"": [""إقليم رئيسي داخل سوس ماسة"", ""مدينة أو مكان رئيسي داخل سوس ماسة""], ""political_reasons"": [""مواضيع سياسية: السياسات والحصيلة الحكومية""], ""accepted"": true}","[{""target_id"": ""PI"", ""target_type"": ""party"", ""target_name"": ""حزب الاستقلال"", ""label"": ""neutral"", ""label_ar"": ""محايد أو إخباري"", ""confidence"": ""low"", ""positive_score"": 0, ""negative_score"": 0, ""mention_count"": 1, ""editorial_segment_count"": 0, ""reported_segment_count"": 1, ""evidence"": []}]",evt_52c542406991,2026-07-20T17:11:50.381693+00:00
de2b1cef14fa4e3f,le360,Le360,Parlement: une vague de démissions secoue les deux Chambres,https://fr.le360.ma/politique/parlement-une-vague-de-demissions-secoue-les-deux-chambres_OBXYXTX43JG3DCK45IG2HFVQDQ,La Rédaction,2026-07-19,2026-07-21T21:47:18.921419+00:00,2026-07-21T21:47:18.921419+00:00,fr,"Un membre de la Chambre des conseillers et trois députés viennent de déposer leur démission du Parlement. Selon le quotidien Assabah, qui rapporte cette information",395,"{""region"": ""سوس ماسة"", ""primary_provinces"": [""تزنيت""], ""primary_places"": [""تزنيت""], ""secondary_provinces"": [], ""secondary_places"": []}","{""primary"": [{""id"": ""USFP"", ""name"": ""الاتحاد الاشتراكي للقوات الشعبية""}, {""id"": ""RNI"", ""name"": ""التجمع الوطني للأحرار""}, {""id"": ""PAM"", ""name"": ""حزب الأصالة والمعاصرة""}], ""secondary"": [{""id"": ""PI"", ""name"": ""حزب الاستقلال""}]}","{""primary"": [{""id"": ""person_020"", ""name"": ""إدريس لشكر"", ""tier"": ""priority""}], ""secondary"": [{""id"": ""person_019"", ""name"": ""نزار بركة"", ""tier"": ""priority""}]}","{""primary"": [{""id"": ""resignation_defection"", ""name"": ""الاستقالة وتغيير الانتماء"", ""hits"": [""démission"", ""démissionnaire""]}], ""secondary"": [{""id"": ""elections"", ""name"": ""الانتخابات والاقتراع"", ""hits"": [""élections"", ""législatives""]}, {""id"": ""candidacy_nomination"", ""name"": ""الترشح والتزكية"", ""hits"": [""candidat"", ""nomination""]}, {""id"": ""party_activity"", ""name"": ""الأنشطة والتنظيمات الحزبية"", ""hits"": [""bureau politique""]}, {""id"": ""government_politics"", ""name"": ""السياسات والحصيلة الحكومية"", ""hits"": [""ministre""]}]}","{""level"": ""strong"", ""geographic_score"": 4, ""political_score"": 5, ""decision_reason"": ""صلة جغرافية وسياسية قوية"", ""geographic_reasons"": [""إقليم رئيسي داخل سوس ماسة"", ""مدينة أو مكان رئيسي داخل سوس ماسة""], ""political_reasons"": [""أحزاب رئيسية: الاتحاد الاشتراكي للقوات الشعبية, التجمع الوطني للأحرار, حزب الأصالة والمعاصرة"", ""شخصيات رئيسية: إدريس لشكر"", ""مواضيع سياسية: الاستقالة وتغيير الانتماء""], ""accepted"": true}","[{""target_id"": ""USFP"", ""target_type"": ""party"", ""target_name"": ""الاتحاد الاشتراكي للقوات الشعبية"", ""label"": ""neutral"", ""label_ar"": ""محايد أو إخباري"", ""confidence"": ""medium"", ""positive_score"": 0, ""negative_score"": 0, ""mention_count"": 2, ""editorial_segment_count"": 2, ""reported_segment_count"": 0, ""evidence"": []}, {""target_id"": ""RNI"", ""target_type"": ""party"", ""target_name"": ""التجمع الوطني للأحرار"", ""label"": ""neutral"", ""label_ar"": ""محايد أو إخباري"", ""confidence"": ""medium"", ""positive_score"": 0, ""negative_score"": 0, ""mention_count"": 3, ""editorial_segment_count"": 2, ""reported_segment_count"": 1, ""evidence"": []}, {""target_id"": ""PAM"", ""target_type"": ""party"", ""target_name"": ""حزب الأصالة والمعاصرة"", ""label"": ""neutral"", ""label_ar"": ""محايد أو إخباري"", ""confidence"": ""medium"", ""positive_score"": 0, ""negative_score"": 0, ""mention_count"": 2, ""editorial_segment_count"": 1, ""reported_segment_count"": 1, ""evidence"": []}, {""target_id"": ""PI"", ""target_type"": ""party"", ""target_name"": ""حزب الاستقلال"", ""label"": ""neutral"", ""label_ar"": ""محايد أو إخباري"", ""confidence"": ""medium"", ""positive_score"": 0, ""negative_score"": 0, ""mention_count"": 3, ""editorial_segment_count"": 2, ""reported_segment_count"": 1, ""evidence"": []}, {""target_id"": ""person_020"", ""target_type"": ""person"", ""target_name"": ""إدريس لشكر"", ""label"": ""neutral"", ""label_ar"": ""محايد أو إخباري"", ""confidence"": ""low"", ""positive_score"": 0, ""negative_score"": 0, ""mention_count"": 1, ""editorial_segment_count"": 1, ""reported_segment_count"": 0, ""evidence"": []}, {""target_id"": ""person_019"", ""target_type"": ""person"", ""target_name"": ""نزار بركة"", ""label"": ""neutral"", ""label_ar"": ""محايد أو إخباري"", ""confidence"": ""low"", ""positive_score"": 0, ""negative_score"": 0, ""mention_count"": 1, ""editorial_segment_count"": 1, ""reported_segment_count"": 0, ""evidence"": []}]",evt_de2b1cef14fa,2026-07-21T21:47:18.921419+00:00
f6af11a3e2d06c6e,al3omk,العمق المغربي,مطالب برلمانية لتعويض متضرري حريق واحة انضفيان بإقليم طاطا,https://al3omk.com/1175195.html,جمال زروال,2026-07-18,2026-07-19T21:10:57.778539+00:00,2026-07-19T21:10:57.778539+00:00,ar,وجّه النائب البرلماني عن فريق الأصالة والمعاصرة، حسان التابي، سؤالا كتابيا إلى وزير الفلاحة والصيد البحري والتنمية القروية والمياه والغابات، أحمد البواري، حول الحريق الذي,442,"{""region"": ""سوس ماسة"", ""primary_provinces"": [""طاطا""], ""primary_places"": [""طاطا""], ""secondary_provinces"": [], ""secondary_places"": []}","{""primary"": [{""id"": ""PAM"", ""name"": ""حزب الأصالة والمعاصرة""}], ""secondary"": []}","{""primary"": [], ""secondary"": []}","{""primary"": [], ""secondary"": []}","{""level"": ""medium"", ""geographic_score"": 4, ""political_score"": 2, ""decision_reason"": ""صلة جغرافية وسياسية مقبولة"", ""geographic_reasons"": [""إقليم رئيسي داخل سوس ماسة"", ""مدينة أو مكان رئيسي داخل سوس ماسة""], ""political_reasons"": [""أحزاب رئيسية: حزب الأصالة والمعاصرة""], ""accepted"": true}","[{""target_id"": ""PAM"", ""target_type"": ""party"", ""target_name"": ""حزب الأصالة والمعاصرة"", ""label"": ""neutral"", ""label_ar"": ""محايد أو إخباري"", ""confidence"": ""medium"", ""positive_score"": 0, ""negative_score"": 0, ""mention_count"": 2, ""editorial_segment_count"": 1, ""reported_segment_count"": 1, ""evidence"": []}]",evt_f6af11a3e2d0,2026-07-19T21:10:57.778539+00:00
f9b50b82701eb3aa,machahid,مشاهد أنفو,انتخاب سناء فوزي كاتبة لفرع فدرالية اليسار بأكادير - مشاهد أنفو,https://machahid.info/306769.html,,,2026-07-15T19:06:19.945226+01:00,2026-07-16T21:49:03.433420+00:00,ar,انعقد، مساء اليوم السبت 2 مارس 2024 الجمع العام التأسيسي لحزب فدرالية اليسار الديمقراطي بأگادير. وأسفر الجمع العام عن انتخاب مكتب الفرع الإقليمي للحزب بأگادير,146,"{""region"": ""سوس ماسة"", ""primary_provinces"": [""أكادير إداوتنان""], ""primary_places"": [""أكادير""], ""secondary_provinces"": [], ""secondary_places"": []}","{""primary"": [{""id"": ""FGD"", ""name"": ""فيدرالية اليسار الديمقراطي""}], ""secondary"": []}","{""primary"": [{""id"": ""person_048"", ""name"": ""سناء فوزي"", ""tier"": ""secondary""}], ""secondary"": []}","{""primary"": [], ""secondary"": [{""id"": ""party_activity"", ""name"": ""الأنشطة والتنظيمات الحزبية"", ""hits"": [""الفرع الإقليمي""]}]}","{""level"": ""medium"", ""geographic_score"": 4, ""political_score"": 3, ""decision_reason"": ""صلة جغرافية وسياسية مقبولة"", ""geographic_reasons"": [""إقليم رئيسي داخل سوس ماسة"", ""مدينة أو مكان رئيسي داخل سوس ماسة""], ""political_reasons"": [""أحزاب رئيسية: فيدرالية اليسار الديمقراطي"", ""شخصيات رئيسية: سناء فوزي""], ""accepted"": true}","[{""target_id"": ""FGD"", ""target_type"": ""party"", ""target_name"": ""فيدرالية اليسار الديمقراطي"", ""label"": ""neutral"", ""label_ar"": ""محايد أو إخباري"", ""confidence"": ""low"", ""positive_score"": 0, ""negative_score"": 0, ""mention_count"": 1, ""editorial_segment_count"": 1, ""reported_segment_count"": 0, ""evidence"": []}, {""target_id"": ""person_048"", ""target_type"": ""person"", ""target_name"": ""سناء فوزي"", ""label"": ""neutral"", ""label_ar"": ""محايد أو إخباري"", ""confidence"": ""medium"", ""positive_score"": 0, ""negative_score"": 0, ""mention_count"": 1, ""editorial_segment_count"": 1, ""reported_segment_count"": 0, ""evidence"": []}]",evt_f9b50b82701e,2026-07-15T19:40:43.965972+00:00
b79991d7f7faa439,lesiteinfo,LeSiteInfo,"مرشح ""راسب"" في رئاسة الأحرار يقود أحلام الـ"" PPS"" في الانتخابات المقبلة بالرباط",https://ar.lesiteinfo.com/politique/%D9%85%D8%B1%D8%B4%D8%AD-%D8%B1%D8%A7%D8%B3%D8%A8-%D9%81%D9%8A-%D8%B1%D8%A6%D8%A7%D8%B3%D8%A9-%D8%A7%D9%84%D8%A3%D8%AD%D8%B1%D8%A7%D8%B1-%D9%8A%D9%82%D9%88%D8%AF-%D8%A3%D8%AD%D9%84%D8%A7%D9%85-1011376.html,محمد بحراني,2026-07-15,2026-07-17T07:36:41.894175+00:00,2026-07-17T07:36:41.894175+00:00,ar,دفع حزب التقدم والاشتراكية برشيد الساسي لمعركة دائرة المحيط بالرباط، أملا في انتزاع معقد برلماني لا يبدو سهلا قياسا بوزن المرشحين الذين يخوضون المعركة ذاتها,252,"{""region"": ""سوس ماسة"", ""primary_provinces"": [""أكادير إداوتنان""], ""primary_places"": [""أكادير""], ""secondary_provinces"": [], ""secondary_places"": []}","{""primary"": [{""id"": ""PPS"", ""name"": ""حزب التقدم والاشتراكية""}, {""id"": ""RNI"", ""name"": ""التجمع الوطني للأحرار""}], ""secondary"": [{""id"": ""USFP"", ""name"": ""الاتحاد الاشتراكي للقوات الشعبية""}]}","{""primary"": [{""id"": ""person_001"", ""name"": ""عزيز أخنوش"", ""tier"": ""priority""}], ""secondary"": []}","{""primary"": [{""id"": ""elections"", ""name"": ""الانتخابات والاقتراع"", ""hits"": [""استحقاقات"", ""انتخابات"", ""الاستحقاقات""]}, {""id"": ""candidacy_nomination"", ""name"": ""الترشح والتزكية"", ""hits"": [""مرشح""]}], ""secondary"": []}","{""level"": ""strong"", ""geographic_score"": 4, ""political_score"": 7, ""decision_reason"": ""صلة جغرافية وسياسية قوية"", ""geographic_reasons"": [""إقليم رئيسي داخل سوس ماسة"", ""مدينة أو مكان رئيسي داخل سوس ماسة""], ""political_reasons"": [""أحزاب رئيسية: حزب التقدم والاشتراكية, التجمع الوطني للأحرار"", ""شخصيات رئيسية: عزيز أخنوش"", ""مواضيع سياسية: الانتخابات والاقتراع, الترشح والتزكية""], ""accepted"": true}","[{""target_id"": ""PPS"", ""target_type"": ""party"", ""target_name"": ""حزب التقدم والاشتراكية"", ""label"": ""critical"", ""label_ar"": ""ناقد أو سلبي"", ""confidence"": ""medium"", ""positive_score"": 0, ""negative_score"": 2, ""mention_count"": 6, ""editorial_segment_count"": 4, ""reported_segment_count"": 2, ""evidence"": [""فشل""]}, {""target_id"": ""RNI"", ""target_type"": ""party"", ""target_name"": ""التجمع الوطني للأحرار"", ""label"": ""critical"", ""label_ar"": ""ناقد أو سلبي"", ""confidence"": ""medium"", ""positive_score"": 0, ""negative_score"": 2, ""mention_count"": 3, ""editorial_segment_count"": 2, ""reported_segment_count"": 1, ""evidence"": [""فشل""]}, {""target_id"": ""USFP"", ""target_type"": ""party"", ""target_name"": ""الاتحاد الاشتراكي للقوات الشعبية"", ""label"": ""neutral"", ""label_ar"": ""محايد أو إخباري"", ""confidence"": ""low"", ""positive_score"": 0, ""negative_score"": 0, ""mention_count"": 1, ""editorial_segment_count"": 0, ""reported_segment_count"": 1, ""evidence"": []}, {""target_id"": ""person_001"", ""target_type"": ""person"", ""target_name"": ""عزيز أخنوش"", ""label"": ""neutral"", ""label_ar"": ""محايد أو إخباري"", ""confidence"": ""low"", ""positive_score"": 0, ""negative_score"": 0, ""mention_count"": 1, ""editorial_segment_count"": 0, ""reported_segment_count"": 1, ""evidence"": []}]",evt_b79991d7f7fa,2026-07-17T07:36:41.894175+00:00
b8631894a903b067,agadirinfo,أكادير أنفو,أخنوش: الشراكة الاستثنائية الوطيدة التي أرادها جلالة الملك والرئيس الفرنسي قد دخلت مرحلة التنفيذ الكامل - أكادير انفو - Agadir info,https://agadirinfo.ma/133296.html,اكادير انفو,2026-07-15,2026-07-17T16:40:52.129217+00:00,2026-07-17T16:40:52.129217+00:00,ar,خبار بلاديأخنوش: الشراكة الاستثنائية الوطيدة التي أرادها جلالة الملك والرئيس الفرنسي قد دخلت مرحلة التنفيذ الكامل أكد رئيس الحكومة، عزيز أخنوش، اليوم الخميس بالرباط، أن,381,"{""region"": ""سوس ماسة"", ""primary_provinces"": [""أكادير إداوتنان""], ""primary_places"": [""أكادير""], ""secondary_provinces"": [], ""secondary_places"": []}","{""primary"": [], ""secondary"": []}","{""primary"": [{""id"": ""person_001"", ""name"": ""عزيز أخنوش"", ""tier"": ""priority""}], ""secondary"": []}","{""primary"": [{""id"": ""political_statements"", ""name"": ""التصريحات والمواقف السياسية"", ""hits"": [""أكد"", ""اعتبر""]}, {""id"": ""government_politics"", ""name"": ""السياسات والحصيلة الحكومية"", ""hits"": [""رئيس الحكومة""]}], ""secondary"": []}","{""level"": ""strong"", ""geographic_score"": 4, ""political_score"": 4, ""decision_reason"": ""صلة جغرافية وسياسية قوية"", ""geographic_reasons"": [""إقليم رئيسي داخل سوس ماسة"", ""مدينة أو مكان رئيسي داخل سوس ماسة""], ""political_reasons"": [""شخصيات رئيسية: عزيز أخنوش"", ""مواضيع سياسية: التصريحات والمواقف السياسية, السياسات والحصيلة الحكومية""], ""accepted"": true}","[{""target_id"": ""person_001"", ""target_type"": ""person"", ""target_name"": ""عزيز أخنوش"", ""label"": ""neutral"", ""label_ar"": ""محايد أو إخباري"", ""confidence"": ""medium"", ""positive_score"": 0, ""negative_score"": 0, ""mention_count"": 5, ""editorial_segment_count"": 1, ""reported_segment_count"": 4, ""evidence"": []}]",evt_b8631894a903,2026-07-17T16:40:52.129217+00:00
d172859631ec925b,agadir24,أكادير24,"حسن أيت داود يعلن استقالته ويلتحق بـ ""الكتاب"" مرشحاً لتشريعيات تارودانت الشمالية",https://agadir24.info/%d8%ad%d8%b3%d9%86-%d8%a3%d9%8a%d8%aa-%d8%af%d8%a7%d9%88%d8%af-%d9%8a%d8%b9%d9%84%d9%86-%d8%a7%d8%b3%d8%aa%d9%82%d8%a7%d9%84%d8%aa%d9%87-%d9%88%d9%8a%d9%84%d8%aa%d8%ad%d9%82-%d8%a8%d9%80-%d8%a7.html,أكادير,2026-07-13,2026-07-15T18:54:30.124058+01:00,2026-07-16T21:49:03.433420+00:00,ar,وجه الفاعل السياسي والجمعوي حسن أيت داود، النائب الأول لرئيس المجلس الجماعي لإغرم سابقاً، بياناً هاماً وموجهاً بصفة مباشرة إلى ساكنة جماعة إغرم وعموم المواطنات…,281,"{""region"": ""سوس ماسة"", ""primary_provinces"": [""تارودانت""], ""primary_places"": [""إغرم""], ""secondary_provinces"": [], ""secondary_places"": []}","{""primary"": [{""id"": ""RNI"", ""name"": ""التجمع الوطني للأحرار""}, {""id"": ""PPS"", ""name"": ""حزب التقدم والاشتراكية""}], ""secondary"": []}","{""primary"": [{""name"": ""حسن أيت داود"", ""tier"": ""secondary"", ""province"": ""تارودانت""}], ""secondary"": []}","{""primary"": [{""id"": ""resignation_defection"", ""name"": ""الاستقالة وتغيير الانتماء""}, {""id"": ""elections"", ""name"": ""الانتخابات والاقتراع""}, {""id"": ""candidacy_nomination"", ""name"": ""الترشح والتزكية""}, {""id"": ""elected_councils"", ""name"": ""المجالس المنتخبة والتدبير المحلي""}], ""secondary"": [{""id"": ""electoral_campaign"", ""name"": ""الحملة الانتخابية""}, {""id"": ""political_statements"", ""name"": ""التصريحات والمواقف السياسية""}]}","{""level"": ""strong"", ""geographic_score"": 4, ""political_score"": 7, ""decision_reason"": ""صلة جغرافية وسياسية قوية"", ""geographic_reasons"": [""إقليم أو مكان رئيسي داخل سوس ماسة"", ""شخصية جهوية أو محلية: حسن أيت داود""], ""political_reasons"": [""أحزاب رئيسية: التجمع الوطني للأحرار، حزب التقدم والاشتراكية"", ""موضوع سياسي رئيسي: الاستقالة وتغيير الانتماء، الانتخابات والاقتراع، الترشح والتزكية، المجالس المنتخبة والتدبير المحلي"", ""وجود شخصية سياسية معروفة""], ""accepted"": true}","[{""target_id"": ""RNI"", ""target_type"": ""party"", ""target_name"": ""التجمع الوطني للأحرار"", ""label"": ""neutral"", ""label_ar"": ""محايد أو إخباري"", ""confidence"": ""low"", ""positive_score"": 0, ""negative_score"": 0, ""mention_count"": 1, ""editorial_segment_count"": 1, ""reported_segment_count"": 0, ""evidence"": []}, {""target_id"": ""PPS"", ""target_type"": ""party"", ""target_name"": ""حزب التقدم والاشتراكية"", ""label"": ""neutral"", ""label_ar"": ""محايد أو إخباري"", ""confidence"": ""medium"", ""positive_score"": 0, ""negative_score"": 0, ""mention_count"": 3, ""editorial_segment_count"": 3, ""reported_segment_count"": 0, ""evidence"": []}, {""target_id"": ""person_080"", ""target_type"": ""person"", ""target_name"": ""حسن أيت داود"", ""label"": ""neutral"", ""label_ar"": ""محايد أو إخباري"", ""confidence"": ""medium"", ""positive_score"": 0, ""negative_score"": 0, ""mention_count"": 4, ""editorial_segment_count"": 4, ""reported_segment_count"": 0, ""evidence"": []}]",evt_05ca1379bfb2,2026-07-15T19:21:12.873514+01:00
bd6defa66ed79f3f,agadirinfo,أكادير أنفو,وزير الداخلية يعقد اجتماعين مع قادة الأحزاب السياسية حول الاستعدادات لانتخابات 23 شتنبر 2026 - أكادير انفو - Agadir info,https://agadirinfo.ma/133251.html,اكادير انفو,2026-07-13,2026-07-15T19:05:55.352099+00:00,2026-07-15T21:28:33.259955+00:00,ar,البولتيك بالمغربوزير الداخلية يعقد اجتماعين مع قادة الأحزاب السياسية حول الاستعدادات لانتخابات 23 شتنبر 2026 عقد وزير الداخلية، اليوم الثلاثاء اجتماعين في إطار الاستعداد للانتخابات,371,"{""region"": ""سوس ماسة"", ""primary_provinces"": [""أكادير إداوتنان""], ""primary_places"": [""أكادير""], ""secondary_provinces"": [], ""secondary_places"": []}","{""primary"": [], ""secondary"": []}","{""primary"": [], ""secondary"": []}","{""primary"": [{""id"": ""elections"", ""name"": ""الانتخابات والاقتراع"", ""hits"": [""انتخابات"", ""اللوائح الانتخابية""]}], ""secondary"": [{""id"": ""political_statements"", ""name"": ""التصريحات والمواقف السياسية"", ""hits"": [""بلاغ""]}]}","{""level"": ""medium"", ""geographic_score"": 4, ""political_score"": 3, ""decision_reason"": ""صلة جغرافية وسياسية مقبولة"", ""geographic_reasons"": [""إقليم رئيسي داخل سوس ماسة"", ""مدينة أو مكان رئيسي داخل سوس ماسة""], ""political_reasons"": [""مواضيع سياسية: الانتخابات والاقتراع""], ""accepted"": true}",[],evt_bd6defa66ed7,2026-07-15T19:40:43.965972+00:00
05ca1379bfb21a49,agadir24,أكادير24,"حسن أيت داود يعلن استقالته ويلتحق بـ ""الكتاب"" مرشحاً لتشريعيات تارودانت الشمالية | agadir24.info",https://agadir24.info/%D8%AD%D8%B3%D9%86-%D8%A3%D9%8A%D8%AA-%D8%AF%D8%A7%D9%88%D8%AF-%D9%8A%D8%B9%D9%84%D9%86-%D8%A7%D8%B3%D8%AA%D9%82%D8%A7%D9%84%D8%AA%D9%87-%D9%88%D9%8A%D9%84%D8%AA%D8%AD%D9%82-%D8%A8%D9%80-%D8%A7.html,أكادير,2026-07-12,2026-07-15T19:40:43.965972+00:00,2026-07-15T19:40:43.965972+00:00,ar,وجه الفاعل السياسي والجمعوي حسن أيت داود، النائب الأول لرئيس المجلس الجماعي لإغرم سابقاً، بياناً هاماً وموجهاً بصفة مباشرة إلى ساكنة جماعة إغرم وعموم المواطنات,281,"{""region"": ""سوس ماسة"", ""primary_provinces"": [""تارودانت""], ""primary_places"": [""تارودانت""], ""secondary_provinces"": [""أكادير إداوتنان""], ""secondary_places"": [""إغرم"", ""أكادير""]}","{""primary"": [{""id"": ""PPS"", ""name"": ""حزب التقدم والاشتراكية""}, {""id"": ""RNI"", ""name"": ""التجمع الوطني للأحرار""}], ""secondary"": []}","{""primary"": [{""id"": ""person_080"", ""name"": ""حسن أيت داود"", ""tier"": ""secondary""}], ""secondary"": []}","{""primary"": [{""id"": ""resignation_defection"", ""name"": ""الاستقالة وتغيير الانتماء"", ""hits"": [""استقالته"", ""يلتحق""]}, {""id"": ""elected_councils"", ""name"": ""المجالس المنتخبة والتدبير المحلي"", ""hits"": [""المجلس الجماعي"", ""رئيس المجلس""]}, {""id"": ""elections"", ""name"": ""الانتخابات والاقتراع"", ""hits"": [""تشريعيات"", ""انتخابات""]}, {""id"": ""candidacy_nomination"", ""name"": ""الترشح والتزكية"", ""hits"": [""مرشحا"", ""ترشحه""]}], ""secondary"": [{""id"": ""electoral_campaign"", ""name"": ""الحملة الانتخابية"", ""hits"": [""برنامج انتخابي""]}, {""id"": ""political_statements"", ""name"": ""التصريحات والمواقف السياسية"", ""hits"": [""أكد""]}]}","{""level"": ""strong"", ""geographic_score"": 4, ""political_score"": 7, ""decision_reason"": ""صلة جغرافية وسياسية قوية"", ""geographic_reasons"": [""إقليم رئيسي داخل سوس ماسة"", ""مدينة أو مكان رئيسي داخل سوس ماسة""], ""political_reasons"": [""أحزاب رئيسية: حزب التقدم والاشتراكية, التجمع الوطني للأحرار"", ""شخصيات رئيسية: حسن أيت داود"", ""مواضيع سياسية: الاستقالة وتغيير الانتماء, المجالس المنتخبة والتدبير المحلي, الانتخابات والاقتراع, الترشح والتزكية""], ""accepted"": true}","[{""target_id"": ""PPS"", ""target_type"": ""party"", ""target_name"": ""حزب التقدم والاشتراكية"", ""label"": ""neutral"", ""label_ar"": ""محايد أو إخباري"", ""confidence"": ""low"", ""positive_score"": 0, ""negative_score"": 0, ""mention_count"": 1, ""editorial_segment_count"": 0, ""reported_segment_count"": 1, ""evidence"": []}, {""target_id"": ""RNI"", ""target_type"": ""party"", ""target_name"": ""التجمع الوطني للأحرار"", ""label"": ""neutral"", ""label_ar"": ""محايد أو إخباري"", ""confidence"": ""low"", ""positive_score"": 0, ""negative_score"": 0, ""mention_count"": 1, ""editorial_segment_count"": 1, ""reported_segment_count"": 0, ""evidence"": []}, {""target_id"": ""person_080"", ""target_type"": ""person"", ""target_name"": ""حسن أيت داود"", ""label"": ""neutral"", ""label_ar"": ""محايد أو إخباري"", ""confidence"": ""medium"", ""positive_score"": 0, ""negative_score"": 0, ""mention_count"": 4, ""editorial_segment_count"": 4, ""reported_segment_count"": 0, ""evidence"": []}]",evt_05ca1379bfb2,2026-07-15T19:40:43.965972+00:00
009b96f2e6f98d45,agadirino,أكاديرينو,"حزب ""الأحرار"" بإنزكان يعزز هياكله الموازية بتأسيس تنسيقية إقليمية لأطر التعليم - agadirino.ma",https://agadirino.ma/2026/07/09/%D8%AD%D8%B2%D8%A8-%D8%A7%D9%84%D8%A3%D8%AD%D8%B1%D8%A7%D8%B1-%D8%A8%D8%A5%D9%86%D8%B2%D9%83%D8%A7%D9%86-%D9%8A%D8%B9%D8%B2%D8%B2-%D9%87%D9%8A%D8%A7%D9%83%D9%84%D9%87-%D8%A7%D9%84%D9%85%D9%88,Driss Driss,2026-07-08,2026-07-15T19:05:55.352099+00:00,2026-07-16T22:08:46.412508+00:00,ar,احتضن المقر الإقليمي لحزب التجمع الوطني للأحرار بإنزكان، أمس الأربعاء 8 يوليوز 2026، أشغال الجمع التأسيسي للتنسيقية الإقليمية لأطر التربية والتكوين التجمعيين، في محطة تنظيمية,228,"{""region"": ""سوس ماسة"", ""primary_provinces"": [""أكادير إداوتنان""], ""primary_places"": [""أكادير""], ""secondary_provinces"": [""إنزكان أيت ملول""], ""secondary_places"": [""إنزكان""]}","{""primary"": [{""id"": ""RNI"", ""name"": ""التجمع الوطني للأحرار""}], ""secondary"": []}","{""primary"": [], ""secondary"": []}","{""primary"": [], ""secondary"": [{""id"": ""political_statements"", ""name"": ""التصريحات والمواقف السياسية"", ""hits"": [""أكد""]}]}","{""level"": ""medium"", ""geographic_score"": 4, ""political_score"": 2, ""decision_reason"": ""صلة جغرافية وسياسية مقبولة"", ""geographic_reasons"": [""إقليم رئيسي داخل سوس ماسة"", ""مدينة أو مكان رئيسي داخل سوس ماسة""], ""political_reasons"": [""أحزاب رئيسية: التجمع الوطني للأحرار""], ""accepted"": true}","[{""target_id"": ""RNI"", ""target_type"": ""party"", ""target_name"": ""التجمع الوطني للأحرار"", ""label"": ""neutral"", ""label_ar"": ""محايد أو إخباري"", ""confidence"": ""medium"", ""positive_score"": 0, ""negative_score"": 0, ""mention_count"": 2, ""editorial_segment_count"": 2, ""reported_segment_count"": 0, ""evidence"": []}]",evt_009b96f2e6f9,2026-07-16T22:08:46.412508+00:00
bd8f1486aafbe47f,agadir24,أكادير24,حزب التقدم والاشتراكية بأكادير يفتح نقاشاً حول الحصيلة الحكومية ويؤكد جاهزيته للاستحقاقات المقبلة.,https://agadir24.info/%d8%ad%d8%b2%d8%a8-%d8%a7%d9%84%d8%aa%d9%82%d8%af%d9%85-%d9%88%d8%a7%d9%84%d8%a7%d8%b4%d8%aa%d8%b1%d8%a7%d9%83%d9%8a%d8%a9-%d8%a8%d8%a3%d9%83%d8%a7%d8%af%d9%8a%d8%b1.html,أكادير,2026-07-05,2026-07-15T18:54:30.124058+01:00,2026-07-16T21:49:03.433420+00:00,ar,احتضن مدرج الغرفة الفلاحية بمدينة أكادير مساء السبت 4 يوليوز 2026 لقاء تواصليا نظمه الفرع الإقليمي لحزب التقدم والاشتراكية بأكادير إداوتنان تحت شعار: “قراءة في…,286,"{""region"": ""سوس ماسة"", ""primary_provinces"": [""أكادير إداوتنان""], ""primary_places"": [""أكادير""], ""secondary_provinces"": [], ""secondary_places"": [""أورير"", ""الدراركة"", ""تغازوت""]}","{""primary"": [{""id"": ""PPS"", ""name"": ""حزب التقدم والاشتراكية""}], ""secondary"": []}","{""primary"": [{""name"": ""نبيل بنعبد الله"", ""tier"": ""priority"", ""province"": null}], ""secondary"": []}","{""primary"": [{""id"": ""elections"", ""name"": ""الانتخابات والاقتراع""}, {""id"": ""party_activity"", ""name"": ""الأنشطة والتنظيمات الحزبية""}, {""id"": ""government_politics"", ""name"": ""السياسات والحصيلة الحكومية""}], ""secondary"": [{""id"": ""legal_accountability"", ""name"": ""المتابعات والعزل والمحاسبة""}, {""id"": ""political_statements"", ""name"": ""التصريحات والمواقف السياسية""}]}","{""level"": ""strong"", ""geographic_score"": 4, ""political_score"": 7, ""decision_reason"": ""صلة جغرافية وسياسية قوية"", ""geographic_reasons"": [""إقليم أو مكان رئيسي داخل سوس ماسة""], ""political_reasons"": [""أحزاب رئيسية: حزب التقدم والاشتراكية"", ""موضوع سياسي رئيسي: الانتخابات والاقتراع، الأنشطة والتنظيمات الحزبية"", ""وجود شخصية سياسية معروفة""], ""accepted"": true}","[{""target_id"": ""PPS"", ""target_type"": ""party"", ""target_name"": ""حزب التقدم والاشتراكية"", ""label"": ""unclear"", ""label_ar"": ""غير واضح"", ""confidence"": ""low"", ""positive_score"": 1, ""negative_score"": 0, ""mention_count"": 3, ""editorial_segment_count"": 2, ""reported_segment_count"": 1, ""evidence"": [{""location"": ""body"", ""positive_terms"": [""ثقة""], ""negative_terms"": [], ""reported_statement"": false}]}, {""target_id"": ""person_021"", ""target_type"": ""person"", ""target_name"": ""نبيل بنعبد الله"", ""label"": ""unclear"", ""label_ar"": ""غير واضح"", ""confidence"": ""low"", ""positive_score"": 1, ""negative_score"": 0, ""mention_count"": 2, ""editorial_segment_count"": 1, ""reported_segment_count"": 1, ""evidence"": [{""location"": ""body"", ""positive_terms"": [""أشاد""], ""negative_terms"": [], ""reported_statement"": false}]}]",evt_77c381954195,2026-07-15T19:21:12.873514+01:00
9116803c20b93f15,agadir24,أكادير24,العدالة والتنمية بأكادير إداوتنان ينظم لقاء تواصليا مع المواطنين بحضور إدريس الأزمي,https://agadir24.info/%d8%a7%d9%84%d8%b9%d8%af%d8%a7%d9%84%d8%a9-%d9%88%d8%a7%d9%84%d8%aa%d9%86%d9%85%d9%8a%d8%a9-%d8%a8%d8%a3%d9%83%d8%a7%d8%af%d9%8a%d8%b1-%d8%a5%d8%af%d8%a7%d9%88%d8%aa%d9%86%d8%a7%d9%86-%d9%8a%d9%86.html,أكادير,2026-07-04,2026-07-15T19:06:19.945226+01:00,2026-07-16T21:49:03.433420+00:00,ar,تنظم الكتابة الإقليمية لحزب العدالة والتنمية بأكادير إداوتنان، يوم الأحد 5 يوليوز 2026، لقاء تواصليا مع عموم المواطنين، يؤطره الدكتور إدريس الأزمي الإدريسي، عضو الأمانة…,183,"{""region"": ""سوس ماسة"", ""primary_provinces"": [""أكادير إداوتنان""], ""primary_places"": [""أكادير""], ""secondary_provinces"": [], ""secondary_places"": []}","{""primary"": [{""id"": ""PJD"", ""name"": ""حزب العدالة والتنمية""}], ""secondary"": []}","{""primary"": [{""name"": ""إدريس الأزمي"", ""tier"": ""priority"", ""province"": null}], ""secondary"": []}","{""primary"": [], ""secondary"": []}","{""level"": ""strong"", ""geographic_score"": 4, ""political_score"": 4, ""decision_reason"": ""صلة جغرافية وسياسية قوية"", ""geographic_reasons"": [""إقليم أو مكان رئيسي داخل سوس ماسة""], ""political_reasons"": [""أحزاب رئيسية: حزب العدالة والتنمية"", ""وجود شخصية سياسية معروفة""], ""accepted"": true}","[{""target_id"": ""PJD"", ""target_type"": ""party"", ""target_name"": ""حزب العدالة والتنمية"", ""label"": ""favorable"", ""label_ar"": ""إيجابي أو داعم"", ""confidence"": ""medium"", ""positive_score"": 2, ""negative_score"": 0, ""mention_count"": 4, ""editorial_segment_count"": 4, ""reported_segment_count"": 0, ""evidence"": [{""location"": ""lead"", ""positive_terms"": [""دينامية""], ""negative_terms"": [], ""reported_statement"": false}]}, {""target_id"": ""person_029"", ""target_type"": ""person"", ""target_name"": ""إدريس الأزمي"", ""label"": ""neutral"", ""label_ar"": ""محايد أو إخباري"", ""confidence"": ""medium"", ""positive_score"": 0, ""negative_score"": 0, ""mention_count"": 3, ""editorial_segment_count"": 3, ""reported_segment_count"": 0, ""evidence"": []}]",evt_4df3b5399111,2026-07-15T19:21:12.873514+01:00
4e68e06b99817ecd,agadir24,أكادير24,كلية العلوم بأكادير تحتفي بصفوة طلبتها في النسخة الثالثة من حفل نهاية الموسم الجامعي 2025/2026. | agadir24.info,https://agadir24.info/%D9%83%D9%84%D9%8A%D8%A9-%D8%A7%D9%84%D8%B9%D9%84%D9%88%D9%85-%D8%A8%D8%A3%D9%83%D8%A7%D8%AF%D9%8A%D8%B1-%D8%AA%D8%AD%D8%AA%D9%81%D9%8A-%D8%A8%D8%B5%D9%81%D9%88%D8%A9-%D8%B7%D9%84%D8%A8%D8%AA%D9%87.html,عبدالله بن عيسى,2026-07-04,2026-07-15T19:05:55.352099+00:00,2026-07-16T22:08:46.412508+00:00,ar,في أجواء احتفالية مفعمة بالفخر والاعتزاز، احتضن مدرج كلية العلوم بأكادير فعاليات النسخة الثالثة من حفل نهاية الموسم الجامعي 2025/2026 المنظم تحت شعار: “الفخر الأكاديمي:,332,"{""region"": ""سوس ماسة"", ""primary_provinces"": [""أكادير إداوتنان""], ""primary_places"": [""أكادير""], ""secondary_provinces"": [], ""secondary_places"": []}","{""primary"": [], ""secondary"": []}","{""primary"": [], ""secondary"": []}","{""primary"": [{""id"": ""political_statements"", ""name"": ""التصريحات والمواقف السياسية"", ""hits"": [""أكد""]}], ""secondary"": []}","{""level"": ""medium"", ""geographic_score"": 4, ""political_score"": 2, ""decision_reason"": ""صلة جغرافية وسياسية مقبولة"", ""geographic_reasons"": [""إقليم رئيسي داخل سوس ماسة"", ""مدينة أو مكان رئيسي داخل سوس ماسة""], ""political_reasons"": [""مواضيع سياسية: التصريحات والمواقف السياسية""], ""accepted"": true}",[],evt_4e68e06b9981,2026-07-16T22:08:46.412508+00:00
77c381954195e083,agadir24,أكادير24,حزب التقدم والاشتراكية بأكادير يفتح نقاشاً حول الحصيلة الحكومية ويؤكد جاهزيته للاستحقاقات المقبلة. | agadir24.info,https://agadir24.info/%D8%AD%D8%B2%D8%A8-%D8%A7%D9%84%D8%AA%D9%82%D8%AF%D9%85-%D9%88%D8%A7%D9%84%D8%A7%D8%B4%D8%AA%D8%B1%D8%A7%D9%83%D9%8A%D8%A9-%D8%A8%D8%A3%D9%83%D8%A7%D8%AF%D9%8A%D8%B1.html,أكادير,2026-07-04,2026-07-15T19:40:43.965972+00:00,2026-07-15T19:40:43.965972+00:00,ar,احتضن مدرج الغرفة الفلاحية بمدينة أكادير مساء السبت 4 يوليوز 2026 لقاء تواصليا نظمه الفرع الإقليمي لحزب التقدم والاشتراكية بأكادير إداوتنان تحت شعار: “قراءة في,286,"{""region"": ""سوس ماسة"", ""primary_provinces"": [""أكادير إداوتنان""], ""primary_places"": [""أكادير""], ""secondary_provinces"": [""اشتوكة أيت باها""], ""secondary_places"": [""أورير"", ""الدراركة"", ""تغازوت"", ""ماسة""]}","{""primary"": [{""id"": ""PPS"", ""name"": ""حزب التقدم والاشتراكية""}], ""secondary"": []}","{""primary"": [{""id"": ""person_021"", ""name"": ""نبيل بنعبد الله"", ""tier"": ""priority""}], ""secondary"": []}","{""primary"": [{""id"": ""government_politics"", ""name"": ""السياسات والحصيلة الحكومية"", ""hits"": [""الحصيلة الحكومية""]}, {""id"": ""elections"", ""name"": ""الانتخابات والاقتراع"", ""hits"": [""استحقاقات""]}], ""secondary"": [{""id"": ""party_activity"", ""name"": ""الأنشطة والتنظيمات الحزبية"", ""hits"": [""الفرع الإقليمي""]}, {""id"": ""political_statements"", ""name"": ""التصريحات والمواقف السياسية"", ""hits"": [""أكد""]}, {""id"": ""legal_accountability"", ""name"": ""المتابعات والعزل والمحاسبة"", ""hits"": [""تضارب المصالح""]}]}","{""level"": ""strong"", ""geographic_score"": 4, ""political_score"": 7, ""decision_reason"": ""صلة جغرافية وسياسية قوية"", ""geographic_reasons"": [""إقليم رئيسي داخل سوس ماسة"", ""مدينة أو مكان رئيسي داخل سوس ماسة""], ""political_reasons"": [""أحزاب رئيسية: حزب التقدم والاشتراكية"", ""شخصيات رئيسية: نبيل بنعبد الله"", ""مواضيع سياسية: السياسات والحصيلة الحكومية, الانتخابات والاقتراع""], ""accepted"": true}","[{""target_id"": ""PPS"", ""target_type"": ""party"", ""target_name"": ""حزب التقدم والاشتراكية"", ""label"": ""unclear"", ""label_ar"": ""غير واضح"", ""confidence"": ""low"", ""positive_score"": 1, ""negative_score"": 0, ""mention_count"": 3, ""editorial_segment_count"": 2, ""reported_segment_count"": 1, ""evidence"": [""ثقة""]}, {""target_id"": ""person_021"", ""target_type"": ""person"", ""target_name"": ""نبيل بنعبد الله"", ""label"": ""unclear"", ""label_ar"": ""غير واضح"", ""confidence"": ""low"", ""positive_score"": 1, ""negative_score"": 0, ""mention_count"": 2, ""editorial_segment_count"": 1, ""reported_segment_count"": 1, ""evidence"": [""أشاد""]}]",evt_77c381954195,2026-07-15T19:40:43.965972+00:00
4df3b5399111b8d6,agadir24,أكادير24,العدالة والتنمية بأكادير إداوتنان ينظم لقاء تواصليا مع المواطنين بحضور إدريس الأزمي | agadir24.info,https://agadir24.info/%D8%A7%D9%84%D8%B9%D8%AF%D8%A7%D9%84%D8%A9-%D9%88%D8%A7%D9%84%D8%AA%D9%86%D9%85%D9%8A%D8%A9-%D8%A8%D8%A3%D9%83%D8%A7%D8%AF%D9%8A%D8%B1-%D8%A5%D8%AF%D8%A7%D9%88%D8%AA%D9%86%D8%A7%D9%86-%D9%8A%D9%86.html,أكادير,2026-07-03,2026-07-15T19:40:43.965972+00:00,2026-07-15T19:40:43.965972+00:00,ar,تنظم الكتابة الإقليمية لحزب العدالة والتنمية بأكادير إداوتنان، يوم الأحد 5 يوليوز 2026، لقاء تواصليا مع عموم المواطنين، يؤطره الدكتور إدريس الأزمي الإدريسي، عضو الأمانة,183,"{""region"": ""سوس ماسة"", ""primary_provinces"": [""أكادير إداوتنان""], ""primary_places"": [""أكادير""], ""secondary_provinces"": [""اشتوكة أيت باها""], ""secondary_places"": [""ماسة""]}","{""primary"": [{""id"": ""PJD"", ""name"": ""حزب العدالة والتنمية""}], ""secondary"": []}","{""primary"": [{""id"": ""person_029"", ""name"": ""إدريس الأزمي"", ""tier"": ""priority""}], ""secondary"": []}","{""primary"": [], ""secondary"": []}","{""level"": ""medium"", ""geographic_score"": 4, ""political_score"": 3, ""decision_reason"": ""صلة جغرافية وسياسية مقبولة"", ""geographic_reasons"": [""إقليم رئيسي داخل سوس ماسة"", ""مدينة أو مكان رئيسي داخل سوس ماسة""], ""political_reasons"": [""أحزاب رئيسية: حزب العدالة والتنمية"", ""شخصيات رئيسية: إدريس الأزمي""], ""accepted"": true}","[{""target_id"": ""PJD"", ""target_type"": ""party"", ""target_name"": ""حزب العدالة والتنمية"", ""label"": ""neutral"", ""label_ar"": ""محايد أو إخباري"", ""confidence"": ""medium"", ""positive_score"": 0, ""negative_score"": 0, ""mention_count"": 4, ""editorial_segment_count"": 4, ""reported_segment_count"": 0, ""evidence"": []}, {""target_id"": ""person_029"", ""target_type"": ""person"", ""target_name"": ""إدريس الأزمي"", ""label"": ""neutral"", ""label_ar"": ""محايد أو إخباري"", ""confidence"": ""medium"", ""positive_score"": 0, ""negative_score"": 0, ""mention_count"": 3, ""editorial_segment_count"": 3, ""reported_segment_count"": 0, ""evidence"": []}]",evt_4df3b5399111,2026-07-15T19:40:43.965972+00:00
4ac831b0797fcd6b,assahifa,الصحيفة,عدم ترشيح القجع في بركان أبرز مفاجآتها.. إعلان وكلاء لوائح البام في الانتخابات التشريعية المقبلة و6 أعضاء في الحكومة الحالية ضمن القائمة,https://www.assahifa.com/%D8%AA%D8%B1%D8%B4%D9%8A%D8%AD-%D8%A7%D9%84%D8%A5%D8%A8%D8%B1%D8%A7%D9%87%D9%8A%D9%85%D9%8A-%D9%81%D9%8A-%D8%A8%D8%B1%D9%83%D8%A7%D9%86-%D8%B9%D9%88%D8%B6-%D8%A7%D9%84%D9%82%D8%AC%D8%B9-%D8%A3%D8%A8,,2026-06-30,2026-07-25T15:52:43.761623+00:00,2026-07-25T15:52:43.761623+00:00,ar,"عدم ترشيح القجع في بركان أبرز مفاجآتها.. إعلان وكلاء لوائح ""البام"" في الانتخابات التشريعية المقبلة و6 أعضاء في الحكومة الحالية ضمن القائمة كشف حزب الأصالة",496,"{""region"": ""سوس ماسة"", ""primary_provinces"": [""تارودانت""], ""primary_places"": [""تارودانت""], ""secondary_provinces"": [], ""secondary_places"": []}","{""primary"": [{""id"": ""PAM"", ""name"": ""حزب الأصالة والمعاصرة""}, {""id"": ""PI"", ""name"": ""حزب الاستقلال""}], ""secondary"": []}","{""primary"": [{""id"": ""person_031"", ""name"": ""فوزي لقجع"", ""tier"": ""priority""}, {""id"": ""person_023"", ""name"": ""فاطمة الزهراء المنصوري"", ""tier"": ""priority""}], ""secondary"": [{""id"": ""person_002"", ""name"": ""عبد اللطيف وهبي"", ""tier"": ""priority""}]}","{""primary"": [{""id"": ""elections"", ""name"": ""الانتخابات والاقتراع"", ""hits"": [""انتخابية"", ""استحقاقات""]}], ""secondary"": [{""id"": ""candidacy_nomination"", ""name"": ""الترشح والتزكية"", ""hits"": [""ترشح"", ""مرشحا""]}, {""id"": ""elected_councils"", ""name"": ""المجالس المنتخبة والتدبير المحلي"", ""hits"": [""مجلس الجهة""]}]}","{""level"": ""strong"", ""geographic_score"": 4, ""political_score"": 6, ""decision_reason"": ""صلة جغرافية وسياسية قوية"", ""geographic_reasons"": [""إقليم رئيسي داخل سوس ماسة"", ""مدينة أو مكان رئيسي داخل سوس ماسة""], ""political_reasons"": [""أحزاب رئيسية: حزب الأصالة والمعاصرة, حزب الاستقلال"", ""شخصيات رئيسية: فوزي لقجع, فاطمة الزهراء المنصوري"", ""مواضيع سياسية: الانتخابات والاقتراع""], ""accepted"": true}","[{""target_id"": ""PAM"", ""target_type"": ""party"", ""target_name"": ""حزب الأصالة والمعاصرة"", ""label"": ""neutral"", ""label_ar"": ""محايد أو إخباري"", ""confidence"": ""medium"", ""positive_score"": 0, ""negative_score"": 0, ""mention_count"": 5, ""editorial_segment_count"": 4, ""reported_segment_count"": 1, ""evidence"": []}, {""target_id"": ""PI"", ""target_type"": ""party"", ""target_name"": ""حزب الاستقلال"", ""label"": ""neutral"", ""label_ar"": ""محايد أو إخباري"", ""confidence"": ""low"", ""positive_score"": 0, ""negative_score"": 0, ""mention_count"": 1, ""editorial_segment_count"": 0, ""reported_segment_count"": 1, ""evidence"": []}, {""target_id"": ""person_031"", ""target_type"": ""person"", ""target_name"": ""فوزي لقجع"", ""label"": ""unclear"", ""label_ar"": ""غير واضح"", ""confidence"": ""low"", ""positive_score"": 1, ""negative_score"": 0, ""mention_count"": 5, ""editorial_segment_count"": 4, ""reported_segment_count"": 1, ""evidence"": [""كفاءات""]}, {""target_id"": ""person_023"", ""target_type"": ""person"", ""target_name"": ""فاطمة الزهراء المنصوري"", ""label"": ""neutral"", ""label_ar"": ""محايد أو إخباري"", ""confidence"": ""low"", ""positive_score"": 0, ""negative_score"": 0, ""mention_count"": 1, ""editorial_segment_count"": 0, ""reported_segment_count"": 1, ""evidence"": []}, {""target_id"": ""person_002"", ""target_type"": ""person"", ""target_name"": ""عبد اللطيف وهبي"", ""label"": ""neutral"", ""label_ar"": ""محايد أو إخباري"", ""confidence"": ""low"", ""positive_score"": 0, ""negative_score"": 0, ""mention_count"": 1, ""editorial_segment_count"": 0, ""reported_segment_count"": 1, ""evidence"": []}]",evt_4ac831b0797f,2026-07-25T15:52:43.761623+00:00
a60c415b580eae58,agadir24,أكادير24,"أخنوش و السعدي من أكادير: ""الأحرار"" يراهن على حصيلته الحكومية وكفاءاته الشابة لقيادة المرحلة المقبلة",https://agadir24.info/%d8%a3%d8%ae%d9%86%d9%88%d8%b4-%d9%88-%d8%a7%d9%84%d8%b3%d8%b9%d8%af%d9%8a-%d9%85%d9%86-%d8%a3%d9%83%d8%a7%d8%af%d9%8a%d8%b1-%d8%a7%d9%84%d8%a3%d8%ad%d8%b1%d8%a7%d8%b1-%d9%8a%d8%b1%d8%a7%d9%87.html,أكادير,2026-06-27,2026-07-15T19:06:19.945226+01:00,2026-07-16T21:49:03.433420+00:00,ar,شهدت مدينة أكادير انطلاق الدورة السادسة للجامعة الصيفية للفيدرالية الوطنية للشبيبة التجمعية، تحت شعار “مسار المستقبل: التزام شبابي من أجل مغرب الانتقال الاجتماعي”. وشكل هذا…,329,"{""region"": ""سوس ماسة"", ""primary_provinces"": [""أكادير إداوتنان""], ""primary_places"": [""أكادير""], ""secondary_provinces"": [], ""secondary_places"": []}","{""primary"": [{""id"": ""RNI"", ""name"": ""التجمع الوطني للأحرار""}], ""secondary"": []}","{""primary"": [{""name"": ""عزيز أخنوش"", ""tier"": ""priority"", ""province"": ""أكادير إداوتنان""}], ""secondary"": [{""name"": ""لحسن السعدي"", ""tier"": ""priority"", ""province"": ""تارودانت""}]}","{""primary"": [], ""secondary"": [{""id"": ""elections"", ""name"": ""الانتخابات والاقتراع""}, {""id"": ""political_statements"", ""name"": ""التصريحات والمواقف السياسية""}, {""id"": ""government_politics"", ""name"": ""السياسات والحصيلة الحكومية""}]}","{""level"": ""strong"", ""geographic_score"": 4, ""political_score"": 5, ""decision_reason"": ""صلة جغرافية وسياسية قوية"", ""geographic_reasons"": [""إقليم أو مكان رئيسي داخل سوس ماسة""], ""political_reasons"": [""أحزاب رئيسية: التجمع الوطني للأحرار"", ""مضمون سياسي ثانوي"", ""وجود شخصية سياسية معروفة""], ""accepted"": true}","[{""target_id"": ""RNI"", ""target_type"": ""party"", ""target_name"": ""التجمع الوطني للأحرار"", ""label"": ""favorable"", ""label_ar"": ""إيجابي أو داعم"", ""confidence"": ""high"", ""positive_score"": 10, ""negative_score"": 0, ""mention_count"": 5, ""editorial_segment_count"": 3, ""reported_segment_count"": 2, ""evidence"": [{""location"": ""title"", ""positive_terms"": [""قيادة المرحلة"", ""كفاءاته الشابة""], ""negative_terms"": [], ""reported_statement"": false}, {""location"": ""lead"", ""positive_terms"": [""جاهزية""], ""negative_terms"": [], ""reported_statement"": false}, {""location"": ""lead"", ""positive_terms"": [""ثقة"", ""دينامية""], ""negative_terms"": [], ""reported_statement"": true}]}, {""target_id"": ""person_001"", ""target_type"": ""person"", ""target_name"": ""عزيز أخنوش"", ""label"": ""favorable"", ""label_ar"": ""إيجابي أو داعم"", ""confidence"": ""high"", ""positive_score"": 10, ""negative_score"": 0, ""mention_count"": 5, ""editorial_segment_count"": 3, ""reported_segment_count"": 2, ""evidence"": [{""location"": ""title"", ""positive_terms"": [""قيادة المرحلة"", ""كفاءاته الشابة""], ""negative_terms"": [], ""reported_statement"": false}, {""location"": ""lead"", ""positive_terms"": [""ثقة"", ""دينامية""], ""negative_terms"": [], ""reported_statement"": true}, {""location"": ""lead"", ""positive_terms"": [""إنجازات"", ""قيادة المرحلة""], ""negative_terms"": [], ""reported_statement"": true}]}, {""target_id"": ""person_006"", ""target_type"": ""person"", ""target_name"": ""لحسن السعدي"", ""label"": ""favorable"", ""label_ar"": ""إيجابي أو داعم"", ""confidence"": ""medium"", ""positive_score"": 2, ""negative_score"": 0, ""mention_count"": 1, ""editorial_segment_count"": 1, ""reported_segment_count"": 0, ""evidence"": [{""location"": ""body"", ""positive_terms"": [""أشاد"", ""مغرب المستقبل""], ""negative_terms"": [], ""reported_statement"": false}]}]",evt_11306da9d244,2026-07-15T19:21:12.873514+01:00
a3359146b8170640,tizpress,تيزبريس,"نبيل بنعبد الله يهاجم ""مركزية المونديال"" من تيزنيت: كعكة الاستثمارات للكبار وتيزنيت والجوار خارج الحسابات! ( فيديو ) - Tizpress",https://www.tizpress.com/190910/%D9%86%D8%A8%D9%8A%D9%84-%D8%A8%D9%86%D8%B9%D8%A8%D8%AF-%D8%A7%D9%84%D9%84%D9%87-%D9%8A%D9%87%D8%A7%D8%AC%D9%85-%D9%85%D8%B1%D9%83%D8%B2%D9%8A%D8%A9-%D8%A7%D9%84%D9%85%D9%88%D9%86%D8%AF%D9%8A%D8%A7,جريدة تيزبريس,2026-06-27,2026-07-15T19:05:55.352099+00:00,2026-07-15T19:40:43.965972+00:00,ar,أكد محمد نبيل بنعبد الله، الأمين العام لحزب التقدم والاشتراكية، أن تنظيم المغرب لنهائيات كأس العالم 2030 يعد مكسباً متميزاً يعزز الروح الوطنية ويحرك المشاعر,316,"{""region"": ""سوس ماسة"", ""primary_provinces"": [""تارودانت""], ""primary_places"": [""تارودانت""], ""secondary_provinces"": [""أكادير إداوتنان""], ""secondary_places"": [""أكادير""]}","{""primary"": [{""id"": ""PPS"", ""name"": ""حزب التقدم والاشتراكية""}], ""secondary"": []}","{""primary"": [{""id"": ""person_021"", ""name"": ""نبيل بنعبد الله"", ""tier"": ""priority""}], ""secondary"": []}","{""primary"": [], ""secondary"": [{""id"": ""political_statements"", ""name"": ""التصريحات والمواقف السياسية"", ""hits"": [""أكد""]}]}","{""level"": ""medium"", ""geographic_score"": 4, ""political_score"": 3, ""decision_reason"": ""صلة جغرافية وسياسية مقبولة"", ""geographic_reasons"": [""إقليم رئيسي داخل سوس ماسة"", ""مدينة أو مكان رئيسي داخل سوس ماسة""], ""political_reasons"": [""أحزاب رئيسية: حزب التقدم والاشتراكية"", ""شخصيات رئيسية: نبيل بنعبد الله""], ""accepted"": true}","[{""target_id"": ""PPS"", ""target_type"": ""party"", ""target_name"": ""حزب التقدم والاشتراكية"", ""label"": ""neutral"", ""label_ar"": ""محايد أو إخباري"", ""confidence"": ""low"", ""positive_score"": 0, ""negative_score"": 0, ""mention_count"": 1, ""editorial_segment_count"": 0, ""reported_segment_count"": 1, ""evidence"": []}, {""target_id"": ""person_021"", ""target_type"": ""person"", ""target_name"": ""نبيل بنعبد الله"", ""label"": ""neutral"", ""label_ar"": ""محايد أو إخباري"", ""confidence"": ""medium"", ""positive_score"": 0, ""negative_score"": 0, ""mention_count"": 2, ""editorial_segment_count"": 1, ""reported_segment_count"": 1, ""evidence"": []}]",evt_a3359146b817,2026-07-15T19:40:43.965972+00:00
1495b4f29ec5688b,agadir24,أكادير24,من أكادير.. 3500 شاب يرسمون مع رئيس الحكومة عزيز أخنوش ملامح مغرب الانتقال الاجتماعي,https://agadir24.info/%d9%85%d9%86-%d8%a3%d9%83%d8%a7%d8%af%d9%8a%d8%b1-3500-%d8%b4%d8%a7%d8%a8-%d9%8a%d8%b1%d8%b3%d9%85%d9%88%d9%86-%d9%85%d8%b9-%d8%b1%d8%a6%d9%8a%d8%b3-%d8%a7%d9%84%d8%ad%d9%83%d9%88%d9%85%d8%a9-%d8%b9.html,أكادير,2026-06-26,2026-07-15T19:06:19.945226+01:00,2026-07-16T21:49:03.433420+00:00,ar,من المرتقب أن تتحول مدينة أكادير، اليوم الجمعة 26 يونيو، إلى مركز نابض للنقاش الشبابي والسياسي على الصعيد الوطني، حيث تحتضن فعاليات الدورة السادسة لجامعة…,274,"{""region"": ""سوس ماسة"", ""primary_provinces"": [""أكادير إداوتنان""], ""primary_places"": [""أكادير""], ""secondary_provinces"": [], ""secondary_places"": []}","{""primary"": [{""id"": ""RNI"", ""name"": ""التجمع الوطني للأحرار""}], ""secondary"": []}","{""primary"": [{""name"": ""عزيز أخنوش"", ""tier"": ""priority"", ""province"": ""أكادير إداوتنان""}], ""secondary"": []}","{""primary"": [{""id"": ""government_politics"", ""name"": ""السياسات والحصيلة الحكومية""}], ""secondary"": []}","{""level"": ""strong"", ""geographic_score"": 4, ""political_score"": 6, ""decision_reason"": ""صلة جغرافية وسياسية قوية"", ""geographic_reasons"": [""إقليم أو مكان رئيسي داخل سوس ماسة""], ""political_reasons"": [""أحزاب رئيسية: التجمع الوطني للأحرار"", ""مضمون سياسي رئيسي"", ""وجود شخصية سياسية معروفة""], ""accepted"": true}","[{""target_id"": ""RNI"", ""target_type"": ""party"", ""target_name"": ""التجمع الوطني للأحرار"", ""label"": ""neutral"", ""label_ar"": ""محايد أو إخباري"", ""confidence"": ""low"", ""positive_score"": 0, ""negative_score"": 0, ""mention_count"": 2, ""editorial_segment_count"": 2, ""reported_segment_count"": 0, ""evidence"": []}, {""target_id"": ""person_001"", ""target_type"": ""person"", ""target_name"": ""عزيز أخنوش"", ""label"": ""favorable"", ""label_ar"": ""إيجابي أو داعم"", ""confidence"": ""medium"", ""positive_score"": 3, ""negative_score"": 0, ""mention_count"": 2, ""editorial_segment_count"": 2, ""reported_segment_count"": 0, ""evidence"": [{""location"": ""title"", ""positive_terms"": [""مغرب الانتقال الاجتماعي""], ""negative_terms"": [], ""reported_statement"": false}]}]",evt_afa11b6dcb5b,2026-07-15T19:21:12.873514+01:00
2b8b1e681afc9232,agadirino,أكاديرينو,“نشيد الأحرار” بصوت ابنة اكادير بشرى نايت القاضي يشعل أجواء الافتتاح - agadirino.ma,https://agadirino.ma/2026/06/27/%D9%86%D8%B4%D9%8A%D8%AF-%D8%A7%D9%84%D8%A3%D8%AD%D8%B1%D8%A7%D8%B1-%D8%A8%D8%B5%D9%88%D8%AA-%D8%A7%D8%A8%D9%86%D8%A9-%D8%A7%D9%83%D8%A7%D8%AF%D9%8A%D8%B1-%D8%A8%D8%B4%D8%B1%D9%89,Driss Driss,2026-06-26,2026-07-15T19:05:55.352099+00:00,2026-07-16T22:08:46.412508+00:00,ar,شهدت مدينة أكادير، خلال افتتاح جامعة الشباب، لحظة فنية مميزة بعدما قدمت الفنانة بشرى نايت القاضي أداءً مؤثرا لـ”نشيد الأحرار”، وسط تفاعل كبير من الحاضرين.,97,"{""region"": ""سوس ماسة"", ""primary_provinces"": [""أكادير إداوتنان""], ""primary_places"": [""أكادير""], ""secondary_provinces"": [], ""secondary_places"": []}","{""primary"": [{""id"": ""RNI"", ""name"": ""التجمع الوطني للأحرار""}], ""secondary"": []}","{""primary"": [], ""secondary"": []}","{""primary"": [], ""secondary"": [{""id"": ""political_statements"", ""name"": ""التصريحات والمواقف السياسية"", ""hits"": [""اعتبر""]}]}","{""level"": ""medium"", ""geographic_score"": 4, ""political_score"": 2, ""decision_reason"": ""صلة جغرافية وسياسية مقبولة"", ""geographic_reasons"": [""إقليم رئيسي داخل سوس ماسة"", ""مدينة أو مكان رئيسي داخل سوس ماسة""], ""political_reasons"": [""أحزاب رئيسية: التجمع الوطني للأحرار""], ""accepted"": true}","[{""target_id"": ""RNI"", ""target_type"": ""party"", ""target_name"": ""التجمع الوطني للأحرار"", ""label"": ""neutral"", ""label_ar"": ""محايد أو إخباري"", ""confidence"": ""medium"", ""positive_score"": 0, ""negative_score"": 0, ""mention_count"": 2, ""editorial_segment_count"": 1, ""reported_segment_count"": 1, ""evidence"": []}]",evt_2b8b1e681afc,2026-07-16T22:08:46.412508+00:00
67ddb13e72e918be,agadirino,أكاديرينو,"أخنوش يستعرض قوة ""الأحرار"" التنظيمية ويدعو الشبيبة لتعزيز الحضور الميداني - agadirino.ma",https://agadirino.ma/2026/06/27/%D8%A3%D8%AE%D9%86%D9%88%D8%B4-%D9%8A%D8%B3%D8%AA%D8%B9%D8%B1%D8%B6-%D9%82%D9%88%D8%A9-%D8%A7%D9%84%D8%A3%D8%AD%D8%B1%D8%A7%D8%B1-%D8%A7%D9%84%D8%AA%D9%86%D8%B8%D9%8A%D9%85%D9%8A%D8%A9-%D9%88,Driss Driss,2026-06-26,2026-07-15T19:05:55.352099+00:00,2026-07-16T22:08:46.412508+00:00,ar,أكد عزيز أخنوش أن الجامعة الصيفية للشبيبة التجمعية تحولت إلى مؤسسة تنظيمية وتكوينية رائدة، تضطلع بدور محوري في إعداد الكفاءات وتأهيل جيل جديد من القيادات,263,"{""region"": ""سوس ماسة"", ""primary_provinces"": [""أكادير إداوتنان""], ""primary_places"": [""أكادير""], ""secondary_provinces"": [], ""secondary_places"": []}","{""primary"": [{""id"": ""RNI"", ""name"": ""التجمع الوطني للأحرار""}], ""secondary"": []}","{""primary"": [{""id"": ""person_001"", ""name"": ""عزيز أخنوش"", ""tier"": ""priority""}], ""secondary"": []}","{""primary"": [{""id"": ""political_statements"", ""name"": ""التصريحات والمواقف السياسية"", ""hits"": [""أكد"", ""اعتبر""]}], ""secondary"": []}","{""level"": ""strong"", ""geographic_score"": 4, ""political_score"": 5, ""decision_reason"": ""صلة جغرافية وسياسية قوية"", ""geographic_reasons"": [""إقليم رئيسي داخل سوس ماسة"", ""مدينة أو مكان رئيسي داخل سوس ماسة""], ""political_reasons"": [""أحزاب رئيسية: التجمع الوطني للأحرار"", ""شخصيات رئيسية: عزيز أخنوش"", ""مواضيع سياسية: التصريحات والمواقف السياسية""], ""accepted"": true}","[{""target_id"": ""RNI"", ""target_type"": ""party"", ""target_name"": ""التجمع الوطني للأحرار"", ""label"": ""favorable"", ""label_ar"": ""إيجابي أو داعم"", ""confidence"": ""medium"", ""positive_score"": 3, ""negative_score"": 0, ""mention_count"": 3, ""editorial_segment_count"": 2, ""reported_segment_count"": 1, ""evidence"": [""تعزيز الحضور""]}, {""target_id"": ""person_001"", ""target_type"": ""person"", ""target_name"": ""عزيز أخنوش"", ""label"": ""favorable"", ""label_ar"": ""إيجابي أو داعم"", ""confidence"": ""medium"", ""positive_score"": 3, ""negative_score"": 0, ""mention_count"": 5, ""editorial_segment_count"": 2, ""reported_segment_count"": 3, ""evidence"": [""تعزيز الحضور""]}]",evt_67ddb13e72e9,2026-07-16T22:08:46.412508+00:00
d2262792a7d23af5,lesiteinfo,LeSiteInfo,Université d’été du RNI : Chaouki dresse le bilan de 10 ans d'investissement dans la jeunesse,https://www.lesiteinfo.com/politique/677117-universite-dete-du-rni-chaouki-dresse-le-bilan-de-10-ans-dinvestissement-dans-la-jeunesse.html,Rédaction N,2026-06-26,2026-07-15T19:13:13.942894+00:00,2026-07-16T21:49:03.433420+00:00,fr,"Lors de la 6e Université d’été du RNI à Agadir, Mohamed Chaouki, Président du RNI a réaffirmé les engagements du parti de la colombe dans",960,"{""region"": ""سوس ماسة"", ""primary_provinces"": [""أكادير إداوتنان""], ""primary_places"": [""أكادير""], ""secondary_provinces"": [], ""secondary_places"": []}","{""primary"": [{""id"": ""RNI"", ""name"": ""التجمع الوطني للأحرار""}], ""secondary"": []}","{""primary"": [], ""secondary"": []}","{""primary"": [{""id"": ""elections"", ""name"": ""الانتخابات والاقتراع"", ""hits"": [""électorales"", ""électoral"", ""législatives""]}, {""id"": ""candidacy_nomination"", ""name"": ""الترشح والتزكية"", ""hits"": [""candidature"", ""candidats""]}], ""secondary"": [{""id"": ""results_polls"", ""name"": ""النتائج والاستطلاعات الانتخابية"", ""hits"": [""résultats électoraux"", ""sièges""]}, {""id"": ""electoral_campaign"", ""name"": ""الحملة الانتخابية"", ""hits"": [""programme électoral""]}, {""id"": ""party_activity"", ""name"": ""الأنشطة والتنظيمات الحزبية"", ""hits"": [""jeunesse du parti""]}]}","{""level"": ""strong"", ""geographic_score"": 4, ""political_score"": 6, ""decision_reason"": ""صلة جغرافية وسياسية قوية"", ""geographic_reasons"": [""إقليم رئيسي داخل سوس ماسة"", ""مدينة أو مكان رئيسي داخل سوس ماسة""], ""political_reasons"": [""أحزاب رئيسية: التجمع الوطني للأحرار"", ""مواضيع سياسية: الانتخابات والاقتراع, الترشح والتزكية""], ""accepted"": true}","[{""target_id"": ""RNI"", ""target_type"": ""party"", ""target_name"": ""التجمع الوطني للأحرار"", ""label"": ""favorable"", ""label_ar"": ""إيجابي أو داعم"", ""confidence"": ""medium"", ""positive_score"": 3, ""negative_score"": 0, ""mention_count"": 8, ""editorial_segment_count"": 4, ""reported_segment_count"": 4, ""evidence"": [""investissement dans la jeunesse""]}]",evt_d2262792a7d2,2026-07-15T19:40:43.965972+00:00
11306da9d244adf2,agadir24,أكادير24,"أخنوش و السعدي من أكادير: ""الأحرار"" يراهن على حصيلته الحكومية وكفاءاته الشابة لقيادة المرحلة المقبلة | agadir24.info",https://agadir24.info/%D8%A3%D8%AE%D9%86%D9%88%D8%B4-%D9%88-%D8%A7%D9%84%D8%B3%D8%B9%D8%AF%D9%8A-%D9%85%D9%86-%D8%A3%D9%83%D8%A7%D8%AF%D9%8A%D8%B1-%D8%A7%D9%84%D8%A3%D8%AD%D8%B1%D8%A7%D8%B1-%D9%8A%D8%B1%D8%A7%D9%87.html,أكادير,2026-06-26,2026-07-15T19:40:43.965972+00:00,2026-07-15T19:40:43.965972+00:00,ar,شهدت مدينة أكادير انطلاق الدورة السادسة للجامعة الصيفية للفيدرالية الوطنية للشبيبة التجمعية، تحت شعار “مسار المستقبل: التزام شبابي من أجل مغرب الانتقال الاجتماعي”. وشكل هذا,329,"{""region"": ""سوس ماسة"", ""primary_provinces"": [""أكادير إداوتنان""], ""primary_places"": [""أكادير""], ""secondary_provinces"": [], ""secondary_places"": []}","{""primary"": [{""id"": ""RNI"", ""name"": ""التجمع الوطني للأحرار""}], ""secondary"": []}","{""primary"": [{""id"": ""person_001"", ""name"": ""عزيز أخنوش"", ""tier"": ""priority""}], ""secondary"": [{""id"": ""person_006"", ""name"": ""لحسن السعدي"", ""tier"": ""priority""}]}","{""primary"": [{""id"": ""political_statements"", ""name"": ""التصريحات والمواقف السياسية"", ""hits"": [""أكد"", ""اعتبر""]}, {""id"": ""government_politics"", ""name"": ""السياسات والحصيلة الحكومية"", ""hits"": [""رئيس الحكومة""]}], ""secondary"": [{""id"": ""elections"", ""name"": ""الانتخابات والاقتراع"", ""hits"": [""انتخابية"", ""الاستحقاقات""]}]}","{""level"": ""strong"", ""geographic_score"": 4, ""political_score"": 6, ""decision_reason"": ""صلة جغرافية وسياسية قوية"", ""geographic_reasons"": [""إقليم رئيسي داخل سوس ماسة"", ""مدينة أو مكان رئيسي داخل سوس ماسة""], ""political_reasons"": [""أحزاب رئيسية: التجمع الوطني للأحرار"", ""شخصيات رئيسية: عزيز أخنوش"", ""مواضيع سياسية: التصريحات والمواقف السياسية, السياسات والحصيلة الحكومية""], ""accepted"": true}","[{""target_id"": ""RNI"", ""target_type"": ""party"", ""target_name"": ""التجمع الوطني للأحرار"", ""label"": ""favorable"", ""label_ar"": ""إيجابي أو داعم"", ""confidence"": ""high"", ""positive_score"": 8, ""negative_score"": 0, ""mention_count"": 5, ""editorial_segment_count"": 2, ""reported_segment_count"": 3, ""evidence"": [""قيادة المرحلة"", ""كفاءاته الشابة"", ""جاهزية""]}, {""target_id"": ""person_001"", ""target_type"": ""person"", ""target_name"": ""عزيز أخنوش"", ""label"": ""favorable"", ""label_ar"": ""إيجابي أو داعم"", ""confidence"": ""high"", ""positive_score"": 8, ""negative_score"": 0, ""mention_count"": 5, ""editorial_segment_count"": 2, ""reported_segment_count"": 3, ""evidence"": [""قيادة المرحلة"", ""كفاءاته الشابة"", ""أشاد""]}, {""target_id"": ""person_006"", ""target_type"": ""person"", ""target_name"": ""لحسن السعدي"", ""label"": ""favorable"", ""label_ar"": ""إيجابي أو داعم"", ""confidence"": ""medium"", ""positive_score"": 2, ""negative_score"": 0, ""mention_count"": 1, ""editorial_segment_count"": 1, ""reported_segment_count"": 0, ""evidence"": [""أشاد"", ""مغرب المستقبل""]}]",evt_11306da9d244,2026-07-15T19:40:43.965972+00:00
cf00c922e07b1f8a,agadirino,أكاديرينو,"أكادير .. انطلاق الجامعة الصيفية لشبيبة ""الأحرار"" بحضور أخنوش وقيادات الحزب - agadirino.ma",https://agadirino.ma/2026/06/26/%D8%A3%D9%83%D8%A7%D8%AF%D9%8A%D8%B1-%D8%A7%D9%86%D8%B7%D9%84%D8%A7%D9%82-%D8%A7%D9%84%D8%AC%D8%A7%D9%85%D8%B9%D8%A9-%D8%A7%D9%84%D8%B5%D9%8A%D9%81%D9%8A%D8%A9-%D9%84%D8%B4%D8%A8%D9%8A%D8%A8%D8%A9,Driss Driss,2026-06-25,2026-07-15T19:05:55.352099+00:00,2026-07-16T22:08:46.412508+00:00,ar,انطلقت، مساء اليوم الجمعة بمدينة أكادير، أشغال الجامعة الصيفية لشبيبة حزب التجمع الوطني للأحرار، في تظاهرة شبابية كبرى تميزت بحضور مكثف لقيادات الحزب ومسؤوليه، إلى,171,"{""region"": ""سوس ماسة"", ""primary_provinces"": [""أكادير إداوتنان""], ""primary_places"": [""أكادير""], ""secondary_provinces"": [], ""secondary_places"": []}","{""primary"": [{""id"": ""RNI"", ""name"": ""التجمع الوطني للأحرار""}], ""secondary"": []}","{""primary"": [{""id"": ""person_001"", ""name"": ""عزيز أخنوش"", ""tier"": ""priority""}, {""id"": ""person_006"", ""name"": ""لحسن السعدي"", ""tier"": ""priority""}], ""secondary"": []}","{""primary"": [], ""secondary"": [{""id"": ""government_politics"", ""name"": ""السياسات والحصيلة الحكومية"", ""hits"": [""رئيس الحكومة""]}]}","{""level"": ""medium"", ""geographic_score"": 4, ""political_score"": 3, ""decision_reason"": ""صلة جغرافية وسياسية مقبولة"", ""geographic_reasons"": [""إقليم رئيسي داخل سوس ماسة"", ""مدينة أو مكان رئيسي داخل سوس ماسة""], ""political_reasons"": [""أحزاب رئيسية: التجمع الوطني للأحرار"", ""شخصيات رئيسية: عزيز أخنوش, لحسن السعدي""], ""accepted"": true}","[{""target_id"": ""RNI"", ""target_type"": ""party"", ""target_name"": ""التجمع الوطني للأحرار"", ""label"": ""favorable"", ""label_ar"": ""إيجابي أو داعم"", ""confidence"": ""medium"", ""positive_score"": 2, ""negative_score"": 0, ""mention_count"": 3, ""editorial_segment_count"": 3, ""reported_segment_count"": 0, ""evidence"": [""مشاركة واسعة""]}, {""target_id"": ""person_001"", ""target_type"": ""person"", ""target_name"": ""عزيز أخنوش"", ""label"": ""neutral"", ""label_ar"": ""محايد أو إخباري"", ""confidence"": ""medium"", ""positive_score"": 0, ""negative_score"": 0, ""mention_count"": 2, ""editorial_segment_count"": 1, ""reported_segment_count"": 1, ""evidence"": []}, {""target_id"": ""person_006"", ""target_type"": ""person"", ""target_name"": ""لحسن السعدي"", ""label"": ""neutral"", ""label_ar"": ""محايد أو إخباري"", ""confidence"": ""low"", ""positive_score"": 0, ""negative_score"": 0, ""mention_count"": 1, ""editorial_segment_count"": 0, ""reported_segment_count"": 1, ""evidence"": []}]",evt_cf00c922e07b,2026-07-16T22:08:46.412508+00:00
afa11b6dcb5b3cbd,agadir24,أكادير24,من أكادير.. 3500 شاب يرسمون مع رئيس الحكومة عزيز أخنوش ملامح مغرب الانتقال الاجتماعي | agadir24.info,https://agadir24.info/%D9%85%D9%86-%D8%A3%D9%83%D8%A7%D8%AF%D9%8A%D8%B1-3500-%D8%B4%D8%A7%D8%A8-%D9%8A%D8%B1%D8%B3%D9%85%D9%88%D9%86-%D9%85%D8%B9-%D8%B1%D8%A6%D9%8A%D8%B3-%D8%A7%D9%84%D8%AD%D9%83%D9%88%D9%85%D8%A9-%D8%B9.html,أكادير,2026-06-25,2026-07-15T19:40:43.965972+00:00,2026-07-15T19:40:43.965972+00:00,ar,من المرتقب أن تتحول مدينة أكادير، اليوم الجمعة 26 يونيو، إلى مركز نابض للنقاش الشبابي والسياسي على الصعيد الوطني، حيث تحتضن فعاليات الدورة السادسة لجامعة,274,"{""region"": ""سوس ماسة"", ""primary_provinces"": [""أكادير إداوتنان""], ""primary_places"": [""أكادير""], ""secondary_provinces"": [], ""secondary_places"": []}","{""primary"": [{""id"": ""RNI"", ""name"": ""التجمع الوطني للأحرار""}], ""secondary"": []}","{""primary"": [{""id"": ""person_001"", ""name"": ""عزيز أخنوش"", ""tier"": ""priority""}], ""secondary"": []}","{""primary"": [{""id"": ""government_politics"", ""name"": ""السياسات والحصيلة الحكومية"", ""hits"": [""رئيس الحكومة""]}], ""secondary"": []}","{""level"": ""strong"", ""geographic_score"": 4, ""political_score"": 5, ""decision_reason"": ""صلة جغرافية وسياسية قوية"", ""geographic_reasons"": [""إقليم رئيسي داخل سوس ماسة"", ""مدينة أو مكان رئيسي داخل سوس ماسة""], ""political_reasons"": [""أحزاب رئيسية: التجمع الوطني للأحرار"", ""شخصيات رئيسية: عزيز أخنوش"", ""مواضيع سياسية: السياسات والحصيلة الحكومية""], ""accepted"": true}","[{""target_id"": ""RNI"", ""target_type"": ""party"", ""target_name"": ""التجمع الوطني للأحرار"", ""label"": ""neutral"", ""label_ar"": ""محايد أو إخباري"", ""confidence"": ""medium"", ""positive_score"": 0, ""negative_score"": 0, ""mention_count"": 2, ""editorial_segment_count"": 2, ""reported_segment_count"": 0, ""evidence"": []}, {""target_id"": ""person_001"", ""target_type"": ""person"", ""target_name"": ""عزيز أخنوش"", ""label"": ""favorable"", ""label_ar"": ""إيجابي أو داعم"", ""confidence"": ""medium"", ""positive_score"": 3, ""negative_score"": 0, ""mention_count"": 2, ""editorial_segment_count"": 2, ""reported_segment_count"": 0, ""evidence"": [""مغرب الانتقال الاجتماعي""]}]",evt_afa11b6dcb5b,2026-07-15T19:40:43.965972+00:00
146a98a0e8cbdff3,agadirino,أكاديرينو,"""مسار المستقبل"".. شباب الأحرار يجتمعون في أكادير لرسم معالم المغرب الجديد - agadirino.ma",https://agadirino.ma/2026/06/25/%D9%85%D8%B3%D8%A7%D8%B1-%D8%A7%D9%84%D9%85%D8%B3%D8%AA%D9%82%D8%A8%D9%84-%D8%B4%D8%A8%D8%A7%D8%A8-%D8%A7%D9%84%D8%A3%D8%AD%D8%B1%D8%A7%D8%B1-%D9%8A%D8%AC%D8%AA%D9%85%D8%B9%D9%88%D9%86-%D9%81,Driss Driss,2026-06-24,2026-07-15T19:05:55.352099+00:00,2026-07-16T22:08:46.412508+00:00,ar,تحتضن مدينة أكادير يومي 26 و27 يونيو 2026 فعاليات الدورة السادسة لجامعة الشباب الأحرار، المنظمة تحت شعار: “مسار المستقبل: التزام شبابي من أجل مغرب الانتقال,174,"{""region"": ""سوس ماسة"", ""primary_provinces"": [""أكادير إداوتنان""], ""primary_places"": [""أكادير""], ""secondary_provinces"": [], ""secondary_places"": []}","{""primary"": [{""id"": ""RNI"", ""name"": ""التجمع الوطني للأحرار""}], ""secondary"": []}","{""primary"": [], ""secondary"": []}","{""primary"": [], ""secondary"": []}","{""level"": ""medium"", ""geographic_score"": 4, ""political_score"": 2, ""decision_reason"": ""صلة جغرافية وسياسية مقبولة"", ""geographic_reasons"": [""إقليم رئيسي داخل سوس ماسة"", ""مدينة أو مكان رئيسي داخل سوس ماسة""], ""political_reasons"": [""أحزاب رئيسية: التجمع الوطني للأحرار""], ""accepted"": true}","[{""target_id"": ""RNI"", ""target_type"": ""party"", ""target_name"": ""التجمع الوطني للأحرار"", ""label"": ""neutral"", ""label_ar"": ""محايد أو إخباري"", ""confidence"": ""medium"", ""positive_score"": 0, ""negative_score"": 0, ""mention_count"": 3, ""editorial_segment_count"": 2, ""reported_segment_count"": 1, ""evidence"": []}]",evt_146a98a0e8cb,2026-07-16T22:08:46.412508+00:00
62254cdf57ee1a24,lesiteinfo,LeSiteInfo,"RNI: après Fès et Oujda, Mohamed Chouki poursuit sa tournée à Agadir",https://www.lesiteinfo.com/politique/676952-rni-apres-fes-et-oujda-mohamed-chouki-poursuit-sa-tournee-a-agadir.html,Rédaction N,2026-06-24,2026-07-15T19:13:13.942894+00:00,2026-07-16T21:49:03.433420+00:00,fr,"Le président du Rassemblement national des indépendants (RNI), Mohamed Chouki, est attendu vendredi à Agadir pour prendre part à la sixième édition de l’Université de",336,"{""region"": ""سوس ماسة"", ""primary_provinces"": [""أكادير إداوتنان""], ""primary_places"": [""أكادير""], ""secondary_provinces"": [], ""secondary_places"": []}","{""primary"": [{""id"": ""RNI"", ""name"": ""التجمع الوطني للأحرار""}], ""secondary"": []}","{""primary"": [{""id"": ""person_001"", ""name"": ""عزيز أخنوش"", ""tier"": ""priority""}], ""secondary"": []}","{""primary"": [], ""secondary"": [{""id"": ""party_activity"", ""name"": ""الأنشطة والتنظيمات الحزبية"", ""hits"": [""jeunesse du parti""]}, {""id"": ""government_politics"", ""name"": ""السياسات والحصيلة الحكومية"", ""hits"": [""gouvernement""]}]}","{""level"": ""medium"", ""geographic_score"": 4, ""political_score"": 3, ""decision_reason"": ""صلة جغرافية وسياسية مقبولة"", ""geographic_reasons"": [""إقليم رئيسي داخل سوس ماسة"", ""مدينة أو مكان رئيسي داخل سوس ماسة""], ""political_reasons"": [""أحزاب رئيسية: التجمع الوطني للأحرار"", ""شخصيات رئيسية: عزيز أخنوش""], ""accepted"": true}","[{""target_id"": ""RNI"", ""target_type"": ""party"", ""target_name"": ""التجمع الوطني للأحرار"", ""label"": ""favorable"", ""label_ar"": ""إيجابي أو داعم"", ""confidence"": ""medium"", ""positive_score"": 2, ""negative_score"": 0, ""mention_count"": 6, ""editorial_segment_count"": 4, ""reported_segment_count"": 2, ""evidence"": [""proximité"", ""proximité""]}, {""target_id"": ""person_001"", ""target_type"": ""person"", ""target_name"": ""عزيز أخنوش"", ""label"": ""unclear"", ""label_ar"": ""غير واضح"", ""confidence"": ""low"", ""positive_score"": 1, ""negative_score"": 0, ""mention_count"": 1, ""editorial_segment_count"": 1, ""reported_segment_count"": 0, ""evidence"": [""proximité""]}]",evt_62254cdf57ee,2026-07-15T19:40:43.965972+00:00
cabaf4e92cd4636b,agadirinfo,أكادير أنفو,مجلس المستشارين يصادق بالأغلبية على إعادة تنظيم المجلس الوطني للصحافة - أكادير انفو - Agadir info,https://agadirinfo.ma/132541.html,اكادير انفو,2026-06-14,2026-07-15T19:05:55.352099+00:00,2026-07-15T21:28:33.259955+00:00,ar,خبار بلاديمجلس المستشارين يصادق بالأغلبية على إعادة تنظيم المجلس الوطني للصحافة صادقت لجنة التعليم والشؤون الثقافية والاجتماعية بمجلس المستشارين، اليوم الاثنين، بالأغلبية، على مشروع القانون,156,"{""region"": ""سوس ماسة"", ""primary_provinces"": [""أكادير إداوتنان""], ""primary_places"": [""أكادير""], ""secondary_provinces"": [], ""secondary_places"": []}","{""primary"": [], ""secondary"": []}","{""primary"": [], ""secondary"": []}","{""primary"": [{""id"": ""alliances_conflicts"", ""name"": ""التحالفات والخلافات السياسية"", ""hits"": [""أغلبية"", ""معارضة""]}, {""id"": ""elections"", ""name"": ""الانتخابات والاقتراع"", ""hits"": [""التصويت""]}], ""secondary"": [{""id"": ""political_statements"", ""name"": ""التصريحات والمواقف السياسية"", ""hits"": [""أكد""]}]}","{""level"": ""strong"", ""geographic_score"": 4, ""political_score"": 4, ""decision_reason"": ""صلة جغرافية وسياسية قوية"", ""geographic_reasons"": [""إقليم رئيسي داخل سوس ماسة"", ""مدينة أو مكان رئيسي داخل سوس ماسة""], ""political_reasons"": [""مواضيع سياسية: التحالفات والخلافات السياسية, الانتخابات والاقتراع""], ""accepted"": true}",[],evt_cabaf4e92cd4,2026-07-15T19:40:43.965972+00:00
6c3609546648d23d,agadirino,أكاديرينو,"بحضور قيادات حزبية.. شبيبة ""الأحرار"" بإنزكان آيت ملول تجدد دعمها لعمر أمين وتؤكد على مواصلة التعبئة - agadirino.ma",https://agadirino.ma/2026/06/11/%D8%A8%D8%AD%D8%B6%D9%88%D8%B1-%D9%82%D9%8A%D8%A7%D8%AF%D8%A7%D8%AA-%D8%AD%D8%B2%D8%A8%D9%8A%D8%A9-%D8%B4%D8%A8%D9%8A%D8%A8%D8%A9-%D8%A7%D9%84%D8%A3%D8%AD%D8%B1%D8%A7%D8%B1-%D8%A8%D8%A5%D9%86,Driss Driss,2026-06-10,2026-07-15T19:05:55.352099+00:00,2026-07-16T22:08:46.412508+00:00,ar,احتضن المقر الإقليمي لحزب التجمع الوطني للأحرار بإقليم إنزكان آيت ملول لقاءً تواصلياً نظمته الشبيبة التجمعية، بحضور لحسن السعدي، رئيس الفيدرالية الوطنية للشبيبة التجمعية، ورشيد,186,"{""region"": ""سوس ماسة"", ""primary_provinces"": [""إنزكان أيت ملول""], ""primary_places"": [""أيت ملول"", ""إنزكان""], ""secondary_provinces"": [], ""secondary_places"": []}","{""primary"": [{""id"": ""RNI"", ""name"": ""التجمع الوطني للأحرار""}], ""secondary"": []}","{""primary"": [{""id"": ""person_052"", ""name"": ""عمر أمين"", ""tier"": ""secondary""}, {""id"": ""person_006"", ""name"": ""لحسن السعدي"", ""tier"": ""priority""}, {""id"": ""person_032"", ""name"": ""مصطفى بودرقة"", ""tier"": ""secondary""}], ""secondary"": []}","{""primary"": [], ""secondary"": [{""id"": ""candidacy_nomination"", ""name"": ""الترشح والتزكية"", ""hits"": [""ترشح""]}, {""id"": ""political_statements"", ""name"": ""التصريحات والمواقف السياسية"", ""hits"": [""أكد""]}]}","{""level"": ""medium"", ""geographic_score"": 4, ""political_score"": 3, ""decision_reason"": ""صلة جغرافية وسياسية مقبولة"", ""geographic_reasons"": [""إقليم رئيسي داخل سوس ماسة"", ""مدينة أو مكان رئيسي داخل سوس ماسة""], ""political_reasons"": [""أحزاب رئيسية: التجمع الوطني للأحرار"", ""شخصيات رئيسية: عمر أمين, لحسن السعدي, مصطفى بودرقة""], ""accepted"": true}","[{""target_id"": ""RNI"", ""target_type"": ""party"", ""target_name"": ""التجمع الوطني للأحرار"", ""label"": ""neutral"", ""label_ar"": ""محايد أو إخباري"", ""confidence"": ""medium"", ""positive_score"": 0, ""negative_score"": 0, ""mention_count"": 2, ""editorial_segment_count"": 2, ""reported_segment_count"": 0, ""evidence"": []}, {""target_id"": ""person_052"", ""target_type"": ""person"", ""target_name"": ""عمر أمين"", ""label"": ""neutral"", ""label_ar"": ""محايد أو إخباري"", ""confidence"": ""medium"", ""positive_score"": 0, ""negative_score"": 0, ""mention_count"": 3, ""editorial_segment_count"": 3, ""reported_segment_count"": 0, ""evidence"": []}, {""target_id"": ""person_006"", ""target_type"": ""person"", ""target_name"": ""لحسن السعدي"", ""label"": ""neutral"", ""label_ar"": ""محايد أو إخباري"", ""confidence"": ""low"", ""positive_score"": 0, ""negative_score"": 0, ""mention_count"": 1, ""editorial_segment_count"": 1, ""reported_segment_count"": 0, ""evidence"": []}, {""target_id"": ""person_032"", ""target_type"": ""person"", ""target_name"": ""مصطفى بودرقة"", ""label"": ""neutral"", ""label_ar"": ""محايد أو إخباري"", ""confidence"": ""low"", ""positive_score"": 0, ""negative_score"": 0, ""mention_count"": 1, ""editorial_segment_count"": 1, ""reported_segment_count"": 0, ""evidence"": []}]",evt_6c3609546648,2026-07-16T22:08:46.412508+00:00
d9a056234239440d,agadirino,أكاديرينو,"انتخابات 2026.. ""الأحرار"" يكشف وكلاء لوائحه الانتخابية بجهة سوس ماسة - agadirino.ma",https://agadirino.ma/2026/06/05/%D8%A7%D9%86%D8%AA%D8%AE%D8%A7%D8%A8%D8%A7%D8%AA-2026-%D8%A7%D9%84%D8%A3%D8%AD%D8%B1%D8%A7%D8%B1-%D9%8A%D9%83%D8%B4%D9%81-%D9%88%D9%83%D9%84%D8%A7%D8%A1-%D9%84%D9%88%D8%A7%D8%A6%D8%AD%D9%87,Driss Driss,2026-06-04,2026-07-15T19:05:55.352099+00:00,2026-07-16T22:08:46.412508+00:00,ar,أعلن حزب التجمع الوطني للأحرار، اليوم الجمعة 5 يونيو 2026، عن أسماء وكلاء لوائحه الانتخابية بجهة سوس ماسة، وذلك في إطار استعداداته لخوض الانتخابات التشريعية,156,"{""region"": ""سوس ماسة"", ""primary_provinces"": [""أكادير إداوتنان"", ""إنزكان أيت ملول""], ""primary_places"": [""أكادير"", ""أيت ملول""], ""secondary_provinces"": [""طاطا"", ""اشتوكة أيت باها"", ""تارودانت""], ""secondary_places"": [""ماسة"", ""إنزكان"", ""طاطا"", ""أيت باها"", ""تارودانت""]}","{""primary"": [{""id"": ""RNI"", ""name"": ""التجمع الوطني للأحرار""}], ""secondary"": []}","{""primary"": [{""id"": ""person_006"", ""name"": ""لحسن السعدي"", ""tier"": ""priority""}, {""id"": ""person_052"", ""name"": ""عمر أمين"", ""tier"": ""secondary""}], ""secondary"": [{""id"": ""person_061"", ""name"": ""إسماعيل كرام"", ""tier"": ""secondary""}, {""id"": ""person_084"", ""name"": ""عبد الله غازي"", ""tier"": ""secondary""}]}","{""primary"": [{""id"": ""elections"", ""name"": ""الانتخابات والاقتراع"", ""hits"": [""انتخابات"", ""اللوائح الانتخابية"", ""انتخابية"", ""استحقاقات""]}], ""secondary"": [{""id"": ""political_statements"", ""name"": ""التصريحات والمواقف السياسية"", ""hits"": [""بلاغ""]}, {""id"": ""candidacy_nomination"", ""name"": ""الترشح والتزكية"", ""hits"": [""وكيل اللائحة""]}]}","{""level"": ""strong"", ""geographic_score"": 4, ""political_score"": 6, ""decision_reason"": ""صلة جغرافية وسياسية قوية"", ""geographic_reasons"": [""إقليم رئيسي داخل سوس ماسة"", ""مدينة أو مكان رئيسي داخل سوس ماسة""], ""political_reasons"": [""أحزاب رئيسية: التجمع الوطني للأحرار"", ""شخصيات رئيسية: لحسن السعدي, عمر أمين"", ""مواضيع سياسية: الانتخابات والاقتراع""], ""accepted"": true}","[{""target_id"": ""RNI"", ""target_type"": ""party"", ""target_name"": ""التجمع الوطني للأحرار"", ""label"": ""neutral"", ""label_ar"": ""محايد أو إخباري"", ""confidence"": ""medium"", ""positive_score"": 0, ""negative_score"": 0, ""mention_count"": 4, ""editorial_segment_count"": 2, ""reported_segment_count"": 2, ""evidence"": []}, {""target_id"": ""person_006"", ""target_type"": ""person"", ""target_name"": ""لحسن السعدي"", ""label"": ""neutral"", ""label_ar"": ""محايد أو إخباري"", ""confidence"": ""low"", ""positive_score"": 0, ""negative_score"": 0, ""mention_count"": 1, ""editorial_segment_count"": 0, ""reported_segment_count"": 1, ""evidence"": []}, {""target_id"": ""person_052"", ""target_type"": ""person"", ""target_name"": ""عمر أمين"", ""label"": ""neutral"", ""label_ar"": ""محايد أو إخباري"", ""confidence"": ""low"", ""positive_score"": 0, ""negative_score"": 0, ""mention_count"": 1, ""editorial_segment_count"": 0, ""reported_segment_count"": 1, ""evidence"": []}, {""target_id"": ""person_061"", ""target_type"": ""person"", ""target_name"": ""إسماعيل كرام"", ""label"": ""neutral"", ""label_ar"": ""محايد أو إخباري"", ""confidence"": ""low"", ""positive_score"": 0, ""negative_score"": 0, ""mention_count"": 1, ""editorial_segment_count"": 1, ""reported_segment_count"": 0, ""evidence"": []}, {""target_id"": ""person_084"", ""target_type"": ""person"", ""target_name"": ""عبد الله غازي"", ""label"": ""neutral"", ""label_ar"": ""محايد أو إخباري"", ""confidence"": ""low"", ""positive_score"": 0, ""negative_score"": 0, ""mention_count"": 1, ""editorial_segment_count"": 1, ""reported_segment_count"": 0, ""evidence"": []}]",evt_d9a056234239,2026-07-16T22:08:46.412508+00:00
9287ae682fe12209,taroudantalaan,تارودانت الآن,عبد الصمد قيوح من تارودانت: تعزيز التنمية المجالية في صلب أولويات حزب الاستقلال | تارودانت الآن الإخبارية,https://taroudantalaan.ma/politique/%D8%B9%D8%A8%D8%AF-%D8%A7%D9%84%D8%B5%D9%85%D8%AF-%D9%82%D9%8A%D9%88%D8%AD-%D9%85%D9%86-%D8%AA%D8%A7%D8%B1%D9%88%D8%AF%D8%A7%D9%86%D8%AA-%D8%AA%D8%B9%D8%B2%D9%8A%D8%B2-%D8%A7%D9%84%D8%AA%D9%86%D9%85,تارودانت الآن الإخبارية,2026-06-04,2026-07-15T19:05:55.352099+00:00,2026-07-16T22:08:46.412508+00:00,ar,عقد حزب الاستقلال، اليوم الجمعة 5 يونيو 2026، بمدينة تارودانت، أشغال الدورة العادية لمجلسه الإقليمي، بحضور عدد من أعضاء الحزب ومنتخبيه وفعالياته التنظيمية بالإقليم. وتميز,208,"{""region"": ""سوس ماسة"", ""primary_provinces"": [""تارودانت""], ""primary_places"": [""تارودانت""], ""secondary_provinces"": [], ""secondary_places"": []}","{""primary"": [{""id"": ""PI"", ""name"": ""حزب الاستقلال""}], ""secondary"": []}","{""primary"": [{""id"": ""person_004"", ""name"": ""عبد الصمد قيوح"", ""tier"": ""priority""}, {""id"": ""person_005"", ""name"": ""زينب قيوح"", ""tier"": ""priority""}, {""id"": ""person_015"", ""name"": ""عبد العزيز البهجة"", ""tier"": ""priority""}], ""secondary"": []}","{""primary"": [], ""secondary"": [{""id"": ""political_statements"", ""name"": ""التصريحات والمواقف السياسية"", ""hits"": [""أكد""]}]}","{""level"": ""medium"", ""geographic_score"": 4, ""political_score"": 3, ""decision_reason"": ""صلة جغرافية وسياسية مقبولة"", ""geographic_reasons"": [""إقليم رئيسي داخل سوس ماسة"", ""مدينة أو مكان رئيسي داخل سوس ماسة""], ""political_reasons"": [""أحزاب رئيسية: حزب الاستقلال"", ""شخصيات رئيسية: عبد الصمد قيوح, زينب قيوح, عبد العزيز البهجة""], ""accepted"": true}","[{""target_id"": ""PI"", ""target_type"": ""party"", ""target_name"": ""حزب الاستقلال"", ""label"": ""neutral"", ""label_ar"": ""محايد أو إخباري"", ""confidence"": ""medium"", ""positive_score"": 0, ""negative_score"": 0, ""mention_count"": 2, ""editorial_segment_count"": 2, ""reported_segment_count"": 0, ""evidence"": []}, {""target_id"": ""person_004"", ""target_type"": ""person"", ""target_name"": ""عبد الصمد قيوح"", ""label"": ""neutral"", ""label_ar"": ""محايد أو إخباري"", ""confidence"": ""medium"", ""positive_score"": 0, ""negative_score"": 0, ""mention_count"": 3, ""editorial_segment_count"": 3, ""reported_segment_count"": 0, ""evidence"": []}, {""target_id"": ""person_005"", ""target_type"": ""person"", ""target_name"": ""زينب قيوح"", ""label"": ""neutral"", ""label_ar"": ""محايد أو إخباري"", ""confidence"": ""low"", ""positive_score"": 0, ""negative_score"": 0, ""mention_count"": 1, ""editorial_segment_count"": 1, ""reported_segment_count"": 0, ""evidence"": []}, {""target_id"": ""person_015"", ""target_type"": ""person"", ""target_name"": ""عبد العزيز البهجة"", ""label"": ""neutral"", ""label_ar"": ""محايد أو إخباري"", ""confidence"": ""low"", ""positive_score"": 0, ""negative_score"": 0, ""mention_count"": 1, ""editorial_segment_count"": 1, ""reported_segment_count"": 0, ""evidence"": []}]",evt_9287ae682fe1,2026-07-16T22:08:46.412508+00:00
80d97ec439c89abe,machahid,مشاهد,الاستقلال يحسم رئاسة مجموعتين.. ويعزز حضوره بتدبير قطاع حفظ الصحة باشتوكة أيت باها,https://machahid.info/367790.html,ع ف,2026-05-06,2026-07-15T18:54:30.124058+01:00,2026-07-15T19:06:19.945226+01:00,ar,بعد 4 ساعات من التداول، استطاعت لطيفة ويداين عن حزب الاستقلال، من الفوز برئاسة مجموعة جماعات “تادوسي” لحفظ الصحة بإقليم اشتوكة أيت باها بعد أن…,192,"{""region"": ""سوس ماسة"", ""primary_provinces"": [""اشتوكة أيت باها""], ""primary_places"": [], ""secondary_provinces"": [], ""secondary_places"": []}","{""primary"": [{""id"": ""RNI"", ""name"": ""التجمع الوطني للأحرار""}, {""id"": ""PI"", ""name"": ""حزب الاستقلال""}], ""secondary"": []}","{""primary"": [{""name"": ""لطيفة ويداين"", ""tier"": ""secondary"", ""province"": ""اشتوكة أيت باها""}], ""secondary"": []}","{""primary"": [{""id"": ""elected_councils"", ""name"": ""المجالس المنتخبة والتدبير المحلي""}], ""secondary"": [{""id"": ""elections"", ""name"": ""الانتخابات والاقتراع""}, {""id"": ""candidacy_nomination"", ""name"": ""الترشح والتزكية""}, {""id"": ""alliances_conflicts"", ""name"": ""التحالفات والخلافات السياسية""}, {""id"": ""political_statements"", ""name"": ""التصريحات والمواقف السياسية""}]}","{""level"": ""strong"", ""geographic_score"": 4, ""political_score"": 7, ""decision_reason"": ""صلة جغرافية وسياسية قوية"", ""geographic_reasons"": [""إقليم أو مكان رئيسي داخل سوس ماسة"", ""شخصية جهوية أو محلية: لطيفة ويداين""], ""political_reasons"": [""أحزاب رئيسية: التجمع الوطني للأحرار، حزب الاستقلال"", ""موضوع سياسي رئيسي: المجالس المنتخبة والتدبير المحلي"", ""وجود شخصية سياسية معروفة""], ""accepted"": true}","[{""target_id"": ""RNI"", ""target_type"": ""party"", ""target_name"": ""التجمع الوطني للأحرار"", ""label"": ""neutral"", ""label_ar"": ""محايد أو إخباري"", ""confidence"": ""low"", ""positive_score"": 0, ""negative_score"": 0, ""mention_count"": 2, ""editorial_segment_count"": 2, ""reported_segment_count"": 0, ""evidence"": []}, {""target_id"": ""PI"", ""target_type"": ""party"", ""target_name"": ""حزب الاستقلال"", ""label"": ""favorable"", ""label_ar"": ""إيجابي أو داعم"", ""confidence"": ""high"", ""positive_score"": 6, ""negative_score"": 0, ""mention_count"": 7, ""editorial_segment_count"": 6, ""reported_segment_count"": 1, ""evidence"": [{""location"": ""title"", ""positive_terms"": [""يحسم"", ""يعزز حضوره""], ""negative_terms"": [], ""reported_statement"": false}]}, {""target_id"": ""person_072"", ""target_type"": ""person"", ""target_name"": ""لطيفة ويداين"", ""label"": ""neutral"", ""label_ar"": ""محايد أو إخباري"", ""confidence"": ""low"", ""positive_score"": 0, ""negative_score"": 0, ""mention_count"": 1, ""editorial_segment_count"": 1, ""reported_segment_count"": 0, ""evidence"": []}]",evt_80d97ec439c8,2026-07-15T19:21:12.873514+01:00
a29b8de27ca6e7e6,taroudantalaan,تارودانت الآن,أولاد تايمة تحتضن لقاء تواصليا لمنتخبي حزب “البام” حول حصيلة التدبير الترابي وتحديات المرحلة | تارودانت الآن الإخبارية,https://taroudantalaan.ma/politique/%D8%A3%D9%88%D9%84%D8%A7%D8%AF-%D8%AA%D8%A7%D9%8A%D9%85%D8%A9-%D8%AA%D8%AD%D8%AA%D8%B6%D9%86-%D9%84%D9%82%D8%A7%D8%A1-%D8%AA%D9%88%D8%A7%D8%B5%D9%84%D9%8A%D8%A7-%D9%84%D9%85%D9%86%D8%AA%D8%AE%D8%A8,تارودانت الآن الإخبارية,2026-04-15,2026-07-15T19:05:55.352099+00:00,2026-07-16T22:08:46.412508+00:00,ar,في سياق الدينامية التنظيمية المتواصلة التي يشهدها حزب الأصالة والمعاصرة، وتنزيلا لاختياراته الرامية إلى ترسيخ سياسة القرب وتعزيز آليات التواصل مع المواطنات والمواطنين، تنظم الأمانة,314,"{""region"": ""سوس ماسة"", ""primary_provinces"": [""تارودانت""], ""primary_places"": [""أولاد تايمة"", ""تارودانت""], ""secondary_provinces"": [], ""secondary_places"": []}","{""primary"": [{""id"": ""PAM"", ""name"": ""حزب الأصالة والمعاصرة""}], ""secondary"": []}","{""primary"": [], ""secondary"": []}","{""primary"": [{""id"": ""political_statements"", ""name"": ""التصريحات والمواقف السياسية"", ""hits"": [""بلاغ"", ""أكد""]}], ""secondary"": []}","{""level"": ""strong"", ""geographic_score"": 4, ""political_score"": 4, ""decision_reason"": ""صلة جغرافية وسياسية قوية"", ""geographic_reasons"": [""إقليم رئيسي داخل سوس ماسة"", ""مدينة أو مكان رئيسي داخل سوس ماسة""], ""political_reasons"": [""أحزاب رئيسية: حزب الأصالة والمعاصرة"", ""مواضيع سياسية: التصريحات والمواقف السياسية""], ""accepted"": true}","[{""target_id"": ""PAM"", ""target_type"": ""party"", ""target_name"": ""حزب الأصالة والمعاصرة"", ""label"": ""neutral"", ""label_ar"": ""محايد أو إخباري"", ""confidence"": ""medium"", ""positive_score"": 0, ""negative_score"": 0, ""mention_count"": 3, ""editorial_segment_count"": 1, ""reported_segment_count"": 2, ""evidence"": []}]",evt_a29b8de27ca6,2026-07-16T22:08:46.412508+00:00
a9ccbe367f5ae197,tiznit24,تيزنيت24,مجلس مجموعة الجماعات الترابية “تيزنيت الكبرى” يصادق بالإجماع على نقاط دورة فبراير 2026,https://tiznit24.com/?p=191124,,2026-02-26,2026-07-15T19:05:55.352099+00:00,2026-07-16T21:49:03.433420+00:00,ar,طبقا لمقتضيات القانون التنظيمي رقم 112.14 المتعلق بالعمالات والأقاليم، والقانون التنظيمي رقم 113.14 المتعلق بالجماعات. عقد مجلس مجموعة الجماعات الترابية “تيزنيت الكبرى” يومه الخميس 26,162,"{""region"": ""سوس ماسة"", ""primary_provinces"": [""اشتوكة أيت باها""], ""primary_places"": [""ماسة""], ""secondary_provinces"": [], ""secondary_places"": []}","{""primary"": [], ""secondary"": []}","{""primary"": [], ""secondary"": []}","{""primary"": [{""id"": ""elected_councils"", ""name"": ""المجالس المنتخبة والتدبير المحلي"", ""hits"": [""مجموعة الجماعات""]}], ""secondary"": [{""id"": ""alliances_conflicts"", ""name"": ""التحالفات والخلافات السياسية"", ""hits"": [""أغلبية""]}]}","{""level"": ""medium"", ""geographic_score"": 4, ""political_score"": 2, ""decision_reason"": ""صلة جغرافية وسياسية مقبولة"", ""geographic_reasons"": [""إقليم رئيسي داخل سوس ماسة"", ""مدينة أو مكان رئيسي داخل سوس ماسة""], ""political_reasons"": [""مواضيع سياسية: المجالس المنتخبة والتدبير المحلي""], ""accepted"": true}",[],evt_a9ccbe367f5a,2026-07-15T19:40:43.965972+00:00
0506ac1dc64779b1,taroudantalaan,تارودانت الآن,تارودانت.. المجلس الإقليمي لحزب التقدم والاشتراكية يناقش الأوضاع الوطنية والتنظيمية | تارودانت الآن الإخبارية,https://taroudantalaan.ma/politique/%D8%AA%D8%A7%D8%B1%D9%88%D8%AF%D8%A7%D9%86%D8%AA-%D8%A7%D9%84%D9%85%D8%AC%D9%84%D8%B3-%D8%A7%D9%84%D8%A5%D9%82%D9%84%D9%8A%D9%85%D9%8A-%D9%84%D8%AD%D8%B2%D8%A8-%D8%A7%D9%84%D8%AA%D9%82%D8%AF%D9%85,تارودانت الآن الإخبارية,2026-02-08,2026-07-15T19:05:55.352099+00:00,2026-07-16T22:08:46.412508+00:00,ar,انعقد صباح أمس الأحد 8 فبراير 2026 المجلس الإقليمي لحزب التقدم والاشتراكية بإقليم تارودانت، تحت إشراف عضوة المكتب السياسي للحزب، خديجة الباز، وبحضور عبد الله,187,"{""region"": ""سوس ماسة"", ""primary_provinces"": [""تارودانت""], ""primary_places"": [""تارودانت""], ""secondary_provinces"": [], ""secondary_places"": []}","{""primary"": [{""id"": ""PPS"", ""name"": ""حزب التقدم والاشتراكية""}], ""secondary"": []}","{""primary"": [{""id"": ""person_079"", ""name"": ""عبد الله أفلا"", ""tier"": ""secondary""}], ""secondary"": []}","{""primary"": [{""id"": ""elected_councils"", ""name"": ""المجالس المنتخبة والتدبير المحلي"", ""hits"": [""المجلس الإقليمي""]}], ""secondary"": [{""id"": ""elections"", ""name"": ""الانتخابات والاقتراع"", ""hits"": [""استحقاقات""]}]}","{""level"": ""strong"", ""geographic_score"": 4, ""political_score"": 5, ""decision_reason"": ""صلة جغرافية وسياسية قوية"", ""geographic_reasons"": [""إقليم رئيسي داخل سوس ماسة"", ""مدينة أو مكان رئيسي داخل سوس ماسة""], ""political_reasons"": [""أحزاب رئيسية: حزب التقدم والاشتراكية"", ""شخصيات رئيسية: عبد الله أفلا"", ""مواضيع سياسية: المجالس المنتخبة والتدبير المحلي""], ""accepted"": true}","[{""target_id"": ""PPS"", ""target_type"": ""party"", ""target_name"": ""حزب التقدم والاشتراكية"", ""label"": ""neutral"", ""label_ar"": ""محايد أو إخباري"", ""confidence"": ""medium"", ""positive_score"": 0, ""negative_score"": 0, ""mention_count"": 3, ""editorial_segment_count"": 2, ""reported_segment_count"": 1, ""evidence"": []}, {""target_id"": ""person_079"", ""target_type"": ""person"", ""target_name"": ""عبد الله أفلا"", ""label"": ""neutral"", ""label_ar"": ""محايد أو إخباري"", ""confidence"": ""low"", ""positive_score"": 0, ""negative_score"": 0, ""mention_count"": 1, ""editorial_segment_count"": 1, ""reported_segment_count"": 0, ""evidence"": []}]",evt_0506ac1dc647,2026-07-16T22:08:46.412508+00:00
5ee6a764a42b4b51,agadirinfo,أكادير أنفو,بالفيديو : مدرسة المجاهدين بأكادير … لقاء تواصلي ناجح وانخراط في تعزيز علاقة المدرسة والأسرة في خدمة تلميذ هذا الوطن - أكادير انفو - Agadir info,https://agadirinfo.ma/128280.html,اكادير انفو,2026-01-12,2026-07-15T19:05:55.352099+00:00,2026-07-15T21:28:33.259955+00:00,ar,أكادير انفو TVبالفيديو : مدرسة المجاهدين بأكادير … لقاء تواصلي ناجح وانخراط في تعزيز علاقة المدرسة والأسرة في خدمة تلميذ هذا الوطن جمعت المحطة الثانية,108,"{""region"": ""سوس ماسة"", ""primary_provinces"": [""أكادير إداوتنان""], ""primary_places"": [""أكادير""], ""secondary_provinces"": [], ""secondary_places"": []}","{""primary"": [], ""secondary"": []}","{""primary"": [], ""secondary"": []}","{""primary"": [{""id"": ""party_activity"", ""name"": ""الأنشطة والتنظيمات الحزبية"", ""hits"": [""لقاء تواصلي""]}], ""secondary"": []}","{""level"": ""medium"", ""geographic_score"": 4, ""political_score"": 3, ""decision_reason"": ""صلة جغرافية وسياسية مقبولة"", ""geographic_reasons"": [""إقليم رئيسي داخل سوس ماسة"", ""مدينة أو مكان رئيسي داخل سوس ماسة""], ""political_reasons"": [""مواضيع سياسية: الأنشطة والتنظيمات الحزبية""], ""accepted"": true}",[],evt_5ee6a764a42b,2026-07-15T19:40:43.965972+00:00
955651b178bac35f,taroudantalaan,تارودانت الآن,استعدادا للانتخابات.. أخنوش يحل بإقليم تارودانت لإصلاح أعطاب المنسق الجهوي.. استنجد بالبهجة ويزور الحاج بودلال بأولاد تايمة | تارودانت الآن الإخبارية,https://taroudantalaan.ma/politique/%D8%A7%D8%B3%D8%AA%D8%B9%D8%AF%D8%A7%D8%AF%D8%A7-%D9%84%D9%84%D8%A7%D9%86%D8%AA%D8%AE%D8%A7%D8%A8%D8%A7%D8%AA-%D8%A3%D8%AE%D9%86%D9%88%D8%B4-%D9%8A%D8%AD%D9%84-%D8%A8%D8%A5%D9%82%D9%84%D9%8A%D9%85,تارودانت الآن الإخبارية,2025-06-19,2026-07-15T19:05:55.352099+00:00,2026-07-16T22:08:46.412508+00:00,ar,حلّ عزيز أخنوش، رئيس حزب التجمع الوطني للأحرار، صباح اليوم الجمعة، بمدينة أولاد برحيل، حيث قام بزيارة إلى منزل القيادي البارز والبرلماني السابق حاميد البهجة،,262,"{""region"": ""سوس ماسة"", ""primary_provinces"": [""تارودانت""], ""primary_places"": [""أولاد تايمة"", ""تارودانت""], ""secondary_provinces"": [""اشتوكة أيت باها""], ""secondary_places"": [""أولاد برحيل"", ""ماسة""]}","{""primary"": [{""id"": ""RNI"", ""name"": ""التجمع الوطني للأحرار""}], ""secondary"": []}","{""primary"": [{""id"": ""person_001"", ""name"": ""عزيز أخنوش"", ""tier"": ""priority""}, {""id"": ""person_003"", ""name"": ""كريم أشنكلي"", ""tier"": ""priority""}], ""secondary"": []}","{""primary"": [{""id"": ""elections"", ""name"": ""الانتخابات والاقتراع"", ""hits"": [""انتخابات"", ""الاستحقاقات""]}], ""secondary"": [{""id"": ""elected_councils"", ""name"": ""المجالس المنتخبة والتدبير المحلي"", ""hits"": [""المجلس الجماعي"", ""مجلس الجهة""]}, {""id"": ""resignation_defection"", ""name"": ""الاستقالة وتغيير الانتماء"", ""hits"": [""استقالة""]}, {""id"": ""alliances_conflicts"", ""name"": ""التحالفات والخلافات السياسية"", ""hits"": [""صراع""]}, {""id"": ""government_politics"", ""name"": ""السياسات والحصيلة الحكومية"", ""hits"": [""رئيس الحكومة""]}]}","{""level"": ""strong"", ""geographic_score"": 4, ""political_score"": 6, ""decision_reason"": ""صلة جغرافية وسياسية قوية"", ""geographic_reasons"": [""إقليم رئيسي داخل سوس ماسة"", ""مدينة أو مكان رئيسي داخل سوس ماسة""], ""political_reasons"": [""أحزاب رئيسية: التجمع الوطني للأحرار"", ""شخصيات رئيسية: عزيز أخنوش, كريم أشنكلي"", ""مواضيع سياسية: الانتخابات والاقتراع""], ""accepted"": true}","[{""target_id"": ""RNI"", ""target_type"": ""party"", ""target_name"": ""التجمع الوطني للأحرار"", ""label"": ""neutral"", ""label_ar"": ""محايد أو إخباري"", ""confidence"": ""medium"", ""positive_score"": 0, ""negative_score"": 0, ""mention_count"": 2, ""editorial_segment_count"": 1, ""reported_segment_count"": 1, ""evidence"": []}, {""target_id"": ""person_001"", ""target_type"": ""person"", ""target_name"": ""عزيز أخنوش"", ""label"": ""neutral"", ""label_ar"": ""محايد أو إخباري"", ""confidence"": ""medium"", ""positive_score"": 0, ""negative_score"": 0, ""mention_count"": 4, ""editorial_segment_count"": 3, ""reported_segment_count"": 1, ""evidence"": []}, {""target_id"": ""person_003"", ""target_type"": ""person"", ""target_name"": ""كريم أشنكلي"", ""label"": ""neutral"", ""label_ar"": ""محايد أو إخباري"", ""confidence"": ""low"", ""positive_score"": 0, ""negative_score"": 0, ""mention_count"": 1, ""editorial_segment_count"": 0, ""reported_segment_count"": 1, ""evidence"": []}]",evt_955651b178ba,2026-07-16T22:08:46.412508+00:00
c1f62dbeb8707d6a,taroudantalaan,تارودانت الآن,جماعة توغمرت تحت الحصار السياسي: السلطة تتدخل والمشاريع تتعطل | تارودانت الآن الإخبارية,https://taroudantalaan.ma/politique/%D8%AC%D9%85%D8%A7%D8%B9%D8%A9-%D8%AA%D9%88%D8%BA%D9%85%D8%B1%D8%AA-%D8%AA%D8%AD%D8%AA-%D8%A7%D9%84%D8%AD%D8%B5%D8%A7%D8%B1-%D8%A7%D9%84%D8%B3%D9%8A%D8%A7%D8%B3%D9%8A-%D8%A7%D9%84%D8%B3%D9%84%D8%B7,تارودانت الآن الإخبارية,2025-05-08,2026-07-15T19:05:55.352099+00:00,2026-07-16T22:08:46.412508+00:00,ar,شهدت جماعة توغمرت، التابعة لإقليم تارودانت، صباح يوم الأربعاء 7 ماي 2025، انعقاد الدورة العادية للمجلس الجماعي في أجواء استثنائية، تميّزت بالحضور الأمني والرفض الجماعي,268,"{""region"": ""سوس ماسة"", ""primary_provinces"": [""تارودانت""], ""primary_places"": [""تارودانت""], ""secondary_provinces"": [], ""secondary_places"": []}","{""primary"": [{""id"": ""RNI"", ""name"": ""التجمع الوطني للأحرار""}], ""secondary"": []}","{""primary"": [], ""secondary"": []}","{""primary"": [], ""secondary"": [{""id"": ""elections"", ""name"": ""الانتخابات والاقتراع"", ""hits"": [""التصويت""]}, {""id"": ""elected_councils"", ""name"": ""المجالس المنتخبة والتدبير المحلي"", ""hits"": [""رئيس الجماعة""]}]}","{""level"": ""medium"", ""geographic_score"": 4, ""political_score"": 2, ""decision_reason"": ""صلة جغرافية وسياسية مقبولة"", ""geographic_reasons"": [""إقليم رئيسي داخل سوس ماسة"", ""مدينة أو مكان رئيسي داخل سوس ماسة""], ""political_reasons"": [""أحزاب رئيسية: التجمع الوطني للأحرار""], ""accepted"": true}","[{""target_id"": ""RNI"", ""target_type"": ""party"", ""target_name"": ""التجمع الوطني للأحرار"", ""label"": ""neutral"", ""label_ar"": ""محايد أو إخباري"", ""confidence"": ""low"", ""positive_score"": 0, ""negative_score"": 0, ""mention_count"": 1, ""editorial_segment_count"": 1, ""reported_segment_count"": 0, ""evidence"": []}]",evt_c1f62dbeb870,2026-07-16T22:08:46.412508+00:00
78373d1d12860315,taroudantalaan,تارودانت الآن,أولاد تايمة… حزب الأصالة والمعاصرة يفتح آفاق التمكين السياسي والاقتصادي أمام المرأة | تارودانت الآن الإخبارية,https://taroudantalaan.ma/politique/%D8%A3%D9%88%D9%84%D8%A7%D8%AF-%D8%AA%D8%A7%D9%8A%D9%85%D8%A9-%D8%AD%D8%B2%D8%A8-%D8%A7%D9%84%D8%A3%D8%B5%D8%A7%D9%84%D8%A9-%D9%88%D8%A7%D9%84%D9%85%D8%B9%D8%A7%D8%B5%D8%B1%D8%A9-%D9%8A%D9%81%D8%AA,تارودانت الآن الإخبارية,2025-04-26,2026-07-15T19:05:55.352099+00:00,2026-07-16T22:08:46.412508+00:00,ar,في إطار تعزيز قدرات النساء وتمكينهن، نظم المكتب الجهوي لمنظمة نساء الأصالة والمعاصرة بجهة سوس ماسة، بشراكة مع الأمانة المحلية للحزب بأولاد تايمة (اللجنة النسائية)،,157,"{""region"": ""سوس ماسة"", ""primary_provinces"": [""تارودانت""], ""primary_places"": [""أولاد تايمة"", ""تارودانت""], ""secondary_provinces"": [""اشتوكة أيت باها""], ""secondary_places"": [""ماسة""]}","{""primary"": [{""id"": ""PAM"", ""name"": ""حزب الأصالة والمعاصرة""}, {""id"": ""PI"", ""name"": ""حزب الاستقلال""}], ""secondary"": []}","{""primary"": [], ""secondary"": [{""id"": ""person_016"", ""name"": ""أحمد أوزيك"", ""tier"": ""priority""}]}","{""primary"": [], ""secondary"": []}","{""level"": ""medium"", ""geographic_score"": 4, ""political_score"": 2, ""decision_reason"": ""صلة جغرافية وسياسية مقبولة"", ""geographic_reasons"": [""إقليم رئيسي داخل سوس ماسة"", ""مدينة أو مكان رئيسي داخل سوس ماسة""], ""political_reasons"": [""أحزاب رئيسية: حزب الأصالة والمعاصرة, حزب الاستقلال""], ""accepted"": true}","[{""target_id"": ""PAM"", ""target_type"": ""party"", ""target_name"": ""حزب الأصالة والمعاصرة"", ""label"": ""neutral"", ""label_ar"": ""محايد أو إخباري"", ""confidence"": ""medium"", ""positive_score"": 0, ""negative_score"": 0, ""mention_count"": 2, ""editorial_segment_count"": 1, ""reported_segment_count"": 1, ""evidence"": []}, {""target_id"": ""PI"", ""target_type"": ""party"", ""target_name"": ""حزب الاستقلال"", ""label"": ""neutral"", ""label_ar"": ""محايد أو إخباري"", ""confidence"": ""low"", ""positive_score"": 0, ""negative_score"": 0, ""mention_count"": 0, ""editorial_segment_count"": 0, ""reported_segment_count"": 0, ""evidence"": []}, {""target_id"": ""person_016"", ""target_type"": ""person"", ""target_name"": ""أحمد أوزيك"", ""label"": ""neutral"", ""label_ar"": ""محايد أو إخباري"", ""confidence"": ""low"", ""positive_score"": 0, ""negative_score"": 0, ""mention_count"": 1, ""editorial_segment_count"": 1, ""reported_segment_count"": 0, ""evidence"": []}]",evt_78373d1d1286,2026-07-16T22:08:46.412508+00:00
e858558345fbc300,taroudantalaan,تارودانت الآن,تارودانت: حزب الاستقلال يناقش تحديات الإقليم ويستعد للاستحقاقات المقبلة | تارودانت الآن الإخبارية,https://taroudantalaan.ma/politique/%D8%AA%D8%A7%D8%B1%D9%88%D8%AF%D8%A7%D9%86%D8%AA-%D8%AD%D8%B2%D8%A8-%D8%A7%D9%84%D8%A7%D8%B3%D8%AA%D9%82%D9%84%D8%A7%D9%84-%D9%8A%D9%86%D8%A7%D9%82%D8%B4-%D8%AA%D8%AD%D8%AF%D9%8A%D8%A7%D8%AA-%D8%A7,تارودانت الآن الإخبارية,2025-04-26,2026-07-15T19:05:55.352099+00:00,2026-07-16T22:08:46.412508+00:00,ar,عقد حزب الاستقلال بتارودانت، صباح اليوم الأحد 27 أبريل 2025، دورته العادية للمجلس الإقليمي، بقاعة شهرمان، تحت شعار: “تقوية المسار الديمقراطي رهين بتخليق الحياة العامة”،,213,"{""region"": ""سوس ماسة"", ""primary_provinces"": [""تارودانت""], ""primary_places"": [""تارودانت""], ""secondary_provinces"": [""اشتوكة أيت باها""], ""secondary_places"": [""ماسة""]}","{""primary"": [{""id"": ""PI"", ""name"": ""حزب الاستقلال""}], ""secondary"": []}","{""primary"": [{""id"": ""person_004"", ""name"": ""عبد الصمد قيوح"", ""tier"": ""priority""}, {""id"": ""person_015"", ""name"": ""عبد العزيز البهجة"", ""tier"": ""priority""}], ""secondary"": []}","{""primary"": [{""id"": ""elections"", ""name"": ""الانتخابات والاقتراع"", ""hits"": [""استحقاقات"", ""الاستحقاقات الانتخابية"", ""الاستحقاقات""]}], ""secondary"": [{""id"": ""elected_councils"", ""name"": ""المجالس المنتخبة والتدبير المحلي"", ""hits"": [""المجلس الإقليمي""]}, {""id"": ""political_statements"", ""name"": ""التصريحات والمواقف السياسية"", ""hits"": [""أكد""]}]}","{""level"": ""strong"", ""geographic_score"": 4, ""political_score"": 6, ""decision_reason"": ""صلة جغرافية وسياسية قوية"", ""geographic_reasons"": [""إقليم رئيسي داخل سوس ماسة"", ""مدينة أو مكان رئيسي داخل سوس ماسة""], ""political_reasons"": [""أحزاب رئيسية: حزب الاستقلال"", ""شخصيات رئيسية: عبد الصمد قيوح, عبد العزيز البهجة"", ""مواضيع سياسية: الانتخابات والاقتراع""], ""accepted"": true}","[{""target_id"": ""PI"", ""target_type"": ""party"", ""target_name"": ""حزب الاستقلال"", ""label"": ""neutral"", ""label_ar"": ""محايد أو إخباري"", ""confidence"": ""medium"", ""positive_score"": 0, ""negative_score"": 0, ""mention_count"": 2, ""editorial_segment_count"": 1, ""reported_segment_count"": 1, ""evidence"": []}, {""target_id"": ""person_004"", ""target_type"": ""person"", ""target_name"": ""عبد الصمد قيوح"", ""label"": ""neutral"", ""label_ar"": ""محايد أو إخباري"", ""confidence"": ""medium"", ""positive_score"": 0, ""negative_score"": 0, ""mention_count"": 2, ""editorial_segment_count"": 1, ""reported_segment_count"": 1, ""evidence"": []}, {""target_id"": ""person_015"", ""target_type"": ""person"", ""target_name"": ""عبد العزيز البهجة"", ""label"": ""neutral"", ""label_ar"": ""محايد أو إخباري"", ""confidence"": ""low"", ""positive_score"": 0, ""negative_score"": 0, ""mention_count"": 1, ""editorial_segment_count"": 1, ""reported_segment_count"": 0, ""evidence"": []}]",evt_e858558345fb,2026-07-16T22:08:46.412508+00:00
f7147fc622ac00c1,taroudantalaan,تارودانت الآن,تارودانت تحتضن الدورة الربيعية للمجلس الإقليمي لحزب الاستقلال برئاسة عبد الصمد قيوح | تارودانت الآن الإخبارية,https://taroudantalaan.ma/politique/%D8%AA%D8%A7%D8%B1%D9%88%D8%AF%D8%A7%D9%86%D8%AA-%D8%AA%D8%AD%D8%AA%D8%B6%D9%86-%D8%A7%D9%84%D8%AF%D9%88%D8%B1%D8%A9-%D8%A7%D9%84%D8%B1%D8%A8%D9%8A%D8%B9%D9%8A%D8%A9-%D9%84%D9%84%D9%85%D8%AC%D9%84,تارودانت الآن الإخبارية,2025-04-23,2026-07-15T19:05:55.352099+00:00,2026-07-16T22:08:46.412508+00:00,ar,في إطار الدينامية التنظيمية لحزب الاستقلال وتعزيز حضوره الترابي، تستعد مدينة تارودانت لاحتضان أشغال الدورة العادية للمجلس الإقليمي للحزب، وذلك يوم الأحد 27 أبريل 2025،,180,"{""region"": ""سوس ماسة"", ""primary_provinces"": [""تارودانت""], ""primary_places"": [""تارودانت""], ""secondary_provinces"": [], ""secondary_places"": []}","{""primary"": [{""id"": ""PI"", ""name"": ""حزب الاستقلال""}], ""secondary"": []}","{""primary"": [{""id"": ""person_004"", ""name"": ""عبد الصمد قيوح"", ""tier"": ""priority""}], ""secondary"": []}","{""primary"": [], ""secondary"": [{""id"": ""elections"", ""name"": ""الانتخابات والاقتراع"", ""hits"": [""الاستحقاقات""]}]}","{""level"": ""medium"", ""geographic_score"": 4, ""political_score"": 3, ""decision_reason"": ""صلة جغرافية وسياسية مقبولة"", ""geographic_reasons"": [""إقليم رئيسي داخل سوس ماسة"", ""مدينة أو مكان رئيسي داخل سوس ماسة""], ""political_reasons"": [""أحزاب رئيسية: حزب الاستقلال"", ""شخصيات رئيسية: عبد الصمد قيوح""], ""accepted"": true}","[{""target_id"": ""PI"", ""target_type"": ""party"", ""target_name"": ""حزب الاستقلال"", ""label"": ""neutral"", ""label_ar"": ""محايد أو إخباري"", ""confidence"": ""medium"", ""positive_score"": 0, ""negative_score"": 0, ""mention_count"": 4, ""editorial_segment_count"": 3, ""reported_segment_count"": 1, ""evidence"": []}, {""target_id"": ""person_004"", ""target_type"": ""person"", ""target_name"": ""عبد الصمد قيوح"", ""label"": ""neutral"", ""label_ar"": ""محايد أو إخباري"", ""confidence"": ""medium"", ""positive_score"": 0, ""negative_score"": 0, ""mention_count"": 2, ""editorial_segment_count"": 1, ""reported_segment_count"": 1, ""evidence"": []}]",evt_f7147fc622ac,2026-07-16T22:08:46.412508+00:00
8d55b97935546875,taroudantalaan,تارودانت الآن,تارودانت.. صراع بحزب البام يدفع رئيس جماعة سيدي دحمان لتقديم استقالته من الحزب | تارودانت الآن الإخبارية,https://taroudantalaan.ma/politique/%D8%AA%D8%A7%D8%B1%D9%88%D8%AF%D8%A7%D9%86%D8%AA-%D8%B5%D8%B1%D8%A7%D8%B9-%D8%A8%D8%AD%D8%B2%D8%A8-%D8%A7%D9%84%D8%A8%D8%A7%D9%85-%D9%8A%D8%AF%D9%81%D8%B9-%D8%B1%D8%A6%D9%8A%D8%B3-%D8%AC%D9%85%D8%A7,تارودانت الآن الإخبارية,2024-11-26,2026-07-15T19:05:55.352099+00:00,2026-07-16T22:08:46.412508+00:00,ar,يعيش حزب الأصالة والمعاصرة بإقليم تارودانت صراعات داخلية، دفعت العديد من أعضائه الفاعلين لتقديم استقالاتهم من الحزب، بعدما أصبح بحسبهم حزب تابع لعائلة معينة تتحكم,390,"{""region"": ""سوس ماسة"", ""primary_provinces"": [""تارودانت""], ""primary_places"": [""تارودانت""], ""secondary_provinces"": [""إنزكان أيت ملول"", ""اشتوكة أيت باها""], ""secondary_places"": [""أيت ملول"", ""إنزكان"", ""ماسة""]}","{""primary"": [{""id"": ""PAM"", ""name"": ""حزب الأصالة والمعاصرة""}], ""secondary"": []}","{""primary"": [{""id"": ""person_014"", ""name"": ""حميد وهبي"", ""tier"": ""priority""}], ""secondary"": [{""id"": ""person_002"", ""name"": ""عبد اللطيف وهبي"", ""tier"": ""priority""}]}","{""primary"": [{""id"": ""resignation_defection"", ""name"": ""الاستقالة وتغيير الانتماء"", ""hits"": [""استقالته"", ""قدم استقالته"", ""استقالة""]}, {""id"": ""alliances_conflicts"", ""name"": ""التحالفات والخلافات السياسية"", ""hits"": [""صراع""]}], ""secondary"": [{""id"": ""elected_councils"", ""name"": ""المجالس المنتخبة والتدبير المحلي"", ""hits"": [""مجلس الجهة"", ""رئيس الجماعة""]}]}","{""level"": ""strong"", ""geographic_score"": 4, ""political_score"": 6, ""decision_reason"": ""صلة جغرافية وسياسية قوية"", ""geographic_reasons"": [""إقليم رئيسي داخل سوس ماسة"", ""مدينة أو مكان رئيسي داخل سوس ماسة""], ""political_reasons"": [""أحزاب رئيسية: حزب الأصالة والمعاصرة"", ""شخصيات رئيسية: حميد وهبي"", ""مواضيع سياسية: الاستقالة وتغيير الانتماء, التحالفات والخلافات السياسية""], ""accepted"": true}","[{""target_id"": ""PAM"", ""target_type"": ""party"", ""target_name"": ""حزب الأصالة والمعاصرة"", ""label"": ""neutral"", ""label_ar"": ""محايد أو إخباري"", ""confidence"": ""medium"", ""positive_score"": 0, ""negative_score"": 0, ""mention_count"": 4, ""editorial_segment_count"": 2, ""reported_segment_count"": 2, ""evidence"": []}, {""target_id"": ""person_014"", ""target_type"": ""person"", ""target_name"": ""حميد وهبي"", ""label"": ""neutral"", ""label_ar"": ""محايد أو إخباري"", ""confidence"": ""low"", ""positive_score"": 0, ""negative_score"": 0, ""mention_count"": 1, ""editorial_segment_count"": 0, ""reported_segment_count"": 1, ""evidence"": []}, {""target_id"": ""person_002"", ""target_type"": ""person"", ""target_name"": ""عبد اللطيف وهبي"", ""label"": ""neutral"", ""label_ar"": ""محايد أو إخباري"", ""confidence"": ""low"", ""positive_score"": 0, ""negative_score"": 0, ""mention_count"": 1, ""editorial_segment_count"": 0, ""reported_segment_count"": 1, ""evidence"": []}]",evt_8d55b9793554,2026-07-16T22:08:46.412508+00:00
67a87854c9baab1d,taroudantalaan,تارودانت الآن,ذكرى المسيرة الخضراء.. نساء حزب الاصالة والمعاصرة بجهة سوس ماسة يحتفين بالملحمة الوطنية,https://taroudantalaan.ma/politique/%D8%B0%D9%83%D8%B1%D9%89-%D8%A7%D9%84%D9%85%D8%B3%D9%8A%D8%B1%D8%A9-%D8%A7%D9%84%D8%AE%D8%B6%D8%B1%D8%A7%D8%A1-%D9%86%D8%B3%D8%A7%D8%A1-%D8%AD%D8%B2%D8%A8-%D8%A7%D9%84%D8%A7%D8%B5%D8%A7%D9%84%D8%A9,تارودانت الآن الإخبارية,2024-11-10,2026-07-15T19:05:55.352099+00:00,2026-07-16T22:08:46.412508+00:00,ar,تخليدا للذكرى ال49 للمسيرة الخضراء، نظم المكتب الجهوي لمنظمة نساء الاصالة والمعاصرة بتنسيق مع الأمانة الإقليمية لتارودانت، احتفال بهذه المناسبة، يوم أمس السبت 9 نونبر,256,"{""region"": ""سوس ماسة"", ""primary_provinces"": [""تارودانت""], ""primary_places"": [""تارودانت""], ""secondary_provinces"": [""اشتوكة أيت باها""], ""secondary_places"": [""ماسة""]}","{""primary"": [{""id"": ""PAM"", ""name"": ""حزب الأصالة والمعاصرة""}], ""secondary"": []}","{""primary"": [], ""secondary"": []}","{""primary"": [], ""secondary"": []}","{""level"": ""medium"", ""geographic_score"": 4, ""political_score"": 2, ""decision_reason"": ""صلة جغرافية وسياسية مقبولة"", ""geographic_reasons"": [""إقليم رئيسي داخل سوس ماسة"", ""مدينة أو مكان رئيسي داخل سوس ماسة""], ""political_reasons"": [""أحزاب رئيسية: حزب الأصالة والمعاصرة""], ""accepted"": true}","[{""target_id"": ""PAM"", ""target_type"": ""party"", ""target_name"": ""حزب الأصالة والمعاصرة"", ""label"": ""neutral"", ""label_ar"": ""محايد أو إخباري"", ""confidence"": ""medium"", ""positive_score"": 0, ""negative_score"": 0, ""mention_count"": 3, ""editorial_segment_count"": 2, ""reported_segment_count"": 1, ""evidence"": []}]",evt_67a87854c9ba,2026-07-16T22:08:46.412508+00:00
80090a53c4a90cfb,snrtnews,SNRTnews,"ترشيد النفقات عنوان ""الميركاتو"" والأندية تراهن على اللاعبين الأحرار",https://snrtnews.com/article/156108,,2021-04-07,2026-08-02T15:48:10.378494+00:00,2026-08-02T15:48:10.378494+00:00,ar,"رياضة ترشيد النفقات عنوان ""الميركاتو"" والأندية تراهن على اللاعبين الأحرار 02/08/2026 - 15:12 رضى زروقعلى غير العادة، لا تشهد فترة الانتقالات الصيفية الحالية في البطولة",604,"{""region"": ""سوس ماسة"", ""primary_provinces"": [""أكادير إداوتنان""], ""primary_places"": [""أكادير""], ""secondary_provinces"": [], ""secondary_places"": []}","{""primary"": [{""id"": ""RNI"", ""name"": ""التجمع الوطني للأحرار""}], ""secondary"": []}","{""primary"": [], ""secondary"": []}","{""primary"": [], ""secondary"": []}","{""level"": ""medium"", ""geographic_score"": 4, ""political_score"": 2, ""decision_reason"": ""صلة جغرافية وسياسية مقبولة"", ""geographic_reasons"": [""إقليم رئيسي داخل سوس ماسة"", ""مدينة أو مكان رئيسي داخل سوس ماسة""], ""political_reasons"": [""أحزاب رئيسية: التجمع الوطني للأحرار""], ""accepted"": true}","[{""target_id"": ""RNI"", ""target_type"": ""party"", ""target_name"": ""التجمع الوطني للأحرار"", ""label"": ""neutral"", ""label_ar"": ""محايد أو إخباري"", ""confidence"": ""medium"", ""positive_score"": 0, ""negative_score"": 0, ""mention_count"": 2, ""editorial_segment_count"": 1, ""reported_segment_count"": 1, ""evidence"": []}]",evt_80090a53c4a9,2026-08-02T15:48:10.378494+00:00
15a218fa8abff402,snrtnews,SNRTnews,إعداد مشروع قانون مالية 2027.. مشاريع تستحضر مونديال 2030,https://snrtnews.com/article/156537,,2021-04-07,2026-08-07T04:14:20.309848+00:00,2026-08-07T04:14:20.309848+00:00,ar,اقتصاد إعداد مشروع قانون مالية 2027.. مشاريع تستحضر مونديال 2030 06/08/2026 - 22:41 مراد كراخيلم يعد تنظيم كأس العالم لكرة القدم 2030 في المغرب، إلى,484,"{""region"": ""سوس ماسة"", ""primary_provinces"": [""أكادير إداوتنان""], ""primary_places"": [""أكادير""], ""secondary_provinces"": [], ""secondary_places"": []}","{""primary"": [], ""secondary"": []}","{""primary"": [], ""secondary"": []}","{""primary"": [{""id"": ""government_politics"", ""name"": ""السياسات والحصيلة الحكومية"", ""hits"": [""مشروع قانون""]}], ""secondary"": []}","{""level"": ""medium"", ""geographic_score"": 4, ""political_score"": 2, ""decision_reason"": ""صلة جغرافية وسياسية مقبولة"", ""geographic_reasons"": [""إقليم رئيسي داخل سوس ماسة"", ""مدينة أو مكان رئيسي داخل سوس ماسة""], ""political_reasons"": [""مواضيع سياسية: السياسات والحصيلة الحكومية""], ""accepted"": true}",[],evt_15a218fa8abf,2026-08-07T04:14:20.309848+00:00
